[{"qualities": [0, 0, 0, 0, 1, 0, 0, 0, 0, 0], "pitch": 101, "note": 80852, "instrument_source_str": "acoustic", "velocity": 50, "instrument_str": "brass_acoustic_046", "instrument": 414, "sample_rate": 16000, "qualities_str": ["long_release"], "instrument_source": 0, "note_str": "brass_acoustic_046-101-050", "instrument_family": 1, "instrument_family_str": "brass"}, {"qualities": [0, 0, 0, 0, 0, 0, 0, 0, 1, 0], "pitch": 62, "note": 27009, "instrument_source_str": "acoustic", "velocity": 127, "instrument_str": "brass_acoustic_015", "instrument": 121, "sample_rate": 16000, "qualities_str": ["reverb"], "instrument_source": 0, "note_str": "brass_acoustic_015-062-127", "instrument_family": 1, "instrument_family_str": "brass"}, {"qualities": [0, 0, 0, 0, 0, 0, 0, 0, 1, 0], "pitch": 27, "note": 13362, "instrument_source_str": "acoustic", "velocity": 100, "instrument_str": "brass_acoustic_006", "instrument": 43, "sample_rate": 16000, "qualities_str": ["reverb"], "instrument_source": 0, "note_str": "brass_acoustic_006-027-100", "instrument_family": 1, "instrument_family_str": "brass"}, {"qualities": [0, 0, 0, 0, 1, 0, 0, 0, 0, 0], "pitch": 98, "note": 16913, "instrument_source_str": "acoustic", "velocity": 75, "instrument_str": "brass_acoustic_046", "instrument": 414, "sample_rate": 16000, "qualities_str": ["long_release"], "instrument_source": 0, "note_str": "brass_acoustic_046-098-075", "instrument_family": 1, "instrument_family_str": "brass"}, {"qualities": [0, 0, 0, 0, 0, 0, 0, 0, 1, 0], "pitch": 59, "note": 71990, "instrument_source_str": "acoustic", "velocity": 75, "instrument_str": "brass_acoustic_059", "instrument": 572, "sample_rate": 16000, "qualities_str": ["reverb"], "instrument_source": 0, "note_str": "brass_acoustic_059-059-075", "instrument_family": 1, "instrument_family_str": "brass"}, {"qualities": [0, 0, 0, 0, 0, 0, 0, 0, 0, 0], "pitch": 53, "note": 66306, "instrument_source_str": "acoustic", "velocity": 127, "instrument_str": "brass_acoustic_046", "instrument": 414, "sample_rate": 16000, "qualities_str": [], "instrument_source": 0, "note_str": "brass_acoustic_046-053-127", "instrument_family": 1, "instrument_family_str": "brass"}, {"qualities": [0, 0, 0, 0, 0, 0, 0, 0, 1, 0], "pitch": 49, "note": 82389, "instrument_source_str": "acoustic", "velocity": 75, "instrument_str": "brass_acoustic_006", "instrument": 43, "sample_rate": 16000, "qualities_str": ["reverb"], "instrument_source": 0, "note_str": "brass_acoustic_006-049-075", "instrument_family": 1, "instrument_family_str": "brass"}, {"qualities": [0, 0, 0, 0, 0, 0, 0, 0, 1, 0], "pitch": 45, "note": 61608, "instrument_source_str": "acoustic", "velocity": 50, "instrument_str": "brass_acoustic_006", "instrument": 43, "sample_rate": 16000, "qualities_str": ["reverb"], "instrument_source": 0, "note_str": "brass_acoustic_006-045-050", "instrument_family": 1, "instrument_family_str": "brass"}, {"qualities": [0, 0, 0, 0, 0, 0, 0, 0, 1, 0], "pitch": 25, "note": 18611, "instrument_source_str": "acoustic", "velocity": 25, "instrument_str": "brass_acoustic_006", "instrument": 43, "sample_rate": 16000, "qualities_str": ["reverb"], "instrument_source": 0, "note_str": "brass_acoustic_006-025-025", "instrument_family": 1, "instrument_family_str": "brass"}, {"qualities": [0, 0, 0, 0, 0, 0, 0, 0, 1, 0], "pitch": 43, "note": 94698, "instrument_source_str": "acoustic", "velocity": 127, "instrument_str": "brass_acoustic_059", "instrument": 572, "sample_rate": 16000, "qualities_str": ["reverb"], "instrument_source": 0, "note_str": "brass_acoustic_059-043-127", "instrument_family": 1, "instrument_family_str": "brass"}, {"qualities": [0, 0, 0, 0, 0, 0, 0, 0, 1, 0], "pitch": 40, "note": 43183, "instrument_source_str": "acoustic", "velocity": 50, "instrument_str": "brass_acoustic_006", "instrument": 43, "sample_rate": 16000, "qualities_str": ["reverb"], "instrument_source": 0, "note_str": "brass_acoustic_006-040-050", "instrument_family": 1, "instrument_family_str": "brass"}, {"qualities": [1, 0, 0, 0, 0, 0, 0, 0, 0, 0], "pitch": 65, "note": 72973, "instrument_source_str": "acoustic", "velocity": 100, "instrument_str": "brass_acoustic_046", "instrument": 414, "sample_rate": 16000, "qualities_str": ["bright"], "instrument_source": 0, "note_str": "brass_acoustic_046-065-100", "instrument_family": 1, "instrument_family_str": "brass"}, {"qualities": [0, 0, 0, 0, 0, 0, 0, 0, 1, 0], "pitch": 74, "note": 5422, "instrument_source_str": "acoustic", "velocity": 25, "instrument_str": "brass_acoustic_006", "instrument": 43, "sample_rate": 16000, "qualities_str": ["reverb"], "instrument_source": 0, "note_str": "brass_acoustic_006-074-025", "instrument_family": 1, "instrument_family_str": "brass"}, {"qualities": [0, 0, 0, 0, 1, 0, 0, 0, 0, 0], "pitch": 100, "note": 25062, "instrument_source_str": "acoustic", "velocity": 25, "instrument_str": "brass_acoustic_046", "instrument": 414, "sample_rate": 16000, "qualities_str": ["long_release"], "instrument_source": 0, "note_str": "brass_acoustic_046-100-025", "instrument_family": 1, "instrument_family_str": "brass"}, {"qualities": [1, 0, 0, 0, 0, 0, 0, 0, 0, 0], "pitch": 66, "note": 40308, "instrument_source_str": "acoustic", "velocity": 127, "instrument_str": "brass_acoustic_016", "instrument": 128, "sample_rate": 16000, "qualities_str": ["bright"], "instrument_source": 0, "note_str": "brass_acoustic_016-066-127", "instrument_family": 1, "instrument_family_str": "brass"}, {"qualities": [1, 0, 0, 0, 0, 0, 0, 0, 0, 0], "pitch": 64, "note": 76958, "instrument_source_str": "acoustic", "velocity": 100, "instrument_str": "brass_acoustic_016", "instrument": 128, "sample_rate": 16000, "qualities_str": ["bright"], "instrument_source": 0, "note_str": "brass_acoustic_016-064-100", "instrument_family": 1, "instrument_family_str": "brass"}, {"qualities": [0, 0, 0, 0, 1, 0, 0, 0, 1, 0], "pitch": 39, "note": 84323, "instrument_source_str": "acoustic", "velocity": 25, "instrument_str": "brass_acoustic_006", "instrument": 43, "sample_rate": 16000, "qualities_str": ["long_release", "reverb"], "instrument_source": 0, "note_str": "brass_acoustic_006-039-025", "instrument_family": 1, "instrument_family_str": "brass"}, {"qualities": [1, 0, 0, 0, 0, 0, 0, 0, 0, 0], "pitch": 79, "note": 31086, "instrument_source_str": "acoustic", "velocity": 75, "instrument_str": "brass_acoustic_016", "instrument": 128, "sample_rate": 16000, "qualities_str": ["bright"], "instrument_source": 0, "note_str": "brass_acoustic_016-079-075", "instrument_family": 1, "instrument_family_str": "brass"}, {"qualities": [0, 0, 0, 0, 0, 0, 0, 0, 1, 0], "pitch": 51, "note": 31186, "instrument_source_str": "acoustic", "velocity": 75, "instrument_str": "brass_acoustic_015", "instrument": 121, "sample_rate": 16000, "qualities_str": ["reverb"], "instrument_source": 0, "note_str": "brass_acoustic_015-051-075", "instrument_family": 1, "instrument_family_str": "brass"}, {"qualities": [0, 0, 0, 0, 0, 0, 0, 0, 1, 0], "pitch": 59, "note": 89282, "instrument_source_str": "acoustic", "velocity": 25, "instrument_str": "brass_acoustic_015", "instrument": 121, "sample_rate": 16000, "qualities_str": ["reverb"], "instrument_source": 0, "note_str": "brass_acoustic_015-059-025", "instrument_family": 1, "instrument_family_str": "brass"}, {"qualities": [0, 0, 0, 0, 0, 0, 0, 0, 1, 0], "pitch": 50, "note": 83144, "instrument_source_str": "acoustic", "velocity": 100, "instrument_str": "brass_acoustic_006", "instrument": 43, "sample_rate": 16000, "qualities_str": ["reverb"], "instrument_source": 0, "note_str": "brass_acoustic_006-050-100", "instrument_family": 1, "instrument_family_str": "brass"}, {"qualities": [0, 0, 0, 0, 0, 0, 0, 0, 1, 0], "pitch": 31, "note": 19359, "instrument_source_str": "acoustic", "velocity": 127, "instrument_str": "brass_acoustic_006", "instrument": 43, "sample_rate": 16000, "qualities_str": ["reverb"], "instrument_source": 0, "note_str": "brass_acoustic_006-031-127", "instrument_family": 1, "instrument_family_str": "brass"}, {"qualities": [0, 1, 0, 0, 0, 0, 0, 0, 1, 0], "pitch": 46, "note": 77138, "instrument_source_str": "acoustic", "velocity": 25, "instrument_str": "brass_acoustic_059", "instrument": 572, "sample_rate": 16000, "qualities_str": ["dark", "reverb"], "instrument_source": 0, "note_str": "brass_acoustic_059-046-025", "instrument_family": 1, "instrument_family_str": "brass"}, {"qualities": [0, 0, 0, 0, 0, 0, 0, 0, 1, 0], "pitch": 49, "note": 51353, "instrument_source_str": "acoustic", "velocity": 50, "instrument_str": "brass_acoustic_015", "instrument": 121, "sample_rate": 16000, "qualities_str": ["reverb"], "instrument_source": 0, "note_str": "brass_acoustic_015-049-050", "instrument_family": 1, "instrument_family_str": "brass"}, {"qualities": [0, 0, 0, 0, 0, 0, 0, 0, 1, 0], "pitch": 39, "note": 85095, "instrument_source_str": "acoustic", "velocity": 127, "instrument_str": "brass_acoustic_059", "instrument": 572, "sample_rate": 16000, "qualities_str": ["reverb"], "instrument_source": 0, "note_str": "brass_acoustic_059-039-127", "instrument_family": 1, "instrument_family_str": "brass"}, {"qualities": [0, 0, 0, 0, 1, 0, 0, 0, 0, 0], "pitch": 94, "note": 49879, "instrument_source_str": "acoustic", "velocity": 100, "instrument_str": "brass_acoustic_046", "instrument": 414, "sample_rate": 16000, "qualities_str": ["long_release"], "instrument_source": 0, "note_str": "brass_acoustic_046-094-100", "instrument_family": 1, "instrument_family_str": "brass"}, {"qualities": [0, 0, 0, 0, 0, 0, 0, 0, 1, 0], "pitch": 47, "note": 16581, "instrument_source_str": "acoustic", "velocity": 100, "instrument_str": "brass_acoustic_015", "instrument": 121, "sample_rate": 16000, "qualities_str": ["reverb"], "instrument_source": 0, "note_str": "brass_acoustic_015-047-100", "instrument_family": 1, "instrument_family_str": "brass"}, {"qualities": [0, 0, 0, 0, 0, 0, 0, 0, 1, 0], "pitch": 65, "note": 45889, "instrument_source_str": "acoustic", "velocity": 127, "instrument_str": "brass_acoustic_006", "instrument": 43, "sample_rate": 16000, "qualities_str": ["reverb"], "instrument_source": 0, "note_str": "brass_acoustic_006-065-127", "instrument_family": 1, "instrument_family_str": "brass"}, {"qualities": [0, 0, 0, 0, 1, 0, 0, 0, 0, 0], "pitch": 93, "note": 49906, "instrument_source_str": "acoustic", "velocity": 75, "instrument_str": "brass_acoustic_046", "instrument": 414, "sample_rate": 16000, "qualities_str": ["long_release"], "instrument_source": 0, "note_str": "brass_acoustic_046-093-075", "instrument_family": 1, "instrument_family_str": "brass"}, {"qualities": [0, 0, 0, 0, 0, 0, 0, 0, 1, 0], "pitch": 74, "note": 5254, "instrument_source_str": "acoustic", "velocity": 100, "instrument_str": "brass_acoustic_006", "instrument": 43, "sample_rate": 16000, "qualities_str": ["reverb"], "instrument_source": 0, "note_str": "brass_acoustic_006-074-100", "instrument_family": 1, "instrument_family_str": "brass"}, {"qualities": [0, 0, 0, 0, 0, 0, 0, 0, 1, 0], "pitch": 87, "note": 48876, "instrument_source_str": "acoustic", "velocity": 100, "instrument_str": "brass_acoustic_006", "instrument": 43, "sample_rate": 16000, "qualities_str": ["reverb"], "instrument_source": 0, "note_str": "brass_acoustic_006-087-100", "instrument_family": 1, "instrument_family_str": "brass"}, {"qualities": [0, 0, 0, 0, 1, 0, 0, 0, 0, 0], "pitch": 87, "note": 74436, "instrument_source_str": "acoustic", "velocity": 127, "instrument_str": "brass_acoustic_046", "instrument": 414, "sample_rate": 16000, "qualities_str": ["long_release"], "instrument_source": 0, "note_str": "brass_acoustic_046-087-127", "instrument_family": 1, "instrument_family_str": "brass"}, {"qualities": [0, 0, 0, 0, 1, 0, 0, 0, 1, 0], "pitch": 62, "note": 64137, "instrument_source_str": "acoustic", "velocity": 50, "instrument_str": "brass_acoustic_006", "instrument": 43, "sample_rate": 16000, "qualities_str": ["long_release", "reverb"], "instrument_source": 0, "note_str": "brass_acoustic_006-062-050", "instrument_family": 1, "instrument_family_str": "brass"}, {"qualities": [1, 0, 0, 0, 0, 0, 0, 0, 0, 0], "pitch": 64, "note": 38059, "instrument_source_str": "acoustic", "velocity": 127, "instrument_str": "brass_acoustic_046", "instrument": 414, "sample_rate": 16000, "qualities_str": ["bright"], "instrument_source": 0, "note_str": "brass_acoustic_046-064-127", "instrument_family": 1, "instrument_family_str": "brass"}, {"qualities": [0, 0, 0, 0, 0, 0, 0, 0, 1, 0], "pitch": 43, "note": 29993, "instrument_source_str": "acoustic", "velocity": 50, "instrument_str": "brass_acoustic_006", "instrument": 43, "sample_rate": 16000, "qualities_str": ["reverb"], "instrument_source": 0, "note_str": "brass_acoustic_006-043-050", "instrument_family": 1, "instrument_family_str": "brass"}, {"qualities": [0, 0, 0, 0, 1, 0, 0, 0, 0, 0], "pitch": 93, "note": 81455, "instrument_source_str": "acoustic", "velocity": 50, "instrument_str": "brass_acoustic_046", "instrument": 414, "sample_rate": 16000, "qualities_str": ["long_release"], "instrument_source": 0, "note_str": "brass_acoustic_046-093-050", "instrument_family": 1, "instrument_family_str": "brass"}, {"qualities": [0, 0, 0, 0, 0, 0, 0, 0, 1, 0], "pitch": 65, "note": 67948, "instrument_source_str": "acoustic", "velocity": 50, "instrument_str": "brass_acoustic_006", "instrument": 43, "sample_rate": 16000, "qualities_str": ["reverb"], "instrument_source": 0, "note_str": "brass_acoustic_006-065-050", "instrument_family": 1, "instrument_family_str": "brass"}, {"qualities": [1, 0, 0, 0, 0, 0, 0, 0, 0, 0], "pitch": 58, "note": 80625, "instrument_source_str": "acoustic", "velocity": 25, "instrument_str": "brass_acoustic_016", "instrument": 128, "sample_rate": 16000, "qualities_str": ["bright"], "instrument_source": 0, "note_str": "brass_acoustic_016-058-025", "instrument_family": 1, "instrument_family_str": "brass"}, {"qualities": [0, 0, 0, 0, 0, 0, 0, 0, 1, 0], "pitch": 47, "note": 40747, "instrument_source_str": "acoustic", "velocity": 50, "instrument_str": "brass_acoustic_015", "instrument": 121, "sample_rate": 16000, "qualities_str": ["reverb"], "instrument_source": 0, "note_str": "brass_acoustic_015-047-050", "instrument_family": 1, "instrument_family_str": "brass"}, {"qualities": [0, 0, 0, 0, 0, 0, 0, 0, 1, 0], "pitch": 48, "note": 1085, "instrument_source_str": "acoustic", "velocity": 25, "instrument_str": "brass_acoustic_006", "instrument": 43, "sample_rate": 16000, "qualities_str": ["reverb"], "instrument_source": 0, "note_str": "brass_acoustic_006-048-025", "instrument_family": 1, "instrument_family_str": "brass"}, {"qualities": [0, 0, 0, 0, 0, 0, 0, 0, 1, 0], "pitch": 52, "note": 26837, "instrument_source_str": "acoustic", "velocity": 25, "instrument_str": "brass_acoustic_015", "instrument": 121, "sample_rate": 16000, "qualities_str": ["reverb"], "instrument_source": 0, "note_str": "brass_acoustic_015-052-025", "instrument_family": 1, "instrument_family_str": "brass"}, {"qualities": [0, 0, 0, 0, 0, 0, 0, 0, 1, 0], "pitch": 40, "note": 14010, "instrument_source_str": "acoustic", "velocity": 127, "instrument_str": "brass_acoustic_006", "instrument": 43, "sample_rate": 16000, "qualities_str": ["reverb"], "instrument_source": 0, "note_str": "brass_acoustic_006-040-127", "instrument_family": 1, "instrument_family_str": "brass"}, {"qualities": [0, 0, 0, 0, 0, 0, 0, 0, 1, 0], "pitch": 30, "note": 42155, "instrument_source_str": "acoustic", "velocity": 75, "instrument_str": "brass_acoustic_006", "instrument": 43, "sample_rate": 16000, "qualities_str": ["reverb"], "instrument_source": 0, "note_str": "brass_acoustic_006-030-075", "instrument_family": 1, "instrument_family_str": "brass"}, {"qualities": [0, 0, 0, 0, 1, 0, 0, 0, 0, 0], "pitch": 105, "note": 30088, "instrument_source_str": "acoustic", "velocity": 50, "instrument_str": "brass_acoustic_046", "instrument": 414, "sample_rate": 16000, "qualities_str": ["long_release"], "instrument_source": 0, "note_str": "brass_acoustic_046-105-050", "instrument_family": 1, "instrument_family_str": "brass"}, {"qualities": [0, 0, 0, 0, 0, 0, 0, 0, 1, 0], "pitch": 66, "note": 44032, "instrument_source_str": "acoustic", "velocity": 100, "instrument_str": "brass_acoustic_006", "instrument": 43, "sample_rate": 16000, "qualities_str": ["reverb"], "instrument_source": 0, "note_str": "brass_acoustic_006-066-100", "instrument_family": 1, "instrument_family_str": "brass"}, {"qualities": [0, 0, 0, 0, 0, 0, 0, 0, 1, 0], "pitch": 60, "note": 49955, "instrument_source_str": "acoustic", "velocity": 127, "instrument_str": "brass_acoustic_015", "instrument": 121, "sample_rate": 16000, "qualities_str": ["reverb"], "instrument_source": 0, "note_str": "brass_acoustic_015-060-127", "instrument_family": 1, "instrument_family_str": "brass"}, {"qualities": [0, 0, 0, 0, 0, 0, 0, 0, 1, 0], "pitch": 59, "note": 93753, "instrument_source_str": "acoustic", "velocity": 127, "instrument_str": "brass_acoustic_015", "instrument": 121, "sample_rate": 16000, "qualities_str": ["reverb"], "instrument_source": 0, "note_str": "brass_acoustic_015-059-127", "instrument_family": 1, "instrument_family_str": "brass"}, {"qualities": [0, 0, 0, 0, 0, 0, 0, 0, 1, 0], "pitch": 69, "note": 35336, "instrument_source_str": "acoustic", "velocity": 25, "instrument_str": "brass_acoustic_006", "instrument": 43, "sample_rate": 16000, "qualities_str": ["reverb"], "instrument_source": 0, "note_str": "brass_acoustic_006-069-025", "instrument_family": 1, "instrument_family_str": "brass"}, {"qualities": [0, 0, 0, 0, 1, 0, 0, 0, 0, 0], "pitch": 97, "note": 8314, "instrument_source_str": "acoustic", "velocity": 100, "instrument_str": "brass_acoustic_046", "instrument": 414, "sample_rate": 16000, "qualities_str": ["long_release"], "instrument_source": 0, "note_str": "brass_acoustic_046-097-100", "instrument_family": 1, "instrument_family_str": "brass"}, {"qualities": [0, 0, 0, 0, 0, 0, 0, 0, 0, 0], "pitch": 57, "note": 90316, "instrument_source_str": "acoustic", "velocity": 127, "instrument_str": "brass_acoustic_016", "instrument": 128, "sample_rate": 16000, "qualities_str": [], "instrument_source": 0, "note_str": "brass_acoustic_016-057-127", "instrument_family": 1, "instrument_family_str": "brass"}, {"qualities": [0, 1, 0, 0, 0, 0, 0, 0, 1, 0], "pitch": 45, "note": 37534, "instrument_source_str": "acoustic", "velocity": 50, "instrument_str": "brass_acoustic_059", "instrument": 572, "sample_rate": 16000, "qualities_str": ["dark", "reverb"], "instrument_source": 0, "note_str": "brass_acoustic_059-045-050", "instrument_family": 1, "instrument_family_str": "brass"}, {"qualities": [0, 0, 0, 0, 1, 0, 0, 0, 0, 0], "pitch": 101, "note": 65630, "instrument_source_str": "acoustic", "velocity": 75, "instrument_str": "brass_acoustic_046", "instrument": 414, "sample_rate": 16000, "qualities_str": ["long_release"], "instrument_source": 0, "note_str": "brass_acoustic_046-101-075", "instrument_family": 1, "instrument_family_str": "brass"}, {"qualities": [0, 0, 0, 0, 0, 0, 0, 0, 1, 0], "pitch": 56, "note": 27863, "instrument_source_str": "acoustic", "velocity": 25, "instrument_str": "brass_acoustic_015", "instrument": 121, "sample_rate": 16000, "qualities_str": ["reverb"], "instrument_source": 0, "note_str": "brass_acoustic_015-056-025", "instrument_family": 1, "instrument_family_str": "brass"}, {"qualities": [0, 0, 0, 0, 0, 0, 0, 0, 0, 0], "pitch": 79, "note": 33612, "instrument_source_str": "acoustic", "velocity": 100, "instrument_str": "brass_acoustic_046", "instrument": 414, "sample_rate": 16000, "qualities_str": [], "instrument_source": 0, "note_str": "brass_acoustic_046-079-100", "instrument_family": 1, "instrument_family_str": "brass"}, {"qualities": [0, 0, 0, 0, 0, 0, 0, 0, 1, 0], "pitch": 73, "note": 19205, "instrument_source_str": "acoustic", "velocity": 75, "instrument_str": "brass_acoustic_006", "instrument": 43, "sample_rate": 16000, "qualities_str": ["reverb"], "instrument_source": 0, "note_str": "brass_acoustic_006-073-075", "instrument_family": 1, "instrument_family_str": "brass"}, {"qualities": [0, 0, 0, 0, 0, 0, 0, 0, 1, 0], "pitch": 58, "note": 93075, "instrument_source_str": "acoustic", "velocity": 50, "instrument_str": "brass_acoustic_015", "instrument": 121, "sample_rate": 16000, "qualities_str": ["reverb"], "instrument_source": 0, "note_str": "brass_acoustic_015-058-050", "instrument_family": 1, "instrument_family_str": "brass"}, {"qualities": [0, 0, 0, 0, 0, 0, 0, 0, 1, 0], "pitch": 30, "note": 93199, "instrument_source_str": "acoustic", "velocity": 100, "instrument_str": "brass_acoustic_006", "instrument": 43, "sample_rate": 16000, "qualities_str": ["reverb"], "instrument_source": 0, "note_str": "brass_acoustic_006-030-100", "instrument_family": 1, "instrument_family_str": "brass"}, {"qualities": [0, 0, 0, 0, 0, 0, 0, 0, 1, 0], "pitch": 79, "note": 79457, "instrument_source_str": "acoustic", "velocity": 127, "instrument_str": "brass_acoustic_006", "instrument": 43, "sample_rate": 16000, "qualities_str": ["reverb"], "instrument_source": 0, "note_str": "brass_acoustic_006-079-127", "instrument_family": 1, "instrument_family_str": "brass"}, {"qualities": [0, 0, 0, 0, 1, 0, 0, 0, 0, 0], "pitch": 104, "note": 69577, "instrument_source_str": "acoustic", "velocity": 25, "instrument_str": "brass_acoustic_046", "instrument": 414, "sample_rate": 16000, "qualities_str": ["long_release"], "instrument_source": 0, "note_str": "brass_acoustic_046-104-025", "instrument_family": 1, "instrument_family_str": "brass"}, {"qualities": [1, 0, 0, 0, 0, 0, 0, 0, 0, 0], "pitch": 59, "note": 77336, "instrument_source_str": "acoustic", "velocity": 127, "instrument_str": "brass_acoustic_046", "instrument": 414, "sample_rate": 16000, "qualities_str": ["bright"], "instrument_source": 0, "note_str": "brass_acoustic_046-059-127", "instrument_family": 1, "instrument_family_str": "brass"}, {"qualities": [1, 0, 0, 0, 0, 0, 0, 0, 0, 0], "pitch": 84, "note": 9753, "instrument_source_str": "acoustic", "velocity": 100, "instrument_str": "brass_acoustic_016", "instrument": 128, "sample_rate": 16000, "qualities_str": ["bright"], "instrument_source": 0, "note_str": "brass_acoustic_016-084-100", "instrument_family": 1, "instrument_family_str": "brass"}, {"qualities": [1, 0, 0, 0, 0, 0, 0, 0, 0, 0], "pitch": 67, "note": 66184, "instrument_source_str": "acoustic", "velocity": 75, "instrument_str": "brass_acoustic_046", "instrument": 414, "sample_rate": 16000, "qualities_str": ["bright"], "instrument_source": 0, "note_str": "brass_acoustic_046-067-075", "instrument_family": 1, "instrument_family_str": "brass"}, {"qualities": [0, 0, 0, 0, 1, 0, 0, 0, 0, 0], "pitch": 91, "note": 87595, "instrument_source_str": "acoustic", "velocity": 25, "instrument_str": "brass_acoustic_046", "instrument": 414, "sample_rate": 16000, "qualities_str": ["long_release"], "instrument_source": 0, "note_str": "brass_acoustic_046-091-025", "instrument_family": 1, "instrument_family_str": "brass"}, {"qualities": [0, 0, 0, 0, 0, 0, 0, 0, 1, 0], "pitch": 48, "note": 95682, "instrument_source_str": "acoustic", "velocity": 127, "instrument_str": "brass_acoustic_006", "instrument": 43, "sample_rate": 16000, "qualities_str": ["reverb"], "instrument_source": 0, "note_str": "brass_acoustic_006-048-127", "instrument_family": 1, "instrument_family_str": "brass"}, {"qualities": [0, 0, 0, 0, 0, 0, 0, 0, 1, 0], "pitch": 68, "note": 81440, "instrument_source_str": "acoustic", "velocity": 50, "instrument_str": "brass_acoustic_006", "instrument": 43, "sample_rate": 16000, "qualities_str": ["reverb"], "instrument_source": 0, "note_str": "brass_acoustic_006-068-050", "instrument_family": 1, "instrument_family_str": "brass"}, {"qualities": [0, 0, 0, 0, 0, 0, 0, 0, 0, 0], "pitch": 70, "note": 18217, "instrument_source_str": "acoustic", "velocity": 50, "instrument_str": "brass_acoustic_046", "instrument": 414, "sample_rate": 16000, "qualities_str": [], "instrument_source": 0, "note_str": "brass_acoustic_046-070-050", "instrument_family": 1, "instrument_family_str": "brass"}, {"qualities": [1, 0, 0, 0, 0, 0, 0, 0, 0, 0], "pitch": 67, "note": 67723, "instrument_source_str": "acoustic", "velocity": 127, "instrument_str": "brass_acoustic_016", "instrument": 128, "sample_rate": 16000, "qualities_str": ["bright"], "instrument_source": 0, "note_str": "brass_acoustic_016-067-127", "instrument_family": 1, "instrument_family_str": "brass"}, {"qualities": [0, 0, 0, 0, 0, 0, 0, 0, 1, 0], "pitch": 66, "note": 51697, "instrument_source_str": "acoustic", "velocity": 25, "instrument_str": "brass_acoustic_015", "instrument": 121, "sample_rate": 16000, "qualities_str": ["reverb"], "instrument_source": 0, "note_str": "brass_acoustic_015-066-025", "instrument_family": 1, "instrument_family_str": "brass"}, {"qualities": [0, 0, 0, 0, 0, 0, 0, 0, 1, 0], "pitch": 65, "note": 27795, "instrument_source_str": "acoustic", "velocity": 100, "instrument_str": "brass_acoustic_015", "instrument": 121, "sample_rate": 16000, "qualities_str": ["reverb"], "instrument_source": 0, "note_str": "brass_acoustic_015-065-100", "instrument_family": 1, "instrument_family_str": "brass"}, {"qualities": [0, 0, 0, 0, 0, 0, 0, 0, 1, 0], "pitch": 42, "note": 7234, "instrument_source_str": "acoustic", "velocity": 127, "instrument_str": "brass_acoustic_015", "instrument": 121, "sample_rate": 16000, "qualities_str": ["reverb"], "instrument_source": 0, "note_str": "brass_acoustic_015-042-127", "instrument_family": 1, "instrument_family_str": "brass"}, {"qualities": [1, 0, 0, 0, 0, 0, 0, 0, 0, 0], "pitch": 67, "note": 54068, "instrument_source_str": "acoustic", "velocity": 100, "instrument_str": "brass_acoustic_016", "instrument": 128, "sample_rate": 16000, "qualities_str": ["bright"], "instrument_source": 0, "note_str": "brass_acoustic_016-067-100", "instrument_family": 1, "instrument_family_str": "brass"}, {"qualities": [1, 0, 0, 0, 0, 0, 0, 0, 0, 0], "pitch": 58, "note": 60103, "instrument_source_str": "acoustic", "velocity": 75, "instrument_str": "brass_acoustic_046", "instrument": 414, "sample_rate": 16000, "qualities_str": ["bright"], "instrument_source": 0, "note_str": "brass_acoustic_046-058-075", "instrument_family": 1, "instrument_family_str": "brass"}, {"qualities": [1, 0, 0, 0, 0, 0, 0, 0, 0, 0], "pitch": 85, "note": 75392, "instrument_source_str": "acoustic", "velocity": 50, "instrument_str": "brass_acoustic_016", "instrument": 128, "sample_rate": 16000, "qualities_str": ["bright"], "instrument_source": 0, "note_str": "brass_acoustic_016-085-050", "instrument_family": 1, "instrument_family_str": "brass"}, {"qualities": [1, 0, 0, 0, 0, 0, 0, 0, 0, 0], "pitch": 70, "note": 21847, "instrument_source_str": "acoustic", "velocity": 25, "instrument_str": "brass_acoustic_016", "instrument": 128, "sample_rate": 16000, "qualities_str": ["bright"], "instrument_source": 0, "note_str": "brass_acoustic_016-070-025", "instrument_family": 1, "instrument_family_str": "brass"}, {"qualities": [0, 0, 0, 0, 0, 0, 0, 0, 0, 0], "pitch": 89, "note": 1282, "instrument_source_str": "acoustic", "velocity": 50, "instrument_str": "brass_acoustic_016", "instrument": 128, "sample_rate": 16000, "qualities_str": [], "instrument_source": 0, "note_str": "brass_acoustic_016-089-050", "instrument_family": 1, "instrument_family_str": "brass"}, {"qualities": [0, 0, 0, 0, 1, 0, 0, 0, 0, 0], "pitch": 99, "note": 57660, "instrument_source_str": "acoustic", "velocity": 127, "instrument_str": "brass_acoustic_046", "instrument": 414, "sample_rate": 16000, "qualities_str": ["long_release"], "instrument_source": 0, "note_str": "brass_acoustic_046-099-127", "instrument_family": 1, "instrument_family_str": "brass"}, {"qualities": [0, 0, 0, 0, 0, 0, 0, 0, 0, 0], "pitch": 81, "note": 4112, "instrument_source_str": "acoustic", "velocity": 25, "instrument_str": "brass_acoustic_046", "instrument": 414, "sample_rate": 16000, "qualities_str": [], "instrument_source": 0, "note_str": "brass_acoustic_046-081-025", "instrument_family": 1, "instrument_family_str": "brass"}, {"qualities": [0, 0, 0, 0, 0, 0, 0, 0, 1, 0], "pitch": 56, "note": 10329, "instrument_source_str": "acoustic", "velocity": 75, "instrument_str": "brass_acoustic_015", "instrument": 121, "sample_rate": 16000, "qualities_str": ["reverb"], "instrument_source": 0, "note_str": "brass_acoustic_015-056-075", "instrument_family": 1, "instrument_family_str": "brass"}, {"qualities": [0, 0, 0, 0, 0, 0, 0, 0, 1, 0], "pitch": 55, "note": 70185, "instrument_source_str": "acoustic", "velocity": 127, "instrument_str": "brass_acoustic_059", "instrument": 572, "sample_rate": 16000, "qualities_str": ["reverb"], "instrument_source": 0, "note_str": "brass_acoustic_059-055-127", "instrument_family": 1, "instrument_family_str": "brass"}, {"qualities": [0, 0, 0, 0, 0, 0, 0, 0, 1, 0], "pitch": 43, "note": 95635, "instrument_source_str": "acoustic", "velocity": 75, "instrument_str": "brass_acoustic_006", "instrument": 43, "sample_rate": 16000, "qualities_str": ["reverb"], "instrument_source": 0, "note_str": "brass_acoustic_006-043-075", "instrument_family": 1, "instrument_family_str": "brass"}, {"qualities": [0, 0, 0, 0, 0, 0, 0, 0, 1, 0], "pitch": 29, "note": 57043, "instrument_source_str": "acoustic", "velocity": 75, "instrument_str": "brass_acoustic_006", "instrument": 43, "sample_rate": 16000, "qualities_str": ["reverb"], "instrument_source": 0, "note_str": "brass_acoustic_006-029-075", "instrument_family": 1, "instrument_family_str": "brass"}, {"qualities": [0, 0, 0, 0, 0, 0, 0, 0, 1, 0], "pitch": 64, "note": 88564, "instrument_source_str": "acoustic", "velocity": 100, "instrument_str": "brass_acoustic_006", "instrument": 43, "sample_rate": 16000, "qualities_str": ["reverb"], "instrument_source": 0, "note_str": "brass_acoustic_006-064-100", "instrument_family": 1, "instrument_family_str": "brass"}, {"qualities": [0, 0, 0, 0, 0, 0, 0, 0, 1, 0], "pitch": 50, "note": 92212, "instrument_source_str": "acoustic", "velocity": 100, "instrument_str": "brass_acoustic_015", "instrument": 121, "sample_rate": 16000, "qualities_str": ["reverb"], "instrument_source": 0, "note_str": "brass_acoustic_015-050-100", "instrument_family": 1, "instrument_family_str": "brass"}, {"qualities": [0, 0, 0, 0, 0, 0, 0, 0, 1, 0], "pitch": 60, "note": 22633, "instrument_source_str": "acoustic", "velocity": 100, "instrument_str": "brass_acoustic_006", "instrument": 43, "sample_rate": 16000, "qualities_str": ["reverb"], "instrument_source": 0, "note_str": "brass_acoustic_006-060-100", "instrument_family": 1, "instrument_family_str": "brass"}, {"qualities": [0, 0, 0, 0, 0, 0, 0, 0, 0, 0], "pitch": 74, "note": 15384, "instrument_source_str": "acoustic", "velocity": 25, "instrument_str": "brass_acoustic_046", "instrument": 414, "sample_rate": 16000, "qualities_str": [], "instrument_source": 0, "note_str": "brass_acoustic_046-074-025", "instrument_family": 1, "instrument_family_str": "brass"}, {"qualities": [0, 0, 0, 0, 1, 0, 0, 0, 0, 0], "pitch": 107, "note": 24131, "instrument_source_str": "acoustic", "velocity": 127, "instrument_str": "brass_acoustic_046", "instrument": 414, "sample_rate": 16000, "qualities_str": ["long_release"], "instrument_source": 0, "note_str": "brass_acoustic_046-107-127", "instrument_family": 1, "instrument_family_str": "brass"}, {"qualities": [0, 0, 0, 0, 0, 0, 0, 0, 1, 0], "pitch": 55, "note": 56138, "instrument_source_str": "acoustic", "velocity": 50, "instrument_str": "brass_acoustic_015", "instrument": 121, "sample_rate": 16000, "qualities_str": ["reverb"], "instrument_source": 0, "note_str": "brass_acoustic_015-055-050", "instrument_family": 1, "instrument_family_str": "brass"}, {"qualities": [0, 0, 0, 0, 0, 0, 0, 0, 1, 0], "pitch": 35, "note": 84034, "instrument_source_str": "acoustic", "velocity": 50, "instrument_str": "brass_acoustic_059", "instrument": 572, "sample_rate": 16000, "qualities_str": ["reverb"], "instrument_source": 0, "note_str": "brass_acoustic_059-035-050", "instrument_family": 1, "instrument_family_str": "brass"}, {"qualities": [0, 0, 0, 0, 0, 0, 0, 0, 1, 0], "pitch": 79, "note": 25449, "instrument_source_str": "acoustic", "velocity": 75, "instrument_str": "brass_acoustic_006", "instrument": 43, "sample_rate": 16000, "qualities_str": ["reverb"], "instrument_source": 0, "note_str": "brass_acoustic_006-079-075", "instrument_family": 1, "instrument_family_str": "brass"}, {"qualities": [0, 0, 0, 0, 0, 0, 0, 0, 1, 0], "pitch": 60, "note": 40899, "instrument_source_str": "acoustic", "velocity": 100, "instrument_str": "brass_acoustic_059", "instrument": 572, "sample_rate": 16000, "qualities_str": ["reverb"], "instrument_source": 0, "note_str": "brass_acoustic_059-060-100", "instrument_family": 1, "instrument_family_str": "brass"}, {"qualities": [1, 0, 0, 0, 0, 0, 0, 0, 0, 0], "pitch": 60, "note": 11048, "instrument_source_str": "acoustic", "velocity": 50, "instrument_str": "brass_acoustic_016", "instrument": 128, "sample_rate": 16000, "qualities_str": ["bright"], "instrument_source": 0, "note_str": "brass_acoustic_016-060-050", "instrument_family": 1, "instrument_family_str": "brass"}, {"qualities": [0, 0, 0, 0, 0, 0, 0, 0, 1, 0], "pitch": 73, "note": 27605, "instrument_source_str": "acoustic", "velocity": 50, "instrument_str": "brass_acoustic_015", "instrument": 121, "sample_rate": 16000, "qualities_str": ["reverb"], "instrument_source": 0, "note_str": "brass_acoustic_015-073-050", "instrument_family": 1, "instrument_family_str": "brass"}, {"qualities": [1, 0, 0, 0, 0, 0, 0, 0, 0, 0], "pitch": 76, "note": 58544, "instrument_source_str": "acoustic", "velocity": 25, "instrument_str": "brass_acoustic_016", "instrument": 128, "sample_rate": 16000, "qualities_str": ["bright"], "instrument_source": 0, "note_str": "brass_acoustic_016-076-025", "instrument_family": 1, "instrument_family_str": "brass"}, {"qualities": [0, 0, 0, 0, 0, 0, 0, 0, 0, 0], "pitch": 68, "note": 50477, "instrument_source_str": "acoustic", "velocity": 25, "instrument_str": "brass_acoustic_046", "instrument": 414, "sample_rate": 16000, "qualities_str": [], "instrument_source": 0, "note_str": "brass_acoustic_046-068-025", "instrument_family": 1, "instrument_family_str": "brass"}, {"qualities": [0, 0, 0, 0, 1, 0, 0, 0, 0, 0], "pitch": 107, "note": 37361, "instrument_source_str": "acoustic", "velocity": 50, "instrument_str": "brass_acoustic_046", "instrument": 414, "sample_rate": 16000, "qualities_str": ["long_release"], "instrument_source": 0, "note_str": "brass_acoustic_046-107-050", "instrument_family": 1, "instrument_family_str": "brass"}, {"qualities": [0, 0, 0, 0, 0, 0, 0, 0, 1, 0], "pitch": 36, "note": 38055, "instrument_source_str": "acoustic", "velocity": 25, "instrument_str": "brass_acoustic_059", "instrument": 572, "sample_rate": 16000, "qualities_str": ["reverb"], "instrument_source": 0, "note_str": "brass_acoustic_059-036-025", "instrument_family": 1, "instrument_family_str": "brass"}, {"qualities": [0, 0, 0, 0, 0, 0, 0, 0, 1, 0], "pitch": 61, "note": 10887, "instrument_source_str": "acoustic", "velocity": 75, "instrument_str": "brass_acoustic_015", "instrument": 121, "sample_rate": 16000, "qualities_str": ["reverb"], "instrument_source": 0, "note_str": "brass_acoustic_015-061-075", "instrument_family": 1, "instrument_family_str": "brass"}, {"qualities": [1, 0, 0, 0, 0, 0, 0, 0, 0, 0], "pitch": 66, "note": 75418, "instrument_source_str": "acoustic", "velocity": 50, "instrument_str": "brass_acoustic_016", "instrument": 128, "sample_rate": 16000, "qualities_str": ["bright"], "instrument_source": 0, "note_str": "brass_acoustic_016-066-050", "instrument_family": 1, "instrument_family_str": "brass"}, {"qualities": [0, 0, 0, 0, 0, 0, 0, 0, 1, 0], "pitch": 42, "note": 64955, "instrument_source_str": "acoustic", "velocity": 100, "instrument_str": "brass_acoustic_015", "instrument": 121, "sample_rate": 16000, "qualities_str": ["reverb"], "instrument_source": 0, "note_str": "brass_acoustic_015-042-100", "instrument_family": 1, "instrument_family_str": "brass"}, {"qualities": [0, 0, 0, 0, 0, 0, 0, 0, 1, 0], "pitch": 63, "note": 68690, "instrument_source_str": "acoustic", "velocity": 75, "instrument_str": "brass_acoustic_006", "instrument": 43, "sample_rate": 16000, "qualities_str": ["reverb"], "instrument_source": 0, "note_str": "brass_acoustic_006-063-075", "instrument_family": 1, "instrument_family_str": "brass"}, {"qualities": [1, 0, 0, 0, 0, 0, 0, 0, 1, 0], "pitch": 37, "note": 60400, "instrument_source_str": "acoustic", "velocity": 75, "instrument_str": "brass_acoustic_059", "instrument": 572, "sample_rate": 16000, "qualities_str": ["bright", "reverb"], "instrument_source": 0, "note_str": "brass_acoustic_059-037-075", "instrument_family": 1, "instrument_family_str": "brass"}, {"qualities": [0, 0, 0, 0, 0, 0, 0, 0, 1, 0], "pitch": 72, "note": 57145, "instrument_source_str": "acoustic", "velocity": 50, "instrument_str": "brass_acoustic_015", "instrument": 121, "sample_rate": 16000, "qualities_str": ["reverb"], "instrument_source": 0, "note_str": "brass_acoustic_015-072-050", "instrument_family": 1, "instrument_family_str": "brass"}, {"qualities": [0, 0, 0, 0, 1, 0, 0, 0, 0, 0], "pitch": 95, "note": 26120, "instrument_source_str": "acoustic", "velocity": 100, "instrument_str": "brass_acoustic_046", "instrument": 414, "sample_rate": 16000, "qualities_str": ["long_release"], "instrument_source": 0, "note_str": "brass_acoustic_046-095-100", "instrument_family": 1, "instrument_family_str": "brass"}, {"qualities": [1, 0, 0, 0, 0, 0, 0, 0, 0, 0], "pitch": 69, "note": 46348, "instrument_source_str": "acoustic", "velocity": 127, "instrument_str": "brass_acoustic_046", "instrument": 414, "sample_rate": 16000, "qualities_str": ["bright"], "instrument_source": 0, "note_str": "brass_acoustic_046-069-127", "instrument_family": 1, "instrument_family_str": "brass"}, {"qualities": [0, 0, 0, 0, 0, 0, 0, 0, 1, 0], "pitch": 85, "note": 26123, "instrument_source_str": "acoustic", "velocity": 127, "instrument_str": "brass_acoustic_006", "instrument": 43, "sample_rate": 16000, "qualities_str": ["reverb"], "instrument_source": 0, "note_str": "brass_acoustic_006-085-127", "instrument_family": 1, "instrument_family_str": "brass"}, {"qualities": [0, 0, 0, 0, 0, 0, 0, 0, 0, 0], "pitch": 77, "note": 86170, "instrument_source_str": "acoustic", "velocity": 100, "instrument_str": "brass_acoustic_046", "instrument": 414, "sample_rate": 16000, "qualities_str": [], "instrument_source": 0, "note_str": "brass_acoustic_046-077-100", "instrument_family": 1, "instrument_family_str": "brass"}, {"qualities": [0, 0, 0, 0, 1, 0, 0, 0, 1, 0], "pitch": 70, "note": 93771, "instrument_source_str": "acoustic", "velocity": 100, "instrument_str": "brass_acoustic_006", "instrument": 43, "sample_rate": 16000, "qualities_str": ["long_release", "reverb"], "instrument_source": 0, "note_str": "brass_acoustic_006-070-100", "instrument_family": 1, "instrument_family_str": "brass"}, {"qualities": [0, 0, 0, 0, 0, 0, 0, 0, 1, 0], "pitch": 26, "note": 11894, "instrument_source_str": "acoustic", "velocity": 100, "instrument_str": "brass_acoustic_006", "instrument": 43, "sample_rate": 16000, "qualities_str": ["reverb"], "instrument_source": 0, "note_str": "brass_acoustic_006-026-100", "instrument_family": 1, "instrument_family_str": "brass"}, {"qualities": [0, 0, 0, 0, 0, 0, 0, 0, 1, 0], "pitch": 45, "note": 79678, "instrument_source_str": "acoustic", "velocity": 127, "instrument_str": "brass_acoustic_006", "instrument": 43, "sample_rate": 16000, "qualities_str": ["reverb"], "instrument_source": 0, "note_str": "brass_acoustic_006-045-127", "instrument_family": 1, "instrument_family_str": "brass"}, {"qualities": [1, 0, 0, 0, 0, 0, 0, 0, 1, 0], "pitch": 43, "note": 62348, "instrument_source_str": "acoustic", "velocity": 75, "instrument_str": "brass_acoustic_059", "instrument": 572, "sample_rate": 16000, "qualities_str": ["bright", "reverb"], "instrument_source": 0, "note_str": "brass_acoustic_059-043-075", "instrument_family": 1, "instrument_family_str": "brass"}, {"qualities": [0, 0, 0, 0, 1, 0, 0, 0, 0, 0], "pitch": 108, "note": 39390, "instrument_source_str": "acoustic", "velocity": 100, "instrument_str": "brass_acoustic_046", "instrument": 414, "sample_rate": 16000, "qualities_str": ["long_release"], "instrument_source": 0, "note_str": "brass_acoustic_046-108-100", "instrument_family": 1, "instrument_family_str": "brass"}, {"qualities": [0, 0, 0, 0, 0, 0, 0, 0, 1, 0], "pitch": 30, "note": 54847, "instrument_source_str": "acoustic", "velocity": 127, "instrument_str": "brass_acoustic_006", "instrument": 43, "sample_rate": 16000, "qualities_str": ["reverb"], "instrument_source": 0, "note_str": "brass_acoustic_006-030-127", "instrument_family": 1, "instrument_family_str": "brass"}, {"qualities": [0, 0, 0, 0, 0, 0, 0, 0, 1, 0], "pitch": 40, "note": 77262, "instrument_source_str": "acoustic", "velocity": 75, "instrument_str": "brass_acoustic_006", "instrument": 43, "sample_rate": 16000, "qualities_str": ["reverb"], "instrument_source": 0, "note_str": "brass_acoustic_006-040-075", "instrument_family": 1, "instrument_family_str": "brass"}, {"qualities": [0, 0, 0, 0, 0, 0, 0, 0, 0, 0], "pitch": 57, "note": 16421, "instrument_source_str": "acoustic", "velocity": 100, "instrument_str": "brass_acoustic_046", "instrument": 414, "sample_rate": 16000, "qualities_str": [], "instrument_source": 0, "note_str": "brass_acoustic_046-057-100", "instrument_family": 1, "instrument_family_str": "brass"}, {"qualities": [0, 0, 0, 0, 0, 0, 0, 0, 1, 0], "pitch": 64, "note": 9224, "instrument_source_str": "acoustic", "velocity": 100, "instrument_str": "brass_acoustic_059", "instrument": 572, "sample_rate": 16000, "qualities_str": ["reverb"], "instrument_source": 0, "note_str": "brass_acoustic_059-064-100", "instrument_family": 1, "instrument_family_str": "brass"}, {"qualities": [1, 0, 0, 0, 0, 0, 0, 0, 0, 0], "pitch": 59, "note": 1714, "instrument_source_str": "acoustic", "velocity": 75, "instrument_str": "brass_acoustic_046", "instrument": 414, "sample_rate": 16000, "qualities_str": ["bright"], "instrument_source": 0, "note_str": "brass_acoustic_046-059-075", "instrument_family": 1, "instrument_family_str": "brass"}, {"qualities": [0, 0, 0, 0, 0, 0, 0, 0, 1, 0], "pitch": 51, "note": 91367, "instrument_source_str": "acoustic", "velocity": 100, "instrument_str": "brass_acoustic_015", "instrument": 121, "sample_rate": 16000, "qualities_str": ["reverb"], "instrument_source": 0, "note_str": "brass_acoustic_015-051-100", "instrument_family": 1, "instrument_family_str": "brass"}, {"qualities": [0, 0, 0, 0, 1, 0, 0, 0, 1, 0], "pitch": 36, "note": 61365, "instrument_source_str": "acoustic", "velocity": 25, "instrument_str": "brass_acoustic_006", "instrument": 43, "sample_rate": 16000, "qualities_str": ["long_release", "reverb"], "instrument_source": 0, "note_str": "brass_acoustic_006-036-025", "instrument_family": 1, "instrument_family_str": "brass"}, {"qualities": [0, 0, 0, 0, 1, 0, 0, 0, 0, 0], "pitch": 89, "note": 76470, "instrument_source_str": "acoustic", "velocity": 50, "instrument_str": "brass_acoustic_046", "instrument": 414, "sample_rate": 16000, "qualities_str": ["long_release"], "instrument_source": 0, "note_str": "brass_acoustic_046-089-050", "instrument_family": 1, "instrument_family_str": "brass"}, {"qualities": [0, 0, 0, 0, 0, 0, 0, 0, 0, 0], "pitch": 53, "note": 45932, "instrument_source_str": "acoustic", "velocity": 50, "instrument_str": "brass_acoustic_046", "instrument": 414, "sample_rate": 16000, "qualities_str": [], "instrument_source": 0, "note_str": "brass_acoustic_046-053-050", "instrument_family": 1, "instrument_family_str": "brass"}, {"qualities": [0, 0, 0, 0, 0, 0, 0, 0, 1, 0], "pitch": 49, "note": 21853, "instrument_source_str": "acoustic", "velocity": 75, "instrument_str": "brass_acoustic_015", "instrument": 121, "sample_rate": 16000, "qualities_str": ["reverb"], "instrument_source": 0, "note_str": "brass_acoustic_015-049-075", "instrument_family": 1, "instrument_family_str": "brass"}, {"qualities": [0, 0, 0, 0, 0, 0, 0, 0, 1, 0], "pitch": 34, "note": 9751, "instrument_source_str": "acoustic", "velocity": 100, "instrument_str": "brass_acoustic_006", "instrument": 43, "sample_rate": 16000, "qualities_str": ["reverb"], "instrument_source": 0, "note_str": "brass_acoustic_006-034-100", "instrument_family": 1, "instrument_family_str": "brass"}, {"qualities": [0, 0, 0, 0, 1, 0, 0, 0, 0, 0], "pitch": 84, "note": 25346, "instrument_source_str": "acoustic", "velocity": 100, "instrument_str": "brass_acoustic_046", "instrument": 414, "sample_rate": 16000, "qualities_str": ["long_release"], "instrument_source": 0, "note_str": "brass_acoustic_046-084-100", "instrument_family": 1, "instrument_family_str": "brass"}, {"qualities": [0, 0, 0, 0, 0, 0, 0, 0, 1, 0], "pitch": 79, "note": 29191, "instrument_source_str": "acoustic", "velocity": 50, "instrument_str": "brass_acoustic_006", "instrument": 43, "sample_rate": 16000, "qualities_str": ["reverb"], "instrument_source": 0, "note_str": "brass_acoustic_006-079-050", "instrument_family": 1, "instrument_family_str": "brass"}, {"qualities": [0, 0, 0, 0, 0, 0, 0, 0, 1, 0], "pitch": 88, "note": 81234, "instrument_source_str": "acoustic", "velocity": 25, "instrument_str": "brass_acoustic_006", "instrument": 43, "sample_rate": 16000, "qualities_str": ["reverb"], "instrument_source": 0, "note_str": "brass_acoustic_006-088-025", "instrument_family": 1, "instrument_family_str": "brass"}, {"qualities": [1, 0, 0, 0, 0, 0, 0, 0, 0, 0], "pitch": 63, "note": 5677, "instrument_source_str": "acoustic", "velocity": 75, "instrument_str": "brass_acoustic_016", "instrument": 128, "sample_rate": 16000, "qualities_str": ["bright"], "instrument_source": 0, "note_str": "brass_acoustic_016-063-075", "instrument_family": 1, "instrument_family_str": "brass"}, {"qualities": [1, 0, 0, 0, 0, 0, 0, 0, 0, 0], "pitch": 60, "note": 44405, "instrument_source_str": "acoustic", "velocity": 75, "instrument_str": "brass_acoustic_016", "instrument": 128, "sample_rate": 16000, "qualities_str": ["bright"], "instrument_source": 0, "note_str": "brass_acoustic_016-060-075", "instrument_family": 1, "instrument_family_str": "brass"}, {"qualities": [0, 0, 0, 0, 0, 0, 0, 0, 1, 0], "pitch": 75, "note": 54736, "instrument_source_str": "acoustic", "velocity": 75, "instrument_str": "brass_acoustic_006", "instrument": 43, "sample_rate": 16000, "qualities_str": ["reverb"], "instrument_source": 0, "note_str": "brass_acoustic_006-075-075", "instrument_family": 1, "instrument_family_str": "brass"}, {"qualities": [1, 0, 0, 0, 0, 0, 0, 0, 0, 0], "pitch": 60, "note": 14716, "instrument_source_str": "acoustic", "velocity": 127, "instrument_str": "brass_acoustic_016", "instrument": 128, "sample_rate": 16000, "qualities_str": ["bright"], "instrument_source": 0, "note_str": "brass_acoustic_016-060-127", "instrument_family": 1, "instrument_family_str": "brass"}, {"qualities": [0, 0, 0, 0, 0, 0, 0, 0, 1, 0], "pitch": 33, "note": 28188, "instrument_source_str": "acoustic", "velocity": 100, "instrument_str": "brass_acoustic_059", "instrument": 572, "sample_rate": 16000, "qualities_str": ["reverb"], "instrument_source": 0, "note_str": "brass_acoustic_059-033-100", "instrument_family": 1, "instrument_family_str": "brass"}, {"qualities": [0, 0, 0, 0, 0, 0, 0, 0, 1, 0], "pitch": 84, "note": 6954, "instrument_source_str": "acoustic", "velocity": 75, "instrument_str": "brass_acoustic_006", "instrument": 43, "sample_rate": 16000, "qualities_str": ["reverb"], "instrument_source": 0, "note_str": "brass_acoustic_006-084-075", "instrument_family": 1, "instrument_family_str": "brass"}, {"qualities": [0, 1, 0, 0, 0, 0, 0, 0, 1, 0], "pitch": 61, "note": 11379, "instrument_source_str": "acoustic", "velocity": 25, "instrument_str": "brass_acoustic_059", "instrument": 572, "sample_rate": 16000, "qualities_str": ["dark", "reverb"], "instrument_source": 0, "note_str": "brass_acoustic_059-061-025", "instrument_family": 1, "instrument_family_str": "brass"}, {"qualities": [0, 0, 0, 0, 0, 0, 0, 0, 1, 0], "pitch": 41, "note": 26780, "instrument_source_str": "acoustic", "velocity": 50, "instrument_str": "brass_acoustic_006", "instrument": 43, "sample_rate": 16000, "qualities_str": ["reverb"], "instrument_source": 0, "note_str": "brass_acoustic_006-041-050", "instrument_family": 1, "instrument_family_str": "brass"}, {"qualities": [0, 0, 0, 0, 0, 0, 0, 0, 1, 0], "pitch": 66, "note": 45051, "instrument_source_str": "acoustic", "velocity": 50, "instrument_str": "brass_acoustic_015", "instrument": 121, "sample_rate": 16000, "qualities_str": ["reverb"], "instrument_source": 0, "note_str": "brass_acoustic_015-066-050", "instrument_family": 1, "instrument_family_str": "brass"}, {"qualities": [0, 0, 0, 0, 0, 0, 0, 0, 1, 0], "pitch": 58, "note": 66849, "instrument_source_str": "acoustic", "velocity": 100, "instrument_str": "brass_acoustic_015", "instrument": 121, "sample_rate": 16000, "qualities_str": ["reverb"], "instrument_source": 0, "note_str": "brass_acoustic_015-058-100", "instrument_family": 1, "instrument_family_str": "brass"}, {"qualities": [0, 0, 0, 0, 0, 0, 0, 0, 1, 0], "pitch": 32, "note": 2845, "instrument_source_str": "acoustic", "velocity": 25, "instrument_str": "brass_acoustic_059", "instrument": 572, "sample_rate": 16000, "qualities_str": ["reverb"], "instrument_source": 0, "note_str": "brass_acoustic_059-032-025", "instrument_family": 1, "instrument_family_str": "brass"}, {"qualities": [0, 1, 0, 0, 0, 0, 0, 0, 1, 0], "pitch": 62, "note": 22943, "instrument_source_str": "acoustic", "velocity": 25, "instrument_str": "brass_acoustic_059", "instrument": 572, "sample_rate": 16000, "qualities_str": ["dark", "reverb"], "instrument_source": 0, "note_str": "brass_acoustic_059-062-025", "instrument_family": 1, "instrument_family_str": "brass"}, {"qualities": [0, 0, 0, 0, 0, 0, 0, 0, 1, 0], "pitch": 46, "note": 84973, "instrument_source_str": "acoustic", "velocity": 25, "instrument_str": "brass_acoustic_006", "instrument": 43, "sample_rate": 16000, "qualities_str": ["reverb"], "instrument_source": 0, "note_str": "brass_acoustic_006-046-025", "instrument_family": 1, "instrument_family_str": "brass"}, {"qualities": [0, 0, 0, 0, 0, 0, 0, 0, 1, 0], "pitch": 74, "note": 84690, "instrument_source_str": "acoustic", "velocity": 50, "instrument_str": "brass_acoustic_006", "instrument": 43, "sample_rate": 16000, "qualities_str": ["reverb"], "instrument_source": 0, "note_str": "brass_acoustic_006-074-050", "instrument_family": 1, "instrument_family_str": "brass"}, {"qualities": [0, 0, 0, 0, 0, 0, 0, 0, 1, 0], "pitch": 64, "note": 30964, "instrument_source_str": "acoustic", "velocity": 25, "instrument_str": "brass_acoustic_059", "instrument": 572, "sample_rate": 16000, "qualities_str": ["reverb"], "instrument_source": 0, "note_str": "brass_acoustic_059-064-025", "instrument_family": 1, "instrument_family_str": "brass"}, {"qualities": [0, 0, 0, 0, 0, 0, 0, 0, 1, 0], "pitch": 36, "note": 58432, "instrument_source_str": "acoustic", "velocity": 100, "instrument_str": "brass_acoustic_006", "instrument": 43, "sample_rate": 16000, "qualities_str": ["reverb"], "instrument_source": 0, "note_str": "brass_acoustic_006-036-100", "instrument_family": 1, "instrument_family_str": "brass"}, {"qualities": [0, 0, 0, 0, 0, 0, 0, 0, 1, 0], "pitch": 49, "note": 50036, "instrument_source_str": "acoustic", "velocity": 100, "instrument_str": "brass_acoustic_059", "instrument": 572, "sample_rate": 16000, "qualities_str": ["reverb"], "instrument_source": 0, "note_str": "brass_acoustic_059-049-100", "instrument_family": 1, "instrument_family_str": "brass"}, {"qualities": [0, 0, 0, 0, 0, 0, 0, 0, 1, 0], "pitch": 31, "note": 81530, "instrument_source_str": "acoustic", "velocity": 75, "instrument_str": "brass_acoustic_006", "instrument": 43, "sample_rate": 16000, "qualities_str": ["reverb"], "instrument_source": 0, "note_str": "brass_acoustic_006-031-075", "instrument_family": 1, "instrument_family_str": "brass"}, {"qualities": [0, 0, 0, 0, 0, 0, 0, 0, 0, 0], "pitch": 55, "note": 3540, "instrument_source_str": "acoustic", "velocity": 50, "instrument_str": "brass_acoustic_016", "instrument": 128, "sample_rate": 16000, "qualities_str": [], "instrument_source": 0, "note_str": "brass_acoustic_016-055-050", "instrument_family": 1, "instrument_family_str": "brass"}, {"qualities": [0, 0, 0, 0, 1, 0, 0, 0, 1, 0], "pitch": 68, "note": 69679, "instrument_source_str": "acoustic", "velocity": 127, "instrument_str": "brass_acoustic_006", "instrument": 43, "sample_rate": 16000, "qualities_str": ["long_release", "reverb"], "instrument_source": 0, "note_str": "brass_acoustic_006-068-127", "instrument_family": 1, "instrument_family_str": "brass"}, {"qualities": [0, 0, 0, 0, 1, 0, 0, 0, 0, 0], "pitch": 106, "note": 51827, "instrument_source_str": "acoustic", "velocity": 25, "instrument_str": "brass_acoustic_046", "instrument": 414, "sample_rate": 16000, "qualities_str": ["long_release"], "instrument_source": 0, "note_str": "brass_acoustic_046-106-025", "instrument_family": 1, "instrument_family_str": "brass"}, {"qualities": [0, 0, 0, 0, 1, 0, 0, 0, 0, 0], "pitch": 85, "note": 36434, "instrument_source_str": "acoustic", "velocity": 127, "instrument_str": "brass_acoustic_046", "instrument": 414, "sample_rate": 16000, "qualities_str": ["long_release"], "instrument_source": 0, "note_str": "brass_acoustic_046-085-127", "instrument_family": 1, "instrument_family_str": "brass"}, {"qualities": [0, 0, 0, 0, 0, 0, 0, 0, 1, 0], "pitch": 29, "note": 76024, "instrument_source_str": "acoustic", "velocity": 127, "instrument_str": "brass_acoustic_006", "instrument": 43, "sample_rate": 16000, "qualities_str": ["reverb"], "instrument_source": 0, "note_str": "brass_acoustic_006-029-127", "instrument_family": 1, "instrument_family_str": "brass"}, {"qualities": [0, 0, 0, 0, 0, 0, 0, 0, 1, 0], "pitch": 41, "note": 41714, "instrument_source_str": "acoustic", "velocity": 25, "instrument_str": "brass_acoustic_006", "instrument": 43, "sample_rate": 16000, "qualities_str": ["reverb"], "instrument_source": 0, "note_str": "brass_acoustic_006-041-025", "instrument_family": 1, "instrument_family_str": "brass"}, {"qualities": [1, 0, 0, 0, 0, 0, 0, 0, 0, 0], "pitch": 59, "note": 22044, "instrument_source_str": "acoustic", "velocity": 75, "instrument_str": "brass_acoustic_016", "instrument": 128, "sample_rate": 16000, "qualities_str": ["bright"], "instrument_source": 0, "note_str": "brass_acoustic_016-059-075", "instrument_family": 1, "instrument_family_str": "brass"}, {"qualities": [0, 0, 0, 0, 0, 0, 0, 0, 1, 0], "pitch": 50, "note": 51422, "instrument_source_str": "acoustic", "velocity": 127, "instrument_str": "brass_acoustic_015", "instrument": 121, "sample_rate": 16000, "qualities_str": ["reverb"], "instrument_source": 0, "note_str": "brass_acoustic_015-050-127", "instrument_family": 1, "instrument_family_str": "brass"}, {"qualities": [0, 0, 0, 0, 1, 0, 0, 0, 0, 0], "pitch": 86, "note": 82130, "instrument_source_str": "acoustic", "velocity": 50, "instrument_str": "brass_acoustic_046", "instrument": 414, "sample_rate": 16000, "qualities_str": ["long_release"], "instrument_source": 0, "note_str": "brass_acoustic_046-086-050", "instrument_family": 1, "instrument_family_str": "brass"}, {"qualities": [0, 0, 0, 0, 0, 0, 0, 0, 1, 0], "pitch": 42, "note": 33948, "instrument_source_str": "acoustic", "velocity": 127, "instrument_str": "brass_acoustic_059", "instrument": 572, "sample_rate": 16000, "qualities_str": ["reverb"], "instrument_source": 0, "note_str": "brass_acoustic_059-042-127", "instrument_family": 1, "instrument_family_str": "brass"}, {"qualities": [0, 0, 0, 0, 1, 0, 0, 0, 0, 0], "pitch": 86, "note": 50271, "instrument_source_str": "acoustic", "velocity": 127, "instrument_str": "brass_acoustic_046", "instrument": 414, "sample_rate": 16000, "qualities_str": ["long_release"], "instrument_source": 0, "note_str": "brass_acoustic_046-086-127", "instrument_family": 1, "instrument_family_str": "brass"}, {"qualities": [0, 1, 0, 0, 0, 0, 0, 0, 1, 0], "pitch": 58, "note": 74848, "instrument_source_str": "acoustic", "velocity": 25, "instrument_str": "brass_acoustic_059", "instrument": 572, "sample_rate": 16000, "qualities_str": ["dark", "reverb"], "instrument_source": 0, "note_str": "brass_acoustic_059-058-025", "instrument_family": 1, "instrument_family_str": "brass"}, {"qualities": [0, 0, 0, 0, 0, 0, 0, 0, 1, 0], "pitch": 47, "note": 64267, "instrument_source_str": "acoustic", "velocity": 25, "instrument_str": "brass_acoustic_006", "instrument": 43, "sample_rate": 16000, "qualities_str": ["reverb"], "instrument_source": 0, "note_str": "brass_acoustic_006-047-025", "instrument_family": 1, "instrument_family_str": "brass"}, {"qualities": [0, 0, 0, 0, 1, 0, 0, 0, 0, 0], "pitch": 108, "note": 63860, "instrument_source_str": "acoustic", "velocity": 50, "instrument_str": "brass_acoustic_046", "instrument": 414, "sample_rate": 16000, "qualities_str": ["long_release"], "instrument_source": 0, "note_str": "brass_acoustic_046-108-050", "instrument_family": 1, "instrument_family_str": "brass"}, {"qualities": [1, 0, 0, 0, 0, 0, 0, 0, 0, 0], "pitch": 83, "note": 27039, "instrument_source_str": "acoustic", "velocity": 25, "instrument_str": "brass_acoustic_016", "instrument": 128, "sample_rate": 16000, "qualities_str": ["bright"], "instrument_source": 0, "note_str": "brass_acoustic_016-083-025", "instrument_family": 1, "instrument_family_str": "brass"}, {"qualities": [0, 0, 0, 0, 0, 0, 0, 0, 1, 0], "pitch": 54, "note": 22310, "instrument_source_str": "acoustic", "velocity": 50, "instrument_str": "brass_acoustic_015", "instrument": 121, "sample_rate": 16000, "qualities_str": ["reverb"], "instrument_source": 0, "note_str": "brass_acoustic_015-054-050", "instrument_family": 1, "instrument_family_str": "brass"}, {"qualities": [0, 1, 0, 0, 0, 0, 0, 0, 1, 0], "pitch": 51, "note": 63797, "instrument_source_str": "acoustic", "velocity": 25, "instrument_str": "brass_acoustic_059", "instrument": 572, "sample_rate": 16000, "qualities_str": ["dark", "reverb"], "instrument_source": 0, "note_str": "brass_acoustic_059-051-025", "instrument_family": 1, "instrument_family_str": "brass"}, {"qualities": [0, 0, 0, 0, 0, 0, 0, 0, 1, 0], "pitch": 45, "note": 18377, "instrument_source_str": "acoustic", "velocity": 75, "instrument_str": "brass_acoustic_015", "instrument": 121, "sample_rate": 16000, "qualities_str": ["reverb"], "instrument_source": 0, "note_str": "brass_acoustic_015-045-075", "instrument_family": 1, "instrument_family_str": "brass"}, {"qualities": [0, 1, 0, 0, 0, 0, 0, 0, 1, 0], "pitch": 47, "note": 29038, "instrument_source_str": "acoustic", "velocity": 25, "instrument_str": "brass_acoustic_059", "instrument": 572, "sample_rate": 16000, "qualities_str": ["dark", "reverb"], "instrument_source": 0, "note_str": "brass_acoustic_059-047-025", "instrument_family": 1, "instrument_family_str": "brass"}, {"qualities": [0, 0, 0, 0, 0, 0, 0, 0, 0, 0], "pitch": 61, "note": 1161, "instrument_source_str": "acoustic", "velocity": 25, "instrument_str": "brass_acoustic_046", "instrument": 414, "sample_rate": 16000, "qualities_str": [], "instrument_source": 0, "note_str": "brass_acoustic_046-061-025", "instrument_family": 1, "instrument_family_str": "brass"}, {"qualities": [1, 0, 0, 0, 0, 0, 0, 0, 0, 0], "pitch": 61, "note": 16650, "instrument_source_str": "acoustic", "velocity": 127, "instrument_str": "brass_acoustic_046", "instrument": 414, "sample_rate": 16000, "qualities_str": ["bright"], "instrument_source": 0, "note_str": "brass_acoustic_046-061-127", "instrument_family": 1, "instrument_family_str": "brass"}, {"qualities": [0, 0, 0, 0, 0, 0, 0, 0, 0, 0], "pitch": 58, "note": 12560, "instrument_source_str": "acoustic", "velocity": 25, "instrument_str": "brass_acoustic_046", "instrument": 414, "sample_rate": 16000, "qualities_str": [], "instrument_source": 0, "note_str": "brass_acoustic_046-058-025", "instrument_family": 1, "instrument_family_str": "brass"}, {"qualities": [0, 0, 0, 0, 0, 0, 0, 0, 1, 0], "pitch": 63, "note": 63783, "instrument_source_str": "acoustic", "velocity": 127, "instrument_str": "brass_acoustic_006", "instrument": 43, "sample_rate": 16000, "qualities_str": ["reverb"], "instrument_source": 0, "note_str": "brass_acoustic_006-063-127", "instrument_family": 1, "instrument_family_str": "brass"}, {"qualities": [1, 0, 0, 0, 0, 0, 0, 0, 1, 0], "pitch": 54, "note": 27902, "instrument_source_str": "acoustic", "velocity": 75, "instrument_str": "brass_acoustic_059", "instrument": 572, "sample_rate": 16000, "qualities_str": ["bright", "reverb"], "instrument_source": 0, "note_str": "brass_acoustic_059-054-075", "instrument_family": 1, "instrument_family_str": "brass"}, {"qualities": [0, 0, 0, 0, 1, 0, 0, 0, 0, 0], "pitch": 95, "note": 38567, "instrument_source_str": "acoustic", "velocity": 50, "instrument_str": "brass_acoustic_046", "instrument": 414, "sample_rate": 16000, "qualities_str": ["long_release"], "instrument_source": 0, "note_str": "brass_acoustic_046-095-050", "instrument_family": 1, "instrument_family_str": "brass"}, {"qualities": [0, 0, 0, 0, 0, 0, 0, 0, 1, 0], "pitch": 37, "note": 41436, "instrument_source_str": "acoustic", "velocity": 127, "instrument_str": "brass_acoustic_006", "instrument": 43, "sample_rate": 16000, "qualities_str": ["reverb"], "instrument_source": 0, "note_str": "brass_acoustic_006-037-127", "instrument_family": 1, "instrument_family_str": "brass"}, {"qualities": [0, 0, 0, 0, 1, 0, 0, 0, 0, 0], "pitch": 96, "note": 66025, "instrument_source_str": "acoustic", "velocity": 50, "instrument_str": "brass_acoustic_046", "instrument": 414, "sample_rate": 16000, "qualities_str": ["long_release"], "instrument_source": 0, "note_str": "brass_acoustic_046-096-050", "instrument_family": 1, "instrument_family_str": "brass"}, {"qualities": [0, 0, 0, 0, 0, 0, 0, 0, 1, 0], "pitch": 48, "note": 58023, "instrument_source_str": "acoustic", "velocity": 100, "instrument_str": "brass_acoustic_015", "instrument": 121, "sample_rate": 16000, "qualities_str": ["reverb"], "instrument_source": 0, "note_str": "brass_acoustic_015-048-100", "instrument_family": 1, "instrument_family_str": "brass"}, {"qualities": [0, 0, 0, 0, 1, 0, 0, 0, 0, 0], "pitch": 85, "note": 67797, "instrument_source_str": "acoustic", "velocity": 25, "instrument_str": "brass_acoustic_046", "instrument": 414, "sample_rate": 16000, "qualities_str": ["long_release"], "instrument_source": 0, "note_str": "brass_acoustic_046-085-025", "instrument_family": 1, "instrument_family_str": "brass"}, {"qualities": [0, 0, 0, 0, 0, 0, 0, 0, 1, 0], "pitch": 67, "note": 84389, "instrument_source_str": "acoustic", "velocity": 100, "instrument_str": "brass_acoustic_006", "instrument": 43, "sample_rate": 16000, "qualities_str": ["reverb"], "instrument_source": 0, "note_str": "brass_acoustic_006-067-100", "instrument_family": 1, "instrument_family_str": "brass"}, {"qualities": [0, 0, 0, 0, 0, 0, 0, 0, 0, 0], "pitch": 55, "note": 25452, "instrument_source_str": "acoustic", "velocity": 100, "instrument_str": "brass_acoustic_016", "instrument": 128, "sample_rate": 16000, "qualities_str": [], "instrument_source": 0, "note_str": "brass_acoustic_016-055-100", "instrument_family": 1, "instrument_family_str": "brass"}, {"qualities": [0, 0, 0, 0, 0, 0, 0, 0, 1, 0], "pitch": 28, "note": 18843, "instrument_source_str": "acoustic", "velocity": 75, "instrument_str": "brass_acoustic_006", "instrument": 43, "sample_rate": 16000, "qualities_str": ["reverb"], "instrument_source": 0, "note_str": "brass_acoustic_006-028-075", "instrument_family": 1, "instrument_family_str": "brass"}, {"qualities": [0, 0, 0, 0, 0, 0, 0, 0, 1, 0], "pitch": 58, "note": 45687, "instrument_source_str": "acoustic", "velocity": 100, "instrument_str": "brass_acoustic_059", "instrument": 572, "sample_rate": 16000, "qualities_str": ["reverb"], "instrument_source": 0, "note_str": "brass_acoustic_059-058-100", "instrument_family": 1, "instrument_family_str": "brass"}, {"qualities": [0, 0, 0, 0, 1, 0, 0, 0, 1, 0], "pitch": 47, "note": 14723, "instrument_source_str": "acoustic", "velocity": 100, "instrument_str": "brass_acoustic_006", "instrument": 43, "sample_rate": 16000, "qualities_str": ["long_release", "reverb"], "instrument_source": 0, "note_str": "brass_acoustic_006-047-100", "instrument_family": 1, "instrument_family_str": "brass"}, {"qualities": [0, 0, 0, 0, 0, 0, 0, 0, 1, 0], "pitch": 72, "note": 8958, "instrument_source_str": "acoustic", "velocity": 50, "instrument_str": "brass_acoustic_006", "instrument": 43, "sample_rate": 16000, "qualities_str": ["reverb"], "instrument_source": 0, "note_str": "brass_acoustic_006-072-050", "instrument_family": 1, "instrument_family_str": "brass"}, {"qualities": [0, 0, 0, 0, 0, 0, 0, 0, 1, 0], "pitch": 73, "note": 33898, "instrument_source_str": "acoustic", "velocity": 50, "instrument_str": "brass_acoustic_006", "instrument": 43, "sample_rate": 16000, "qualities_str": ["reverb"], "instrument_source": 0, "note_str": "brass_acoustic_006-073-050", "instrument_family": 1, "instrument_family_str": "brass"}, {"qualities": [0, 0, 0, 0, 0, 0, 0, 0, 0, 0], "pitch": 87, "note": 59653, "instrument_source_str": "acoustic", "velocity": 75, "instrument_str": "brass_acoustic_016", "instrument": 128, "sample_rate": 16000, "qualities_str": [], "instrument_source": 0, "note_str": "brass_acoustic_016-087-075", "instrument_family": 1, "instrument_family_str": "brass"}, {"qualities": [1, 0, 0, 0, 0, 0, 0, 0, 0, 0], "pitch": 58, "note": 65543, "instrument_source_str": "acoustic", "velocity": 127, "instrument_str": "brass_acoustic_046", "instrument": 414, "sample_rate": 16000, "qualities_str": ["bright"], "instrument_source": 0, "note_str": "brass_acoustic_046-058-127", "instrument_family": 1, "instrument_family_str": "brass"}, {"qualities": [0, 0, 0, 0, 0, 0, 0, 0, 1, 0], "pitch": 61, "note": 54375, "instrument_source_str": "acoustic", "velocity": 50, "instrument_str": "brass_acoustic_015", "instrument": 121, "sample_rate": 16000, "qualities_str": ["reverb"], "instrument_source": 0, "note_str": "brass_acoustic_015-061-050", "instrument_family": 1, "instrument_family_str": "brass"}, {"qualities": [0, 0, 0, 0, 1, 0, 0, 0, 0, 0], "pitch": 96, "note": 24277, "instrument_source_str": "acoustic", "velocity": 25, "instrument_str": "brass_acoustic_046", "instrument": 414, "sample_rate": 16000, "qualities_str": ["long_release"], "instrument_source": 0, "note_str": "brass_acoustic_046-096-025", "instrument_family": 1, "instrument_family_str": "brass"}, {"qualities": [0, 0, 0, 0, 0, 0, 0, 0, 1, 0], "pitch": 57, "note": 70977, "instrument_source_str": "acoustic", "velocity": 25, "instrument_str": "brass_acoustic_015", "instrument": 121, "sample_rate": 16000, "qualities_str": ["reverb"], "instrument_source": 0, "note_str": "brass_acoustic_015-057-025", "instrument_family": 1, "instrument_family_str": "brass"}, {"qualities": [1, 0, 0, 0, 0, 0, 0, 0, 0, 0], "pitch": 66, "note": 36842, "instrument_source_str": "acoustic", "velocity": 25, "instrument_str": "brass_acoustic_016", "instrument": 128, "sample_rate": 16000, "qualities_str": ["bright"], "instrument_source": 0, "note_str": "brass_acoustic_016-066-025", "instrument_family": 1, "instrument_family_str": "brass"}, {"qualities": [0, 0, 0, 0, 1, 0, 0, 0, 0, 0], "pitch": 97, "note": 66324, "instrument_source_str": "acoustic", "velocity": 127, "instrument_str": "brass_acoustic_046", "instrument": 414, "sample_rate": 16000, "qualities_str": ["long_release"], "instrument_source": 0, "note_str": "brass_acoustic_046-097-127", "instrument_family": 1, "instrument_family_str": "brass"}, {"qualities": [0, 0, 0, 0, 0, 0, 0, 0, 1, 0], "pitch": 68, "note": 65241, "instrument_source_str": "acoustic", "velocity": 75, "instrument_str": "brass_acoustic_015", "instrument": 121, "sample_rate": 16000, "qualities_str": ["reverb"], "instrument_source": 0, "note_str": "brass_acoustic_015-068-075", "instrument_family": 1, "instrument_family_str": "brass"}, {"qualities": [0, 0, 0, 0, 0, 0, 0, 0, 1, 0], "pitch": 49, "note": 5073, "instrument_source_str": "acoustic", "velocity": 25, "instrument_str": "brass_acoustic_006", "instrument": 43, "sample_rate": 16000, "qualities_str": ["reverb"], "instrument_source": 0, "note_str": "brass_acoustic_006-049-025", "instrument_family": 1, "instrument_family_str": "brass"}, {"qualities": [0, 0, 0, 0, 1, 0, 0, 0, 0, 0], "pitch": 92, "note": 18051, "instrument_source_str": "acoustic", "velocity": 75, "instrument_str": "brass_acoustic_046", "instrument": 414, "sample_rate": 16000, "qualities_str": ["long_release"], "instrument_source": 0, "note_str": "brass_acoustic_046-092-075", "instrument_family": 1, "instrument_family_str": "brass"}, {"qualities": [0, 0, 0, 0, 1, 0, 0, 0, 0, 0], "pitch": 86, "note": 90303, "instrument_source_str": "acoustic", "velocity": 75, "instrument_str": "brass_acoustic_046", "instrument": 414, "sample_rate": 16000, "qualities_str": ["long_release"], "instrument_source": 0, "note_str": "brass_acoustic_046-086-075", "instrument_family": 1, "instrument_family_str": "brass"}, {"qualities": [0, 0, 0, 0, 0, 0, 0, 0, 1, 0], "pitch": 70, "note": 40192, "instrument_source_str": "acoustic", "velocity": 127, "instrument_str": "brass_acoustic_006", "instrument": 43, "sample_rate": 16000, "qualities_str": ["reverb"], "instrument_source": 0, "note_str": "brass_acoustic_006-070-127", "instrument_family": 1, "instrument_family_str": "brass"}, {"qualities": [0, 0, 0, 0, 0, 0, 0, 0, 1, 0], "pitch": 86, "note": 3807, "instrument_source_str": "acoustic", "velocity": 50, "instrument_str": "brass_acoustic_006", "instrument": 43, "sample_rate": 16000, "qualities_str": ["reverb"], "instrument_source": 0, "note_str": "brass_acoustic_006-086-050", "instrument_family": 1, "instrument_family_str": "brass"}, {"qualities": [0, 0, 0, 0, 0, 0, 0, 0, 1, 0], "pitch": 64, "note": 88670, "instrument_source_str": "acoustic", "velocity": 100, "instrument_str": "brass_acoustic_015", "instrument": 121, "sample_rate": 16000, "qualities_str": ["reverb"], "instrument_source": 0, "note_str": "brass_acoustic_015-064-100", "instrument_family": 1, "instrument_family_str": "brass"}, {"qualities": [0, 0, 0, 0, 1, 0, 0, 0, 0, 0], "pitch": 105, "note": 39522, "instrument_source_str": "acoustic", "velocity": 100, "instrument_str": "brass_acoustic_046", "instrument": 414, "sample_rate": 16000, "qualities_str": ["long_release"], "instrument_source": 0, "note_str": "brass_acoustic_046-105-100", "instrument_family": 1, "instrument_family_str": "brass"}, {"qualities": [0, 0, 0, 0, 0, 0, 0, 0, 1, 0], "pitch": 54, "note": 87431, "instrument_source_str": "acoustic", "velocity": 127, "instrument_str": "brass_acoustic_015", "instrument": 121, "sample_rate": 16000, "qualities_str": ["reverb"], "instrument_source": 0, "note_str": "brass_acoustic_015-054-127", "instrument_family": 1, "instrument_family_str": "brass"}, {"qualities": [1, 0, 0, 0, 0, 0, 0, 0, 0, 0], "pitch": 65, "note": 92773, "instrument_source_str": "acoustic", "velocity": 100, "instrument_str": "brass_acoustic_016", "instrument": 128, "sample_rate": 16000, "qualities_str": ["bright"], "instrument_source": 0, "note_str": "brass_acoustic_016-065-100", "instrument_family": 1, "instrument_family_str": "brass"}, {"qualities": [0, 0, 0, 0, 0, 0, 0, 0, 1, 0], "pitch": 56, "note": 58229, "instrument_source_str": "acoustic", "velocity": 127, "instrument_str": "brass_acoustic_006", "instrument": 43, "sample_rate": 16000, "qualities_str": ["reverb"], "instrument_source": 0, "note_str": "brass_acoustic_006-056-127", "instrument_family": 1, "instrument_family_str": "brass"}, {"qualities": [1, 0, 0, 0, 0, 0, 0, 0, 0, 0], "pitch": 69, "note": 82401, "instrument_source_str": "acoustic", "velocity": 100, "instrument_str": "brass_acoustic_016", "instrument": 128, "sample_rate": 16000, "qualities_str": ["bright"], "instrument_source": 0, "note_str": "brass_acoustic_016-069-100", "instrument_family": 1, "instrument_family_str": "brass"}, {"qualities": [0, 0, 0, 0, 1, 0, 0, 0, 0, 0], "pitch": 106, "note": 84892, "instrument_source_str": "acoustic", "velocity": 75, "instrument_str": "brass_acoustic_046", "instrument": 414, "sample_rate": 16000, "qualities_str": ["long_release"], "instrument_source": 0, "note_str": "brass_acoustic_046-106-075", "instrument_family": 1, "instrument_family_str": "brass"}, {"qualities": [1, 0, 0, 0, 0, 0, 0, 0, 0, 0], "pitch": 65, "note": 11918, "instrument_source_str": "acoustic", "velocity": 127, "instrument_str": "brass_acoustic_016", "instrument": 128, "sample_rate": 16000, "qualities_str": ["bright"], "instrument_source": 0, "note_str": "brass_acoustic_016-065-127", "instrument_family": 1, "instrument_family_str": "brass"}, {"qualities": [0, 0, 0, 0, 1, 0, 0, 0, 0, 0], "pitch": 94, "note": 64479, "instrument_source_str": "acoustic", "velocity": 127, "instrument_str": "brass_acoustic_046", "instrument": 414, "sample_rate": 16000, "qualities_str": ["long_release"], "instrument_source": 0, "note_str": "brass_acoustic_046-094-127", "instrument_family": 1, "instrument_family_str": "brass"}, {"qualities": [0, 0, 0, 0, 0, 0, 0, 0, 0, 0], "pitch": 56, "note": 87355, "instrument_source_str": "acoustic", "velocity": 127, "instrument_str": "brass_acoustic_046", "instrument": 414, "sample_rate": 16000, "qualities_str": [], "instrument_source": 0, "note_str": "brass_acoustic_046-056-127", "instrument_family": 1, "instrument_family_str": "brass"}, {"qualities": [0, 0, 0, 0, 0, 0, 0, 0, 1, 0], "pitch": 44, "note": 77120, "instrument_source_str": "acoustic", "velocity": 100, "instrument_str": "brass_acoustic_006", "instrument": 43, "sample_rate": 16000, "qualities_str": ["reverb"], "instrument_source": 0, "note_str": "brass_acoustic_006-044-100", "instrument_family": 1, "instrument_family_str": "brass"}, {"qualities": [1, 0, 0, 0, 0, 0, 0, 0, 0, 0], "pitch": 72, "note": 86260, "instrument_source_str": "acoustic", "velocity": 75, "instrument_str": "brass_acoustic_046", "instrument": 414, "sample_rate": 16000, "qualities_str": ["bright"], "instrument_source": 0, "note_str": "brass_acoustic_046-072-075", "instrument_family": 1, "instrument_family_str": "brass"}, {"qualities": [0, 0, 0, 0, 0, 0, 0, 0, 1, 0], "pitch": 80, "note": 21314, "instrument_source_str": "acoustic", "velocity": 127, "instrument_str": "brass_acoustic_006", "instrument": 43, "sample_rate": 16000, "qualities_str": ["reverb"], "instrument_source": 0, "note_str": "brass_acoustic_006-080-127", "instrument_family": 1, "instrument_family_str": "brass"}, {"qualities": [0, 0, 0, 0, 0, 0, 0, 0, 1, 0], "pitch": 45, "note": 85776, "instrument_source_str": "acoustic", "velocity": 100, "instrument_str": "brass_acoustic_015", "instrument": 121, "sample_rate": 16000, "qualities_str": ["reverb"], "instrument_source": 0, "note_str": "brass_acoustic_015-045-100", "instrument_family": 1, "instrument_family_str": "brass"}, {"qualities": [0, 0, 0, 0, 1, 0, 0, 0, 1, 0], "pitch": 69, "note": 36381, "instrument_source_str": "acoustic", "velocity": 127, "instrument_str": "brass_acoustic_006", "instrument": 43, "sample_rate": 16000, "qualities_str": ["long_release", "reverb"], "instrument_source": 0, "note_str": "brass_acoustic_006-069-127", "instrument_family": 1, "instrument_family_str": "brass"}, {"qualities": [0, 0, 0, 0, 0, 0, 0, 0, 1, 0], "pitch": 60, "note": 2490, "instrument_source_str": "acoustic", "velocity": 75, "instrument_str": "brass_acoustic_059", "instrument": 572, "sample_rate": 16000, "qualities_str": ["reverb"], "instrument_source": 0, "note_str": "brass_acoustic_059-060-075", "instrument_family": 1, "instrument_family_str": "brass"}, {"qualities": [1, 0, 0, 0, 0, 0, 0, 0, 0, 0], "pitch": 73, "note": 66183, "instrument_source_str": "acoustic", "velocity": 75, "instrument_str": "brass_acoustic_046", "instrument": 414, "sample_rate": 16000, "qualities_str": ["bright"], "instrument_source": 0, "note_str": "brass_acoustic_046-073-075", "instrument_family": 1, "instrument_family_str": "brass"}, {"qualities": [1, 0, 0, 0, 0, 0, 0, 0, 0, 0], "pitch": 72, "note": 53713, "instrument_source_str": "acoustic", "velocity": 100, "instrument_str": "brass_acoustic_046", "instrument": 414, "sample_rate": 16000, "qualities_str": ["bright"], "instrument_source": 0, "note_str": "brass_acoustic_046-072-100", "instrument_family": 1, "instrument_family_str": "brass"}, {"qualities": [0, 0, 0, 0, 0, 0, 0, 0, 1, 0], "pitch": 71, "note": 62992, "instrument_source_str": "acoustic", "velocity": 25, "instrument_str": "brass_acoustic_006", "instrument": 43, "sample_rate": 16000, "qualities_str": ["reverb"], "instrument_source": 0, "note_str": "brass_acoustic_006-071-025", "instrument_family": 1, "instrument_family_str": "brass"}, {"qualities": [1, 0, 0, 0, 0, 0, 0, 0, 0, 0], "pitch": 75, "note": 64298, "instrument_source_str": "acoustic", "velocity": 75, "instrument_str": "brass_acoustic_046", "instrument": 414, "sample_rate": 16000, "qualities_str": ["bright"], "instrument_source": 0, "note_str": "brass_acoustic_046-075-075", "instrument_family": 1, "instrument_family_str": "brass"}, {"qualities": [0, 0, 0, 0, 1, 0, 0, 0, 0, 0], "pitch": 95, "note": 87781, "instrument_source_str": "acoustic", "velocity": 75, "instrument_str": "brass_acoustic_046", "instrument": 414, "sample_rate": 16000, "qualities_str": ["long_release"], "instrument_source": 0, "note_str": "brass_acoustic_046-095-075", "instrument_family": 1, "instrument_family_str": "brass"}, {"qualities": [0, 0, 0, 0, 0, 0, 0, 0, 1, 0], "pitch": 52, "note": 56475, "instrument_source_str": "acoustic", "velocity": 127, "instrument_str": "brass_acoustic_006", "instrument": 43, "sample_rate": 16000, "qualities_str": ["reverb"], "instrument_source": 0, "note_str": "brass_acoustic_006-052-127", "instrument_family": 1, "instrument_family_str": "brass"}, {"qualities": [0, 0, 0, 0, 0, 0, 0, 0, 1, 0], "pitch": 61, "note": 3459, "instrument_source_str": "acoustic", "velocity": 100, "instrument_str": "brass_acoustic_006", "instrument": 43, "sample_rate": 16000, "qualities_str": ["reverb"], "instrument_source": 0, "note_str": "brass_acoustic_006-061-100", "instrument_family": 1, "instrument_family_str": "brass"}, {"qualities": [0, 0, 0, 0, 0, 0, 0, 0, 1, 0], "pitch": 62, "note": 82005, "instrument_source_str": "acoustic", "velocity": 127, "instrument_str": "brass_acoustic_006", "instrument": 43, "sample_rate": 16000, "qualities_str": ["reverb"], "instrument_source": 0, "note_str": "brass_acoustic_006-062-127", "instrument_family": 1, "instrument_family_str": "brass"}, {"qualities": [0, 0, 0, 0, 1, 0, 0, 0, 0, 0], "pitch": 84, "note": 16929, "instrument_source_str": "acoustic", "velocity": 75, "instrument_str": "brass_acoustic_046", "instrument": 414, "sample_rate": 16000, "qualities_str": ["long_release"], "instrument_source": 0, "note_str": "brass_acoustic_046-084-075", "instrument_family": 1, "instrument_family_str": "brass"}, {"qualities": [1, 0, 0, 0, 0, 0, 0, 0, 0, 0], "pitch": 82, "note": 95040, "instrument_source_str": "acoustic", "velocity": 100, "instrument_str": "brass_acoustic_016", "instrument": 128, "sample_rate": 16000, "qualities_str": ["bright"], "instrument_source": 0, "note_str": "brass_acoustic_016-082-100", "instrument_family": 1, "instrument_family_str": "brass"}, {"qualities": [0, 0, 0, 0, 0, 0, 0, 0, 1, 0], "pitch": 32, "note": 51171, "instrument_source_str": "acoustic", "velocity": 75, "instrument_str": "brass_acoustic_006", "instrument": 43, "sample_rate": 16000, "qualities_str": ["reverb"], "instrument_source": 0, "note_str": "brass_acoustic_006-032-075", "instrument_family": 1, "instrument_family_str": "brass"}, {"qualities": [0, 0, 0, 0, 0, 0, 0, 0, 0, 0], "pitch": 71, "note": 69863, "instrument_source_str": "acoustic", "velocity": 25, "instrument_str": "brass_acoustic_046", "instrument": 414, "sample_rate": 16000, "qualities_str": [], "instrument_source": 0, "note_str": "brass_acoustic_046-071-025", "instrument_family": 1, "instrument_family_str": "brass"}, {"qualities": [0, 0, 0, 0, 0, 0, 0, 0, 1, 0], "pitch": 52, "note": 13600, "instrument_source_str": "acoustic", "velocity": 75, "instrument_str": "brass_acoustic_015", "instrument": 121, "sample_rate": 16000, "qualities_str": ["reverb"], "instrument_source": 0, "note_str": "brass_acoustic_015-052-075", "instrument_family": 1, "instrument_family_str": "brass"}, {"qualities": [0, 0, 0, 0, 0, 0, 0, 0, 1, 0], "pitch": 44, "note": 38649, "instrument_source_str": "acoustic", "velocity": 25, "instrument_str": "brass_acoustic_006", "instrument": 43, "sample_rate": 16000, "qualities_str": ["reverb"], "instrument_source": 0, "note_str": "brass_acoustic_006-044-025", "instrument_family": 1, "instrument_family_str": "brass"}, {"qualities": [0, 0, 0, 0, 0, 0, 0, 0, 1, 0], "pitch": 42, "note": 2705, "instrument_source_str": "acoustic", "velocity": 75, "instrument_str": "brass_acoustic_006", "instrument": 43, "sample_rate": 16000, "qualities_str": ["reverb"], "instrument_source": 0, "note_str": "brass_acoustic_006-042-075", "instrument_family": 1, "instrument_family_str": "brass"}, {"qualities": [0, 0, 0, 0, 0, 0, 0, 0, 1, 0], "pitch": 63, "note": 80655, "instrument_source_str": "acoustic", "velocity": 75, "instrument_str": "brass_acoustic_015", "instrument": 121, "sample_rate": 16000, "qualities_str": ["reverb"], "instrument_source": 0, "note_str": "brass_acoustic_015-063-075", "instrument_family": 1, "instrument_family_str": "brass"}, {"qualities": [0, 0, 0, 0, 0, 0, 0, 0, 1, 0], "pitch": 65, "note": 75882, "instrument_source_str": "acoustic", "velocity": 25, "instrument_str": "brass_acoustic_006", "instrument": 43, "sample_rate": 16000, "qualities_str": ["reverb"], "instrument_source": 0, "note_str": "brass_acoustic_006-065-025", "instrument_family": 1, "instrument_family_str": "brass"}, {"qualities": [1, 0, 0, 0, 0, 0, 0, 0, 0, 0], "pitch": 76, "note": 94215, "instrument_source_str": "acoustic", "velocity": 50, "instrument_str": "brass_acoustic_016", "instrument": 128, "sample_rate": 16000, "qualities_str": ["bright"], "instrument_source": 0, "note_str": "brass_acoustic_016-076-050", "instrument_family": 1, "instrument_family_str": "brass"}, {"qualities": [0, 0, 0, 0, 0, 0, 0, 0, 1, 0], "pitch": 61, "note": 91835, "instrument_source_str": "acoustic", "velocity": 100, "instrument_str": "brass_acoustic_059", "instrument": 572, "sample_rate": 16000, "qualities_str": ["reverb"], "instrument_source": 0, "note_str": "brass_acoustic_059-061-100", "instrument_family": 1, "instrument_family_str": "brass"}, {"qualities": [0, 0, 0, 0, 0, 0, 0, 0, 1, 0], "pitch": 35, "note": 31924, "instrument_source_str": "acoustic", "velocity": 100, "instrument_str": "brass_acoustic_006", "instrument": 43, "sample_rate": 16000, "qualities_str": ["reverb"], "instrument_source": 0, "note_str": "brass_acoustic_006-035-100", "instrument_family": 1, "instrument_family_str": "brass"}, {"qualities": [0, 0, 0, 0, 0, 0, 0, 0, 1, 0], "pitch": 62, "note": 92394, "instrument_source_str": "acoustic", "velocity": 75, "instrument_str": "brass_acoustic_059", "instrument": 572, "sample_rate": 16000, "qualities_str": ["reverb"], "instrument_source": 0, "note_str": "brass_acoustic_059-062-075", "instrument_family": 1, "instrument_family_str": "brass"}, {"qualities": [0, 0, 0, 0, 0, 0, 0, 0, 0, 0], "pitch": 78, "note": 75436, "instrument_source_str": "acoustic", "velocity": 50, "instrument_str": "brass_acoustic_046", "instrument": 414, "sample_rate": 16000, "qualities_str": [], "instrument_source": 0, "note_str": "brass_acoustic_046-078-050", "instrument_family": 1, "instrument_family_str": "brass"}, {"qualities": [0, 0, 0, 0, 0, 0, 0, 0, 0, 0], "pitch": 68, "note": 89715, "instrument_source_str": "acoustic", "velocity": 50, "instrument_str": "brass_acoustic_046", "instrument": 414, "sample_rate": 16000, "qualities_str": [], "instrument_source": 0, "note_str": "brass_acoustic_046-068-050", "instrument_family": 1, "instrument_family_str": "brass"}, {"qualities": [0, 0, 0, 0, 0, 0, 0, 0, 1, 0], "pitch": 79, "note": 1856, "instrument_source_str": "acoustic", "velocity": 25, "instrument_str": "brass_acoustic_006", "instrument": 43, "sample_rate": 16000, "qualities_str": ["reverb"], "instrument_source": 0, "note_str": "brass_acoustic_006-079-025", "instrument_family": 1, "instrument_family_str": "brass"}, {"qualities": [0, 0, 0, 0, 1, 0, 0, 0, 1, 0], "pitch": 51, "note": 9075, "instrument_source_str": "acoustic", "velocity": 127, "instrument_str": "brass_acoustic_006", "instrument": 43, "sample_rate": 16000, "qualities_str": ["long_release", "reverb"], "instrument_source": 0, "note_str": "brass_acoustic_006-051-127", "instrument_family": 1, "instrument_family_str": "brass"}, {"qualities": [0, 0, 0, 0, 0, 0, 0, 0, 1, 0], "pitch": 62, "note": 64879, "instrument_source_str": "acoustic", "velocity": 100, "instrument_str": "brass_acoustic_015", "instrument": 121, "sample_rate": 16000, "qualities_str": ["reverb"], "instrument_source": 0, "note_str": "brass_acoustic_015-062-100", "instrument_family": 1, "instrument_family_str": "brass"}, {"qualities": [1, 0, 0, 0, 0, 0, 0, 0, 0, 0], "pitch": 64, "note": 44717, "instrument_source_str": "acoustic", "velocity": 75, "instrument_str": "brass_acoustic_046", "instrument": 414, "sample_rate": 16000, "qualities_str": ["bright"], "instrument_source": 0, "note_str": "brass_acoustic_046-064-075", "instrument_family": 1, "instrument_family_str": "brass"}, {"qualities": [1, 0, 0, 0, 0, 0, 0, 0, 0, 0], "pitch": 65, "note": 42861, "instrument_source_str": "acoustic", "velocity": 75, "instrument_str": "brass_acoustic_016", "instrument": 128, "sample_rate": 16000, "qualities_str": ["bright"], "instrument_source": 0, "note_str": "brass_acoustic_016-065-075", "instrument_family": 1, "instrument_family_str": "brass"}, {"qualities": [0, 0, 0, 0, 1, 0, 0, 0, 0, 0], "pitch": 84, "note": 1339, "instrument_source_str": "acoustic", "velocity": 25, "instrument_str": "brass_acoustic_046", "instrument": 414, "sample_rate": 16000, "qualities_str": ["long_release"], "instrument_source": 0, "note_str": "brass_acoustic_046-084-025", "instrument_family": 1, "instrument_family_str": "brass"}, {"qualities": [1, 0, 0, 0, 0, 0, 0, 0, 1, 0], "pitch": 41, "note": 32768, "instrument_source_str": "acoustic", "velocity": 75, "instrument_str": "brass_acoustic_059", "instrument": 572, "sample_rate": 16000, "qualities_str": ["bright", "reverb"], "instrument_source": 0, "note_str": "brass_acoustic_059-041-075", "instrument_family": 1, "instrument_family_str": "brass"}, {"qualities": [0, 0, 0, 0, 1, 0, 0, 0, 0, 0], "pitch": 96, "note": 17316, "instrument_source_str": "acoustic", "velocity": 127, "instrument_str": "brass_acoustic_046", "instrument": 414, "sample_rate": 16000, "qualities_str": ["long_release"], "instrument_source": 0, "note_str": "brass_acoustic_046-096-127", "instrument_family": 1, "instrument_family_str": "brass"}, {"qualities": [0, 0, 0, 0, 1, 0, 0, 0, 0, 0], "pitch": 104, "note": 65124, "instrument_source_str": "acoustic", "velocity": 50, "instrument_str": "brass_acoustic_046", "instrument": 414, "sample_rate": 16000, "qualities_str": ["long_release"], "instrument_source": 0, "note_str": "brass_acoustic_046-104-050", "instrument_family": 1, "instrument_family_str": "brass"}, {"qualities": [0, 0, 0, 0, 0, 0, 0, 0, 1, 0], "pitch": 27, "note": 63957, "instrument_source_str": "acoustic", "velocity": 50, "instrument_str": "brass_acoustic_006", "instrument": 43, "sample_rate": 16000, "qualities_str": ["reverb"], "instrument_source": 0, "note_str": "brass_acoustic_006-027-050", "instrument_family": 1, "instrument_family_str": "brass"}, {"qualities": [0, 0, 0, 0, 0, 0, 0, 0, 1, 0], "pitch": 51, "note": 48750, "instrument_source_str": "acoustic", "velocity": 127, "instrument_str": "brass_acoustic_059", "instrument": 572, "sample_rate": 16000, "qualities_str": ["reverb"], "instrument_source": 0, "note_str": "brass_acoustic_059-051-127", "instrument_family": 1, "instrument_family_str": "brass"}, {"qualities": [1, 0, 0, 0, 0, 0, 0, 0, 0, 0], "pitch": 80, "note": 90133, "instrument_source_str": "acoustic", "velocity": 75, "instrument_str": "brass_acoustic_016", "instrument": 128, "sample_rate": 16000, "qualities_str": ["bright"], "instrument_source": 0, "note_str": "brass_acoustic_016-080-075", "instrument_family": 1, "instrument_family_str": "brass"}, {"qualities": [0, 0, 0, 0, 0, 0, 0, 0, 0, 0], "pitch": 53, "note": 70854, "instrument_source_str": "acoustic", "velocity": 25, "instrument_str": "brass_acoustic_046", "instrument": 414, "sample_rate": 16000, "qualities_str": [], "instrument_source": 0, "note_str": "brass_acoustic_046-053-025", "instrument_family": 1, "instrument_family_str": "brass"}, {"qualities": [0, 0, 0, 0, 0, 0, 0, 0, 0, 0], "pitch": 86, "note": 40709, "instrument_source_str": "acoustic", "velocity": 75, "instrument_str": "brass_acoustic_016", "instrument": 128, "sample_rate": 16000, "qualities_str": [], "instrument_source": 0, "note_str": "brass_acoustic_016-086-075", "instrument_family": 1, "instrument_family_str": "brass"}, {"qualities": [1, 0, 0, 0, 0, 0, 0, 0, 0, 0], "pitch": 83, "note": 28147, "instrument_source_str": "acoustic", "velocity": 50, "instrument_str": "brass_acoustic_016", "instrument": 128, "sample_rate": 16000, "qualities_str": ["bright"], "instrument_source": 0, "note_str": "brass_acoustic_016-083-050", "instrument_family": 1, "instrument_family_str": "brass"}, {"qualities": [0, 0, 0, 0, 0, 0, 0, 0, 0, 0], "pitch": 57, "note": 52362, "instrument_source_str": "acoustic", "velocity": 100, "instrument_str": "brass_acoustic_016", "instrument": 128, "sample_rate": 16000, "qualities_str": [], "instrument_source": 0, "note_str": "brass_acoustic_016-057-100", "instrument_family": 1, "instrument_family_str": "brass"}, {"qualities": [0, 0, 0, 0, 0, 0, 0, 0, 1, 0], "pitch": 77, "note": 15419, "instrument_source_str": "acoustic", "velocity": 75, "instrument_str": "brass_acoustic_015", "instrument": 121, "sample_rate": 16000, "qualities_str": ["reverb"], "instrument_source": 0, "note_str": "brass_acoustic_015-077-075", "instrument_family": 1, "instrument_family_str": "brass"}, {"qualities": [1, 0, 0, 0, 0, 0, 0, 0, 0, 0], "pitch": 75, "note": 18097, "instrument_source_str": "acoustic", "velocity": 75, "instrument_str": "brass_acoustic_016", "instrument": 128, "sample_rate": 16000, "qualities_str": ["bright"], "instrument_source": 0, "note_str": "brass_acoustic_016-075-075", "instrument_family": 1, "instrument_family_str": "brass"}, {"qualities": [1, 0, 0, 0, 0, 0, 0, 0, 0, 0], "pitch": 77, "note": 74782, "instrument_source_str": "acoustic", "velocity": 100, "instrument_str": "brass_acoustic_016", "instrument": 128, "sample_rate": 16000, "qualities_str": ["bright"], "instrument_source": 0, "note_str": "brass_acoustic_016-077-100", "instrument_family": 1, "instrument_family_str": "brass"}, {"qualities": [1, 0, 0, 0, 0, 0, 0, 0, 0, 0], "pitch": 72, "note": 49327, "instrument_source_str": "acoustic", "velocity": 25, "instrument_str": "brass_acoustic_016", "instrument": 128, "sample_rate": 16000, "qualities_str": ["bright"], "instrument_source": 0, "note_str": "brass_acoustic_016-072-025", "instrument_family": 1, "instrument_family_str": "brass"}, {"qualities": [0, 0, 0, 0, 0, 0, 0, 0, 1, 0], "pitch": 77, "note": 29208, "instrument_source_str": "acoustic", "velocity": 100, "instrument_str": "brass_acoustic_015", "instrument": 121, "sample_rate": 16000, "qualities_str": ["reverb"], "instrument_source": 0, "note_str": "brass_acoustic_015-077-100", "instrument_family": 1, "instrument_family_str": "brass"}, {"qualities": [0, 0, 0, 0, 0, 0, 0, 0, 1, 0], "pitch": 37, "note": 35883, "instrument_source_str": "acoustic", "velocity": 100, "instrument_str": "brass_acoustic_059", "instrument": 572, "sample_rate": 16000, "qualities_str": ["reverb"], "instrument_source": 0, "note_str": "brass_acoustic_059-037-100", "instrument_family": 1, "instrument_family_str": "brass"}, {"qualities": [0, 0, 0, 0, 0, 0, 0, 0, 1, 0], "pitch": 75, "note": 126, "instrument_source_str": "acoustic", "velocity": 50, "instrument_str": "brass_acoustic_015", "instrument": 121, "sample_rate": 16000, "qualities_str": ["reverb"], "instrument_source": 0, "note_str": "brass_acoustic_015-075-050", "instrument_family": 1, "instrument_family_str": "brass"}, {"qualities": [0, 0, 0, 0, 1, 0, 0, 0, 0, 0], "pitch": 86, "note": 79489, "instrument_source_str": "acoustic", "velocity": 25, "instrument_str": "brass_acoustic_046", "instrument": 414, "sample_rate": 16000, "qualities_str": ["long_release"], "instrument_source": 0, "note_str": "brass_acoustic_046-086-025", "instrument_family": 1, "instrument_family_str": "brass"}, {"qualities": [0, 0, 0, 0, 0, 0, 0, 0, 1, 0], "pitch": 43, "note": 85971, "instrument_source_str": "acoustic", "velocity": 25, "instrument_str": "brass_acoustic_006", "instrument": 43, "sample_rate": 16000, "qualities_str": ["reverb"], "instrument_source": 0, "note_str": "brass_acoustic_006-043-025", "instrument_family": 1, "instrument_family_str": "brass"}, {"qualities": [0, 0, 0, 0, 0, 0, 0, 0, 1, 0], "pitch": 55, "note": 89527, "instrument_source_str": "acoustic", "velocity": 50, "instrument_str": "brass_acoustic_006", "instrument": 43, "sample_rate": 16000, "qualities_str": ["reverb"], "instrument_source": 0, "note_str": "brass_acoustic_006-055-050", "instrument_family": 1, "instrument_family_str": "brass"}, {"qualities": [0, 0, 0, 0, 0, 0, 0, 0, 1, 0], "pitch": 70, "note": 11943, "instrument_source_str": "acoustic", "velocity": 25, "instrument_str": "brass_acoustic_015", "instrument": 121, "sample_rate": 16000, "qualities_str": ["reverb"], "instrument_source": 0, "note_str": "brass_acoustic_015-070-025", "instrument_family": 1, "instrument_family_str": "brass"}, {"qualities": [0, 0, 0, 0, 0, 0, 0, 0, 0, 0], "pitch": 53, "note": 77408, "instrument_source_str": "acoustic", "velocity": 75, "instrument_str": "brass_acoustic_046", "instrument": 414, "sample_rate": 16000, "qualities_str": [], "instrument_source": 0, "note_str": "brass_acoustic_046-053-075", "instrument_family": 1, "instrument_family_str": "brass"}, {"qualities": [0, 0, 0, 0, 1, 0, 0, 0, 0, 0], "pitch": 98, "note": 81496, "instrument_source_str": "acoustic", "velocity": 25, "instrument_str": "brass_acoustic_046", "instrument": 414, "sample_rate": 16000, "qualities_str": ["long_release"], "instrument_source": 0, "note_str": "brass_acoustic_046-098-025", "instrument_family": 1, "instrument_family_str": "brass"}, {"qualities": [1, 0, 0, 0, 0, 0, 0, 0, 0, 0], "pitch": 81, "note": 22003, "instrument_source_str": "acoustic", "velocity": 50, "instrument_str": "brass_acoustic_016", "instrument": 128, "sample_rate": 16000, "qualities_str": ["bright"], "instrument_source": 0, "note_str": "brass_acoustic_016-081-050", "instrument_family": 1, "instrument_family_str": "brass"}, {"qualities": [0, 0, 0, 0, 0, 0, 0, 0, 1, 0], "pitch": 39, "note": 82901, "instrument_source_str": "acoustic", "velocity": 50, "instrument_str": "brass_acoustic_059", "instrument": 572, "sample_rate": 16000, "qualities_str": ["reverb"], "instrument_source": 0, "note_str": "brass_acoustic_059-039-050", "instrument_family": 1, "instrument_family_str": "brass"}, {"qualities": [0, 0, 0, 0, 0, 0, 0, 0, 1, 0], "pitch": 32, "note": 91563, "instrument_source_str": "acoustic", "velocity": 127, "instrument_str": "brass_acoustic_006", "instrument": 43, "sample_rate": 16000, "qualities_str": ["reverb"], "instrument_source": 0, "note_str": "brass_acoustic_006-032-127", "instrument_family": 1, "instrument_family_str": "brass"}, {"qualities": [1, 0, 0, 0, 0, 0, 0, 0, 0, 0], "pitch": 68, "note": 88164, "instrument_source_str": "acoustic", "velocity": 127, "instrument_str": "brass_acoustic_016", "instrument": 128, "sample_rate": 16000, "qualities_str": ["bright"], "instrument_source": 0, "note_str": "brass_acoustic_016-068-127", "instrument_family": 1, "instrument_family_str": "brass"}, {"qualities": [0, 1, 0, 0, 0, 0, 0, 0, 1, 0], "pitch": 47, "note": 74899, "instrument_source_str": "acoustic", "velocity": 50, "instrument_str": "brass_acoustic_059", "instrument": 572, "sample_rate": 16000, "qualities_str": ["dark", "reverb"], "instrument_source": 0, "note_str": "brass_acoustic_059-047-050", "instrument_family": 1, "instrument_family_str": "brass"}, {"qualities": [0, 0, 0, 0, 0, 0, 0, 0, 1, 0], "pitch": 32, "note": 61439, "instrument_source_str": "acoustic", "velocity": 100, "instrument_str": "brass_acoustic_006", "instrument": 43, "sample_rate": 16000, "qualities_str": ["reverb"], "instrument_source": 0, "note_str": "brass_acoustic_006-032-100", "instrument_family": 1, "instrument_family_str": "brass"}, {"qualities": [0, 0, 0, 0, 0, 0, 0, 0, 1, 0], "pitch": 80, "note": 74207, "instrument_source_str": "acoustic", "velocity": 25, "instrument_str": "brass_acoustic_006", "instrument": 43, "sample_rate": 16000, "qualities_str": ["reverb"], "instrument_source": 0, "note_str": "brass_acoustic_006-080-025", "instrument_family": 1, "instrument_family_str": "brass"}, {"qualities": [0, 0, 0, 0, 0, 0, 0, 0, 0, 0], "pitch": 89, "note": 69621, "instrument_source_str": "acoustic", "velocity": 25, "instrument_str": "brass_acoustic_016", "instrument": 128, "sample_rate": 16000, "qualities_str": [], "instrument_source": 0, "note_str": "brass_acoustic_016-089-025", "instrument_family": 1, "instrument_family_str": "brass"}, {"qualities": [0, 0, 0, 0, 0, 0, 0, 0, 1, 0], "pitch": 88, "note": 35344, "instrument_source_str": "acoustic", "velocity": 75, "instrument_str": "brass_acoustic_006", "instrument": 43, "sample_rate": 16000, "qualities_str": ["reverb"], "instrument_source": 0, "note_str": "brass_acoustic_006-088-075", "instrument_family": 1, "instrument_family_str": "brass"}]