[{"qualities": [0, 0, 0, 0, 0, 0, 0, 0, 1, 0], "pitch": 77, "note": 72001, "instrument_source_str": "acoustic", "velocity": 100, "instrument_str": "flute_acoustic_002", "instrument": 86, "sample_rate": 16000, "qualities_str": ["reverb"], "instrument_source": 0, "note_str": "flute_acoustic_002-077-100", "instrument_family": 2, "instrument_family_str": "flute"}, {"qualities": [0, 0, 1, 0, 0, 0, 0, 0, 0, 0], "pitch": 53, "note": 37336, "instrument_source_str": "synthetic", "velocity": 25, "instrument_str": "flute_synthetic_000", "instrument": 82, "sample_rate": 16000, "qualities_str": ["distortion"], "instrument_source": 2, "note_str": "flute_synthetic_000-053-025", "instrument_family": 2, "instrument_family_str": "flute"}, {"qualities": [1, 0, 0, 0, 0, 0, 0, 0, 1, 0], "pitch": 105, "note": 25438, "instrument_source_str": "acoustic", "velocity": 100, "instrument_str": "flute_acoustic_002", "instrument": 86, "sample_rate": 16000, "qualities_str": ["bright", "reverb"], "instrument_source": 0, "note_str": "flute_acoustic_002-105-100", "instrument_family": 2, "instrument_family_str": "flute"}, {"qualities": [0, 0, 0, 0, 1, 0, 0, 0, 1, 0], "pitch": 96, "note": 124189, "instrument_source_str": "acoustic", "velocity": 50, "instrument_str": "flute_acoustic_002", "instrument": 86, "sample_rate": 16000, "qualities_str": ["long_release", "reverb"], "instrument_source": 0, "note_str": "flute_acoustic_002-096-050", "instrument_family": 2, "instrument_family_str": "flute"}, {"qualities": [1, 0, 0, 0, 0, 0, 0, 0, 1, 0], "pitch": 105, "note": 45066, "instrument_source_str": "acoustic", "velocity": 75, "instrument_str": "flute_acoustic_002", "instrument": 86, "sample_rate": 16000, "qualities_str": ["bright", "reverb"], "instrument_source": 0, "note_str": "flute_acoustic_002-105-075", "instrument_family": 2, "instrument_family_str": "flute"}, {"qualities": [0, 0, 0, 0, 0, 0, 0, 0, 1, 0], "pitch": 78, "note": 18816, "instrument_source_str": "acoustic", "velocity": 50, "instrument_str": "flute_acoustic_002", "instrument": 86, "sample_rate": 16000, "qualities_str": ["reverb"], "instrument_source": 0, "note_str": "flute_acoustic_002-078-050", "instrument_family": 2, "instrument_family_str": "flute"}, {"qualities": [0, 0, 1, 0, 0, 0, 0, 0, 0, 0], "pitch": 51, "note": 72712, "instrument_source_str": "synthetic", "velocity": 100, "instrument_str": "flute_synthetic_000", "instrument": 82, "sample_rate": 16000, "qualities_str": ["distortion"], "instrument_source": 2, "note_str": "flute_synthetic_000-051-100", "instrument_family": 2, "instrument_family_str": "flute"}, {"qualities": [0, 0, 1, 0, 0, 0, 0, 0, 0, 0], "pitch": 91, "note": 28363, "instrument_source_str": "synthetic", "velocity": 50, "instrument_str": "flute_synthetic_000", "instrument": 82, "sample_rate": 16000, "qualities_str": ["distortion"], "instrument_source": 2, "note_str": "flute_synthetic_000-091-050", "instrument_family": 2, "instrument_family_str": "flute"}, {"qualities": [0, 0, 0, 0, 1, 0, 0, 0, 1, 0], "pitch": 95, "note": 66188, "instrument_source_str": "acoustic", "velocity": 50, "instrument_str": "flute_acoustic_002", "instrument": 86, "sample_rate": 16000, "qualities_str": ["long_release", "reverb"], "instrument_source": 0, "note_str": "flute_acoustic_002-095-050", "instrument_family": 2, "instrument_family_str": "flute"}, {"qualities": [1, 0, 1, 0, 0, 0, 0, 0, 0, 0], "pitch": 100, "note": 138082, "instrument_source_str": "synthetic", "velocity": 75, "instrument_str": "flute_synthetic_000", "instrument": 82, "sample_rate": 16000, "qualities_str": ["bright", "distortion"], "instrument_source": 2, "note_str": "flute_synthetic_000-100-075", "instrument_family": 2, "instrument_family_str": "flute"}, {"qualities": [0, 0, 1, 0, 0, 0, 0, 0, 0, 0], "pitch": 86, "note": 112224, "instrument_source_str": "synthetic", "velocity": 75, "instrument_str": "flute_synthetic_000", "instrument": 82, "sample_rate": 16000, "qualities_str": ["distortion"], "instrument_source": 2, "note_str": "flute_synthetic_000-086-075", "instrument_family": 2, "instrument_family_str": "flute"}, {"qualities": [0, 0, 1, 0, 0, 0, 0, 0, 0, 0], "pitch": 24, "note": 111584, "instrument_source_str": "synthetic", "velocity": 50, "instrument_str": "flute_synthetic_000", "instrument": 82, "sample_rate": 16000, "qualities_str": ["distortion"], "instrument_source": 2, "note_str": "flute_synthetic_000-024-050", "instrument_family": 2, "instrument_family_str": "flute"}, {"qualities": [0, 0, 1, 0, 0, 0, 0, 0, 0, 0], "pitch": 26, "note": 130281, "instrument_source_str": "synthetic", "velocity": 25, "instrument_str": "flute_synthetic_000", "instrument": 82, "sample_rate": 16000, "qualities_str": ["distortion"], "instrument_source": 2, "note_str": "flute_synthetic_000-026-025", "instrument_family": 2, "instrument_family_str": "flute"}, {"qualities": [0, 0, 0, 0, 0, 0, 0, 0, 1, 0], "pitch": 81, "note": 80858, "instrument_source_str": "acoustic", "velocity": 75, "instrument_str": "flute_acoustic_002", "instrument": 86, "sample_rate": 16000, "qualities_str": ["reverb"], "instrument_source": 0, "note_str": "flute_acoustic_002-081-075", "instrument_family": 2, "instrument_family_str": "flute"}, {"qualities": [0, 0, 0, 0, 0, 0, 0, 0, 1, 0], "pitch": 85, "note": 93233, "instrument_source_str": "acoustic", "velocity": 127, "instrument_str": "flute_acoustic_002", "instrument": 86, "sample_rate": 16000, "qualities_str": ["reverb"], "instrument_source": 0, "note_str": "flute_acoustic_002-085-127", "instrument_family": 2, "instrument_family_str": "flute"}, {"qualities": [0, 0, 1, 0, 0, 0, 0, 0, 0, 0], "pitch": 64, "note": 19880, "instrument_source_str": "synthetic", "velocity": 100, "instrument_str": "flute_synthetic_000", "instrument": 82, "sample_rate": 16000, "qualities_str": ["distortion"], "instrument_source": 2, "note_str": "flute_synthetic_000-064-100", "instrument_family": 2, "instrument_family_str": "flute"}, {"qualities": [0, 0, 1, 0, 0, 0, 0, 0, 0, 0], "pitch": 72, "note": 61159, "instrument_source_str": "synthetic", "velocity": 50, "instrument_str": "flute_synthetic_000", "instrument": 82, "sample_rate": 16000, "qualities_str": ["distortion"], "instrument_source": 2, "note_str": "flute_synthetic_000-072-050", "instrument_family": 2, "instrument_family_str": "flute"}, {"qualities": [0, 0, 1, 0, 0, 0, 0, 0, 0, 0], "pitch": 91, "note": 69841, "instrument_source_str": "synthetic", "velocity": 100, "instrument_str": "flute_synthetic_000", "instrument": 82, "sample_rate": 16000, "qualities_str": ["distortion"], "instrument_source": 2, "note_str": "flute_synthetic_000-091-100", "instrument_family": 2, "instrument_family_str": "flute"}, {"qualities": [0, 0, 1, 0, 0, 0, 0, 0, 0, 0], "pitch": 97, "note": 136340, "instrument_source_str": "synthetic", "velocity": 25, "instrument_str": "flute_synthetic_000", "instrument": 82, "sample_rate": 16000, "qualities_str": ["distortion"], "instrument_source": 2, "note_str": "flute_synthetic_000-097-025", "instrument_family": 2, "instrument_family_str": "flute"}, {"qualities": [0, 0, 0, 0, 1, 0, 0, 0, 1, 0], "pitch": 91, "note": 80079, "instrument_source_str": "acoustic", "velocity": 100, "instrument_str": "flute_acoustic_002", "instrument": 86, "sample_rate": 16000, "qualities_str": ["long_release", "reverb"], "instrument_source": 0, "note_str": "flute_acoustic_002-091-100", "instrument_family": 2, "instrument_family_str": "flute"}, {"qualities": [0, 0, 1, 0, 0, 0, 0, 0, 0, 0], "pitch": 47, "note": 25690, "instrument_source_str": "synthetic", "velocity": 75, "instrument_str": "flute_synthetic_000", "instrument": 82, "sample_rate": 16000, "qualities_str": ["distortion"], "instrument_source": 2, "note_str": "flute_synthetic_000-047-075", "instrument_family": 2, "instrument_family_str": "flute"}, {"qualities": [0, 0, 1, 0, 0, 0, 0, 0, 0, 0], "pitch": 92, "note": 17005, "instrument_source_str": "synthetic", "velocity": 75, "instrument_str": "flute_synthetic_000", "instrument": 82, "sample_rate": 16000, "qualities_str": ["distortion"], "instrument_source": 2, "note_str": "flute_synthetic_000-092-075", "instrument_family": 2, "instrument_family_str": "flute"}, {"qualities": [1, 0, 0, 0, 0, 0, 0, 0, 1, 0], "pitch": 103, "note": 126313, "instrument_source_str": "acoustic", "velocity": 50, "instrument_str": "flute_acoustic_002", "instrument": 86, "sample_rate": 16000, "qualities_str": ["bright", "reverb"], "instrument_source": 0, "note_str": "flute_acoustic_002-103-050", "instrument_family": 2, "instrument_family_str": "flute"}, {"qualities": [0, 0, 1, 0, 0, 0, 0, 0, 0, 0], "pitch": 49, "note": 100955, "instrument_source_str": "synthetic", "velocity": 100, "instrument_str": "flute_synthetic_000", "instrument": 82, "sample_rate": 16000, "qualities_str": ["distortion"], "instrument_source": 2, "note_str": "flute_synthetic_000-049-100", "instrument_family": 2, "instrument_family_str": "flute"}, {"qualities": [0, 0, 1, 0, 0, 0, 0, 0, 0, 0], "pitch": 39, "note": 125943, "instrument_source_str": "synthetic", "velocity": 100, "instrument_str": "flute_synthetic_000", "instrument": 82, "sample_rate": 16000, "qualities_str": ["distortion"], "instrument_source": 2, "note_str": "flute_synthetic_000-039-100", "instrument_family": 2, "instrument_family_str": "flute"}, {"qualities": [0, 0, 1, 0, 0, 0, 0, 0, 0, 0], "pitch": 30, "note": 73350, "instrument_source_str": "synthetic", "velocity": 75, "instrument_str": "flute_synthetic_000", "instrument": 82, "sample_rate": 16000, "qualities_str": ["distortion"], "instrument_source": 2, "note_str": "flute_synthetic_000-030-075", "instrument_family": 2, "instrument_family_str": "flute"}, {"qualities": [0, 0, 1, 0, 0, 0, 0, 0, 0, 0], "pitch": 43, "note": 130490, "instrument_source_str": "synthetic", "velocity": 50, "instrument_str": "flute_synthetic_000", "instrument": 82, "sample_rate": 16000, "qualities_str": ["distortion"], "instrument_source": 2, "note_str": "flute_synthetic_000-043-050", "instrument_family": 2, "instrument_family_str": "flute"}, {"qualities": [0, 0, 1, 0, 0, 0, 0, 0, 0, 0], "pitch": 30, "note": 139322, "instrument_source_str": "synthetic", "velocity": 100, "instrument_str": "flute_synthetic_000", "instrument": 82, "sample_rate": 16000, "qualities_str": ["distortion"], "instrument_source": 2, "note_str": "flute_synthetic_000-030-100", "instrument_family": 2, "instrument_family_str": "flute"}, {"qualities": [1, 0, 1, 0, 0, 0, 0, 0, 0, 0], "pitch": 99, "note": 17945, "instrument_source_str": "synthetic", "velocity": 127, "instrument_str": "flute_synthetic_000", "instrument": 82, "sample_rate": 16000, "qualities_str": ["bright", "distortion"], "instrument_source": 2, "note_str": "flute_synthetic_000-099-127", "instrument_family": 2, "instrument_family_str": "flute"}, {"qualities": [0, 0, 1, 0, 0, 0, 0, 0, 0, 0], "pitch": 73, "note": 38866, "instrument_source_str": "synthetic", "velocity": 127, "instrument_str": "flute_synthetic_000", "instrument": 82, "sample_rate": 16000, "qualities_str": ["distortion"], "instrument_source": 2, "note_str": "flute_synthetic_000-073-127", "instrument_family": 2, "instrument_family_str": "flute"}, {"qualities": [0, 0, 1, 0, 0, 0, 0, 0, 0, 0], "pitch": 23, "note": 33024, "instrument_source_str": "synthetic", "velocity": 50, "instrument_str": "flute_synthetic_000", "instrument": 82, "sample_rate": 16000, "qualities_str": ["distortion"], "instrument_source": 2, "note_str": "flute_synthetic_000-023-050", "instrument_family": 2, "instrument_family_str": "flute"}, {"qualities": [1, 0, 0, 0, 0, 0, 0, 0, 1, 0], "pitch": 99, "note": 87549, "instrument_source_str": "acoustic", "velocity": 50, "instrument_str": "flute_acoustic_002", "instrument": 86, "sample_rate": 16000, "qualities_str": ["bright", "reverb"], "instrument_source": 0, "note_str": "flute_acoustic_002-099-050", "instrument_family": 2, "instrument_family_str": "flute"}, {"qualities": [0, 0, 1, 0, 0, 0, 0, 0, 0, 0], "pitch": 76, "note": 64977, "instrument_source_str": "synthetic", "velocity": 25, "instrument_str": "flute_synthetic_000", "instrument": 82, "sample_rate": 16000, "qualities_str": ["distortion"], "instrument_source": 2, "note_str": "flute_synthetic_000-076-025", "instrument_family": 2, "instrument_family_str": "flute"}, {"qualities": [0, 0, 1, 0, 0, 0, 0, 0, 0, 0], "pitch": 57, "note": 84421, "instrument_source_str": "synthetic", "velocity": 50, "instrument_str": "flute_synthetic_000", "instrument": 82, "sample_rate": 16000, "qualities_str": ["distortion"], "instrument_source": 2, "note_str": "flute_synthetic_000-057-050", "instrument_family": 2, "instrument_family_str": "flute"}, {"qualities": [0, 0, 0, 0, 0, 0, 0, 0, 1, 0], "pitch": 98, "note": 132246, "instrument_source_str": "acoustic", "velocity": 25, "instrument_str": "flute_acoustic_002", "instrument": 86, "sample_rate": 16000, "qualities_str": ["reverb"], "instrument_source": 0, "note_str": "flute_acoustic_002-098-025", "instrument_family": 2, "instrument_family_str": "flute"}, {"qualities": [1, 0, 0, 0, 0, 0, 0, 0, 1, 0], "pitch": 105, "note": 111644, "instrument_source_str": "acoustic", "velocity": 127, "instrument_str": "flute_acoustic_002", "instrument": 86, "sample_rate": 16000, "qualities_str": ["bright", "reverb"], "instrument_source": 0, "note_str": "flute_acoustic_002-105-127", "instrument_family": 2, "instrument_family_str": "flute"}, {"qualities": [0, 0, 1, 0, 0, 0, 0, 0, 0, 0], "pitch": 31, "note": 128770, "instrument_source_str": "synthetic", "velocity": 25, "instrument_str": "flute_synthetic_000", "instrument": 82, "sample_rate": 16000, "qualities_str": ["distortion"], "instrument_source": 2, "note_str": "flute_synthetic_000-031-025", "instrument_family": 2, "instrument_family_str": "flute"}, {"qualities": [0, 0, 0, 0, 0, 0, 0, 0, 1, 0], "pitch": 74, "note": 27273, "instrument_source_str": "acoustic", "velocity": 25, "instrument_str": "flute_acoustic_002", "instrument": 86, "sample_rate": 16000, "qualities_str": ["reverb"], "instrument_source": 0, "note_str": "flute_acoustic_002-074-025", "instrument_family": 2, "instrument_family_str": "flute"}, {"qualities": [0, 0, 1, 0, 0, 0, 0, 0, 0, 0], "pitch": 57, "note": 104689, "instrument_source_str": "synthetic", "velocity": 25, "instrument_str": "flute_synthetic_000", "instrument": 82, "sample_rate": 16000, "qualities_str": ["distortion"], "instrument_source": 2, "note_str": "flute_synthetic_000-057-025", "instrument_family": 2, "instrument_family_str": "flute"}, {"qualities": [0, 0, 0, 0, 0, 0, 0, 0, 1, 0], "pitch": 93, "note": 58713, "instrument_source_str": "acoustic", "velocity": 100, "instrument_str": "flute_acoustic_002", "instrument": 86, "sample_rate": 16000, "qualities_str": ["reverb"], "instrument_source": 0, "note_str": "flute_acoustic_002-093-100", "instrument_family": 2, "instrument_family_str": "flute"}, {"qualities": [0, 0, 1, 0, 0, 0, 0, 0, 0, 0], "pitch": 21, "note": 16657, "instrument_source_str": "synthetic", "velocity": 127, "instrument_str": "flute_synthetic_000", "instrument": 82, "sample_rate": 16000, "qualities_str": ["distortion"], "instrument_source": 2, "note_str": "flute_synthetic_000-021-127", "instrument_family": 2, "instrument_family_str": "flute"}, {"qualities": [1, 0, 1, 0, 0, 0, 0, 0, 0, 0], "pitch": 106, "note": 128830, "instrument_source_str": "synthetic", "velocity": 100, "instrument_str": "flute_synthetic_000", "instrument": 82, "sample_rate": 16000, "qualities_str": ["bright", "distortion"], "instrument_source": 2, "note_str": "flute_synthetic_000-106-100", "instrument_family": 2, "instrument_family_str": "flute"}, {"qualities": [0, 0, 1, 0, 0, 0, 0, 0, 0, 0], "pitch": 49, "note": 129578, "instrument_source_str": "synthetic", "velocity": 25, "instrument_str": "flute_synthetic_000", "instrument": 82, "sample_rate": 16000, "qualities_str": ["distortion"], "instrument_source": 2, "note_str": "flute_synthetic_000-049-025", "instrument_family": 2, "instrument_family_str": "flute"}, {"qualities": [0, 0, 0, 0, 0, 0, 0, 0, 1, 0], "pitch": 92, "note": 44046, "instrument_source_str": "acoustic", "velocity": 127, "instrument_str": "flute_acoustic_002", "instrument": 86, "sample_rate": 16000, "qualities_str": ["reverb"], "instrument_source": 0, "note_str": "flute_acoustic_002-092-127", "instrument_family": 2, "instrument_family_str": "flute"}, {"qualities": [1, 0, 1, 0, 0, 0, 0, 0, 0, 0], "pitch": 104, "note": 114489, "instrument_source_str": "synthetic", "velocity": 25, "instrument_str": "flute_synthetic_000", "instrument": 82, "sample_rate": 16000, "qualities_str": ["bright", "distortion"], "instrument_source": 2, "note_str": "flute_synthetic_000-104-025", "instrument_family": 2, "instrument_family_str": "flute"}, {"qualities": [1, 0, 1, 0, 0, 0, 0, 0, 0, 0], "pitch": 107, "note": 35815, "instrument_source_str": "synthetic", "velocity": 127, "instrument_str": "flute_synthetic_000", "instrument": 82, "sample_rate": 16000, "qualities_str": ["bright", "distortion"], "instrument_source": 2, "note_str": "flute_synthetic_000-107-127", "instrument_family": 2, "instrument_family_str": "flute"}, {"qualities": [0, 0, 1, 0, 0, 0, 0, 0, 0, 0], "pitch": 61, "note": 18775, "instrument_source_str": "synthetic", "velocity": 75, "instrument_str": "flute_synthetic_000", "instrument": 82, "sample_rate": 16000, "qualities_str": ["distortion"], "instrument_source": 2, "note_str": "flute_synthetic_000-061-075", "instrument_family": 2, "instrument_family_str": "flute"}, {"qualities": [0, 0, 0, 0, 1, 0, 0, 0, 1, 0], "pitch": 67, "note": 126054, "instrument_source_str": "acoustic", "velocity": 50, "instrument_str": "flute_acoustic_002", "instrument": 86, "sample_rate": 16000, "qualities_str": ["long_release", "reverb"], "instrument_source": 0, "note_str": "flute_acoustic_002-067-050", "instrument_family": 2, "instrument_family_str": "flute"}, {"qualities": [0, 0, 0, 0, 1, 0, 0, 0, 1, 0], "pitch": 84, "note": 95246, "instrument_source_str": "acoustic", "velocity": 75, "instrument_str": "flute_acoustic_002", "instrument": 86, "sample_rate": 16000, "qualities_str": ["long_release", "reverb"], "instrument_source": 0, "note_str": "flute_acoustic_002-084-075", "instrument_family": 2, "instrument_family_str": "flute"}, {"qualities": [0, 0, 1, 0, 0, 0, 0, 0, 0, 0], "pitch": 98, "note": 105844, "instrument_source_str": "synthetic", "velocity": 75, "instrument_str": "flute_synthetic_000", "instrument": 82, "sample_rate": 16000, "qualities_str": ["distortion"], "instrument_source": 2, "note_str": "flute_synthetic_000-098-075", "instrument_family": 2, "instrument_family_str": "flute"}, {"qualities": [0, 0, 1, 0, 0, 0, 0, 0, 0, 0], "pitch": 35, "note": 125427, "instrument_source_str": "synthetic", "velocity": 50, "instrument_str": "flute_synthetic_000", "instrument": 82, "sample_rate": 16000, "qualities_str": ["distortion"], "instrument_source": 2, "note_str": "flute_synthetic_000-035-050", "instrument_family": 2, "instrument_family_str": "flute"}, {"qualities": [1, 0, 1, 0, 0, 0, 0, 0, 0, 0], "pitch": 108, "note": 29274, "instrument_source_str": "synthetic", "velocity": 50, "instrument_str": "flute_synthetic_000", "instrument": 82, "sample_rate": 16000, "qualities_str": ["bright", "distortion"], "instrument_source": 2, "note_str": "flute_synthetic_000-108-050", "instrument_family": 2, "instrument_family_str": "flute"}, {"qualities": [0, 0, 1, 0, 0, 0, 0, 0, 0, 0], "pitch": 96, "note": 78870, "instrument_source_str": "synthetic", "velocity": 100, "instrument_str": "flute_synthetic_000", "instrument": 82, "sample_rate": 16000, "qualities_str": ["distortion"], "instrument_source": 2, "note_str": "flute_synthetic_000-096-100", "instrument_family": 2, "instrument_family_str": "flute"}, {"qualities": [0, 0, 1, 0, 0, 0, 0, 0, 0, 0], "pitch": 23, "note": 63874, "instrument_source_str": "synthetic", "velocity": 100, "instrument_str": "flute_synthetic_000", "instrument": 82, "sample_rate": 16000, "qualities_str": ["distortion"], "instrument_source": 2, "note_str": "flute_synthetic_000-023-100", "instrument_family": 2, "instrument_family_str": "flute"}, {"qualities": [0, 0, 1, 0, 0, 0, 0, 0, 0, 0], "pitch": 26, "note": 93022, "instrument_source_str": "synthetic", "velocity": 100, "instrument_str": "flute_synthetic_000", "instrument": 82, "sample_rate": 16000, "qualities_str": ["distortion"], "instrument_source": 2, "note_str": "flute_synthetic_000-026-100", "instrument_family": 2, "instrument_family_str": "flute"}, {"qualities": [0, 0, 0, 0, 0, 0, 0, 0, 1, 0], "pitch": 86, "note": 88603, "instrument_source_str": "acoustic", "velocity": 75, "instrument_str": "flute_acoustic_002", "instrument": 86, "sample_rate": 16000, "qualities_str": ["reverb"], "instrument_source": 0, "note_str": "flute_acoustic_002-086-075", "instrument_family": 2, "instrument_family_str": "flute"}, {"qualities": [1, 0, 0, 0, 0, 0, 0, 0, 1, 0], "pitch": 106, "note": 94299, "instrument_source_str": "acoustic", "velocity": 50, "instrument_str": "flute_acoustic_002", "instrument": 86, "sample_rate": 16000, "qualities_str": ["bright", "reverb"], "instrument_source": 0, "note_str": "flute_acoustic_002-106-050", "instrument_family": 2, "instrument_family_str": "flute"}, {"qualities": [0, 0, 1, 0, 0, 0, 0, 0, 0, 0], "pitch": 66, "note": 138050, "instrument_source_str": "synthetic", "velocity": 75, "instrument_str": "flute_synthetic_000", "instrument": 82, "sample_rate": 16000, "qualities_str": ["distortion"], "instrument_source": 2, "note_str": "flute_synthetic_000-066-075", "instrument_family": 2, "instrument_family_str": "flute"}, {"qualities": [1, 0, 0, 0, 0, 0, 0, 0, 1, 0], "pitch": 101, "note": 53495, "instrument_source_str": "acoustic", "velocity": 50, "instrument_str": "flute_acoustic_002", "instrument": 86, "sample_rate": 16000, "qualities_str": ["bright", "reverb"], "instrument_source": 0, "note_str": "flute_acoustic_002-101-050", "instrument_family": 2, "instrument_family_str": "flute"}, {"qualities": [0, 0, 1, 0, 0, 0, 0, 0, 0, 0], "pitch": 52, "note": 72570, "instrument_source_str": "synthetic", "velocity": 127, "instrument_str": "flute_synthetic_000", "instrument": 82, "sample_rate": 16000, "qualities_str": ["distortion"], "instrument_source": 2, "note_str": "flute_synthetic_000-052-127", "instrument_family": 2, "instrument_family_str": "flute"}, {"qualities": [0, 0, 1, 0, 0, 0, 0, 0, 0, 0], "pitch": 54, "note": 100180, "instrument_source_str": "synthetic", "velocity": 75, "instrument_str": "flute_synthetic_000", "instrument": 82, "sample_rate": 16000, "qualities_str": ["distortion"], "instrument_source": 2, "note_str": "flute_synthetic_000-054-075", "instrument_family": 2, "instrument_family_str": "flute"}, {"qualities": [0, 0, 1, 0, 0, 0, 0, 0, 0, 0], "pitch": 81, "note": 143992, "instrument_source_str": "synthetic", "velocity": 127, "instrument_str": "flute_synthetic_000", "instrument": 82, "sample_rate": 16000, "qualities_str": ["distortion"], "instrument_source": 2, "note_str": "flute_synthetic_000-081-127", "instrument_family": 2, "instrument_family_str": "flute"}, {"qualities": [0, 0, 1, 0, 0, 0, 0, 0, 0, 0], "pitch": 61, "note": 68165, "instrument_source_str": "synthetic", "velocity": 50, "instrument_str": "flute_synthetic_000", "instrument": 82, "sample_rate": 16000, "qualities_str": ["distortion"], "instrument_source": 2, "note_str": "flute_synthetic_000-061-050", "instrument_family": 2, "instrument_family_str": "flute"}, {"qualities": [0, 0, 0, 0, 0, 0, 0, 0, 1, 0], "pitch": 87, "note": 100319, "instrument_source_str": "acoustic", "velocity": 75, "instrument_str": "flute_acoustic_002", "instrument": 86, "sample_rate": 16000, "qualities_str": ["reverb"], "instrument_source": 0, "note_str": "flute_acoustic_002-087-075", "instrument_family": 2, "instrument_family_str": "flute"}, {"qualities": [0, 0, 1, 0, 0, 0, 0, 0, 0, 0], "pitch": 62, "note": 103591, "instrument_source_str": "synthetic", "velocity": 75, "instrument_str": "flute_synthetic_000", "instrument": 82, "sample_rate": 16000, "qualities_str": ["distortion"], "instrument_source": 2, "note_str": "flute_synthetic_000-062-075", "instrument_family": 2, "instrument_family_str": "flute"}, {"qualities": [0, 0, 1, 0, 0, 0, 0, 0, 0, 0], "pitch": 36, "note": 143261, "instrument_source_str": "synthetic", "velocity": 127, "instrument_str": "flute_synthetic_000", "instrument": 82, "sample_rate": 16000, "qualities_str": ["distortion"], "instrument_source": 2, "note_str": "flute_synthetic_000-036-127", "instrument_family": 2, "instrument_family_str": "flute"}, {"qualities": [1, 0, 1, 0, 0, 0, 0, 0, 0, 0], "pitch": 101, "note": 32645, "instrument_source_str": "synthetic", "velocity": 127, "instrument_str": "flute_synthetic_000", "instrument": 82, "sample_rate": 16000, "qualities_str": ["bright", "distortion"], "instrument_source": 2, "note_str": "flute_synthetic_000-101-127", "instrument_family": 2, "instrument_family_str": "flute"}, {"qualities": [0, 0, 1, 0, 0, 0, 0, 0, 0, 0], "pitch": 25, "note": 83412, "instrument_source_str": "synthetic", "velocity": 100, "instrument_str": "flute_synthetic_000", "instrument": 82, "sample_rate": 16000, "qualities_str": ["distortion"], "instrument_source": 2, "note_str": "flute_synthetic_000-025-100", "instrument_family": 2, "instrument_family_str": "flute"}, {"qualities": [0, 0, 1, 0, 0, 0, 0, 0, 0, 0], "pitch": 57, "note": 68345, "instrument_source_str": "synthetic", "velocity": 100, "instrument_str": "flute_synthetic_000", "instrument": 82, "sample_rate": 16000, "qualities_str": ["distortion"], "instrument_source": 2, "note_str": "flute_synthetic_000-057-100", "instrument_family": 2, "instrument_family_str": "flute"}, {"qualities": [1, 0, 0, 0, 0, 0, 0, 0, 1, 0], "pitch": 101, "note": 67361, "instrument_source_str": "acoustic", "velocity": 75, "instrument_str": "flute_acoustic_002", "instrument": 86, "sample_rate": 16000, "qualities_str": ["bright", "reverb"], "instrument_source": 0, "note_str": "flute_acoustic_002-101-075", "instrument_family": 2, "instrument_family_str": "flute"}, {"qualities": [1, 0, 0, 0, 0, 0, 0, 0, 1, 0], "pitch": 101, "note": 64294, "instrument_source_str": "acoustic", "velocity": 127, "instrument_str": "flute_acoustic_002", "instrument": 86, "sample_rate": 16000, "qualities_str": ["bright", "reverb"], "instrument_source": 0, "note_str": "flute_acoustic_002-101-127", "instrument_family": 2, "instrument_family_str": "flute"}, {"qualities": [0, 0, 1, 0, 0, 0, 0, 0, 0, 0], "pitch": 68, "note": 83086, "instrument_source_str": "synthetic", "velocity": 75, "instrument_str": "flute_synthetic_000", "instrument": 82, "sample_rate": 16000, "qualities_str": ["distortion"], "instrument_source": 2, "note_str": "flute_synthetic_000-068-075", "instrument_family": 2, "instrument_family_str": "flute"}, {"qualities": [0, 0, 0, 0, 0, 0, 0, 0, 1, 0], "pitch": 86, "note": 135559, "instrument_source_str": "acoustic", "velocity": 127, "instrument_str": "flute_acoustic_002", "instrument": 86, "sample_rate": 16000, "qualities_str": ["reverb"], "instrument_source": 0, "note_str": "flute_acoustic_002-086-127", "instrument_family": 2, "instrument_family_str": "flute"}, {"qualities": [0, 0, 1, 0, 0, 0, 0, 0, 0, 0], "pitch": 73, "note": 107546, "instrument_source_str": "synthetic", "velocity": 75, "instrument_str": "flute_synthetic_000", "instrument": 82, "sample_rate": 16000, "qualities_str": ["distortion"], "instrument_source": 2, "note_str": "flute_synthetic_000-073-075", "instrument_family": 2, "instrument_family_str": "flute"}, {"qualities": [0, 0, 1, 0, 0, 0, 0, 0, 0, 0], "pitch": 36, "note": 38909, "instrument_source_str": "synthetic", "velocity": 100, "instrument_str": "flute_synthetic_000", "instrument": 82, "sample_rate": 16000, "qualities_str": ["distortion"], "instrument_source": 2, "note_str": "flute_synthetic_000-036-100", "instrument_family": 2, "instrument_family_str": "flute"}, {"qualities": [0, 0, 0, 0, 0, 0, 0, 0, 1, 0], "pitch": 87, "note": 118688, "instrument_source_str": "acoustic", "velocity": 127, "instrument_str": "flute_acoustic_002", "instrument": 86, "sample_rate": 16000, "qualities_str": ["reverb"], "instrument_source": 0, "note_str": "flute_acoustic_002-087-127", "instrument_family": 2, "instrument_family_str": "flute"}, {"qualities": [0, 0, 1, 0, 0, 0, 0, 0, 0, 0], "pitch": 45, "note": 15133, "instrument_source_str": "synthetic", "velocity": 127, "instrument_str": "flute_synthetic_000", "instrument": 82, "sample_rate": 16000, "qualities_str": ["distortion"], "instrument_source": 2, "note_str": "flute_synthetic_000-045-127", "instrument_family": 2, "instrument_family_str": "flute"}, {"qualities": [0, 0, 1, 0, 0, 0, 0, 0, 0, 0], "pitch": 42, "note": 127097, "instrument_source_str": "synthetic", "velocity": 100, "instrument_str": "flute_synthetic_000", "instrument": 82, "sample_rate": 16000, "qualities_str": ["distortion"], "instrument_source": 2, "note_str": "flute_synthetic_000-042-100", "instrument_family": 2, "instrument_family_str": "flute"}, {"qualities": [0, 0, 1, 0, 0, 0, 0, 0, 0, 0], "pitch": 29, "note": 75276, "instrument_source_str": "synthetic", "velocity": 127, "instrument_str": "flute_synthetic_000", "instrument": 82, "sample_rate": 16000, "qualities_str": ["distortion"], "instrument_source": 2, "note_str": "flute_synthetic_000-029-127", "instrument_family": 2, "instrument_family_str": "flute"}, {"qualities": [1, 0, 0, 0, 0, 0, 0, 0, 1, 0], "pitch": 99, "note": 114172, "instrument_source_str": "acoustic", "velocity": 127, "instrument_str": "flute_acoustic_002", "instrument": 86, "sample_rate": 16000, "qualities_str": ["bright", "reverb"], "instrument_source": 0, "note_str": "flute_acoustic_002-099-127", "instrument_family": 2, "instrument_family_str": "flute"}, {"qualities": [0, 0, 0, 0, 0, 0, 0, 0, 1, 0], "pitch": 75, "note": 32288, "instrument_source_str": "acoustic", "velocity": 100, "instrument_str": "flute_acoustic_002", "instrument": 86, "sample_rate": 16000, "qualities_str": ["reverb"], "instrument_source": 0, "note_str": "flute_acoustic_002-075-100", "instrument_family": 2, "instrument_family_str": "flute"}, {"qualities": [0, 0, 1, 0, 0, 0, 0, 0, 0, 0], "pitch": 90, "note": 92832, "instrument_source_str": "synthetic", "velocity": 100, "instrument_str": "flute_synthetic_000", "instrument": 82, "sample_rate": 16000, "qualities_str": ["distortion"], "instrument_source": 2, "note_str": "flute_synthetic_000-090-100", "instrument_family": 2, "instrument_family_str": "flute"}, {"qualities": [0, 0, 1, 0, 0, 0, 0, 0, 0, 0], "pitch": 27, "note": 108670, "instrument_source_str": "synthetic", "velocity": 127, "instrument_str": "flute_synthetic_000", "instrument": 82, "sample_rate": 16000, "qualities_str": ["distortion"], "instrument_source": 2, "note_str": "flute_synthetic_000-027-127", "instrument_family": 2, "instrument_family_str": "flute"}, {"qualities": [0, 0, 1, 0, 0, 0, 0, 0, 0, 0], "pitch": 22, "note": 81029, "instrument_source_str": "synthetic", "velocity": 50, "instrument_str": "flute_synthetic_000", "instrument": 82, "sample_rate": 16000, "qualities_str": ["distortion"], "instrument_source": 2, "note_str": "flute_synthetic_000-022-050", "instrument_family": 2, "instrument_family_str": "flute"}, {"qualities": [0, 0, 0, 0, 0, 0, 0, 0, 1, 0], "pitch": 98, "note": 60836, "instrument_source_str": "acoustic", "velocity": 75, "instrument_str": "flute_acoustic_002", "instrument": 86, "sample_rate": 16000, "qualities_str": ["reverb"], "instrument_source": 0, "note_str": "flute_acoustic_002-098-075", "instrument_family": 2, "instrument_family_str": "flute"}, {"qualities": [0, 0, 0, 0, 1, 0, 0, 0, 1, 0], "pitch": 68, "note": 120339, "instrument_source_str": "acoustic", "velocity": 50, "instrument_str": "flute_acoustic_002", "instrument": 86, "sample_rate": 16000, "qualities_str": ["long_release", "reverb"], "instrument_source": 0, "note_str": "flute_acoustic_002-068-050", "instrument_family": 2, "instrument_family_str": "flute"}, {"qualities": [0, 0, 1, 0, 0, 0, 0, 0, 0, 0], "pitch": 98, "note": 27247, "instrument_source_str": "synthetic", "velocity": 127, "instrument_str": "flute_synthetic_000", "instrument": 82, "sample_rate": 16000, "qualities_str": ["distortion"], "instrument_source": 2, "note_str": "flute_synthetic_000-098-127", "instrument_family": 2, "instrument_family_str": "flute"}, {"qualities": [0, 0, 0, 0, 1, 0, 0, 0, 1, 0], "pitch": 85, "note": 142524, "instrument_source_str": "acoustic", "velocity": 50, "instrument_str": "flute_acoustic_002", "instrument": 86, "sample_rate": 16000, "qualities_str": ["long_release", "reverb"], "instrument_source": 0, "note_str": "flute_acoustic_002-085-050", "instrument_family": 2, "instrument_family_str": "flute"}, {"qualities": [0, 0, 1, 0, 0, 0, 0, 0, 0, 0], "pitch": 77, "note": 41184, "instrument_source_str": "synthetic", "velocity": 75, "instrument_str": "flute_synthetic_000", "instrument": 82, "sample_rate": 16000, "qualities_str": ["distortion"], "instrument_source": 2, "note_str": "flute_synthetic_000-077-075", "instrument_family": 2, "instrument_family_str": "flute"}, {"qualities": [0, 0, 1, 0, 0, 0, 0, 0, 0, 0], "pitch": 54, "note": 56739, "instrument_source_str": "synthetic", "velocity": 50, "instrument_str": "flute_synthetic_000", "instrument": 82, "sample_rate": 16000, "qualities_str": ["distortion"], "instrument_source": 2, "note_str": "flute_synthetic_000-054-050", "instrument_family": 2, "instrument_family_str": "flute"}, {"qualities": [0, 0, 1, 0, 0, 0, 0, 0, 0, 0], "pitch": 72, "note": 115616, "instrument_source_str": "synthetic", "velocity": 100, "instrument_str": "flute_synthetic_000", "instrument": 82, "sample_rate": 16000, "qualities_str": ["distortion"], "instrument_source": 2, "note_str": "flute_synthetic_000-072-100", "instrument_family": 2, "instrument_family_str": "flute"}, {"qualities": [0, 0, 0, 0, 1, 0, 0, 0, 1, 0], "pitch": 71, "note": 134599, "instrument_source_str": "acoustic", "velocity": 127, "instrument_str": "flute_acoustic_002", "instrument": 86, "sample_rate": 16000, "qualities_str": ["long_release", "reverb"], "instrument_source": 0, "note_str": "flute_acoustic_002-071-127", "instrument_family": 2, "instrument_family_str": "flute"}, {"qualities": [0, 0, 1, 0, 0, 0, 0, 0, 0, 0], "pitch": 73, "note": 2060, "instrument_source_str": "synthetic", "velocity": 50, "instrument_str": "flute_synthetic_000", "instrument": 82, "sample_rate": 16000, "qualities_str": ["distortion"], "instrument_source": 2, "note_str": "flute_synthetic_000-073-050", "instrument_family": 2, "instrument_family_str": "flute"}, {"qualities": [0, 0, 1, 0, 0, 0, 0, 0, 0, 0], "pitch": 42, "note": 59301, "instrument_source_str": "synthetic", "velocity": 25, "instrument_str": "flute_synthetic_000", "instrument": 82, "sample_rate": 16000, "qualities_str": ["distortion"], "instrument_source": 2, "note_str": "flute_synthetic_000-042-025", "instrument_family": 2, "instrument_family_str": "flute"}, {"qualities": [0, 0, 1, 0, 0, 0, 0, 0, 0, 0], "pitch": 29, "note": 134105, "instrument_source_str": "synthetic", "velocity": 75, "instrument_str": "flute_synthetic_000", "instrument": 82, "sample_rate": 16000, "qualities_str": ["distortion"], "instrument_source": 2, "note_str": "flute_synthetic_000-029-075", "instrument_family": 2, "instrument_family_str": "flute"}, {"qualities": [0, 0, 1, 0, 0, 0, 0, 0, 0, 0], "pitch": 39, "note": 121308, "instrument_source_str": "synthetic", "velocity": 127, "instrument_str": "flute_synthetic_000", "instrument": 82, "sample_rate": 16000, "qualities_str": ["distortion"], "instrument_source": 2, "note_str": "flute_synthetic_000-039-127", "instrument_family": 2, "instrument_family_str": "flute"}, {"qualities": [0, 0, 1, 0, 0, 0, 0, 0, 0, 0], "pitch": 86, "note": 104824, "instrument_source_str": "synthetic", "velocity": 25, "instrument_str": "flute_synthetic_000", "instrument": 82, "sample_rate": 16000, "qualities_str": ["distortion"], "instrument_source": 2, "note_str": "flute_synthetic_000-086-025", "instrument_family": 2, "instrument_family_str": "flute"}, {"qualities": [0, 0, 0, 0, 0, 0, 0, 0, 1, 0], "pitch": 87, "note": 50535, "instrument_source_str": "acoustic", "velocity": 25, "instrument_str": "flute_acoustic_002", "instrument": 86, "sample_rate": 16000, "qualities_str": ["reverb"], "instrument_source": 0, "note_str": "flute_acoustic_002-087-025", "instrument_family": 2, "instrument_family_str": "flute"}, {"qualities": [0, 0, 1, 0, 0, 0, 0, 0, 0, 0], "pitch": 90, "note": 5405, "instrument_source_str": "synthetic", "velocity": 127, "instrument_str": "flute_synthetic_000", "instrument": 82, "sample_rate": 16000, "qualities_str": ["distortion"], "instrument_source": 2, "note_str": "flute_synthetic_000-090-127", "instrument_family": 2, "instrument_family_str": "flute"}, {"qualities": [0, 0, 0, 0, 0, 0, 0, 0, 1, 0], "pitch": 79, "note": 143233, "instrument_source_str": "acoustic", "velocity": 127, "instrument_str": "flute_acoustic_002", "instrument": 86, "sample_rate": 16000, "qualities_str": ["reverb"], "instrument_source": 0, "note_str": "flute_acoustic_002-079-127", "instrument_family": 2, "instrument_family_str": "flute"}, {"qualities": [0, 0, 1, 0, 0, 0, 0, 0, 0, 0], "pitch": 50, "note": 71042, "instrument_source_str": "synthetic", "velocity": 127, "instrument_str": "flute_synthetic_000", "instrument": 82, "sample_rate": 16000, "qualities_str": ["distortion"], "instrument_source": 2, "note_str": "flute_synthetic_000-050-127", "instrument_family": 2, "instrument_family_str": "flute"}, {"qualities": [0, 0, 1, 0, 0, 0, 0, 0, 0, 0], "pitch": 41, "note": 5448, "instrument_source_str": "synthetic", "velocity": 75, "instrument_str": "flute_synthetic_000", "instrument": 82, "sample_rate": 16000, "qualities_str": ["distortion"], "instrument_source": 2, "note_str": "flute_synthetic_000-041-075", "instrument_family": 2, "instrument_family_str": "flute"}, {"qualities": [0, 0, 1, 0, 0, 0, 0, 0, 0, 0], "pitch": 72, "note": 59313, "instrument_source_str": "synthetic", "velocity": 25, "instrument_str": "flute_synthetic_000", "instrument": 82, "sample_rate": 16000, "qualities_str": ["distortion"], "instrument_source": 2, "note_str": "flute_synthetic_000-072-025", "instrument_family": 2, "instrument_family_str": "flute"}, {"qualities": [0, 0, 1, 0, 0, 0, 0, 0, 0, 0], "pitch": 22, "note": 69429, "instrument_source_str": "synthetic", "velocity": 25, "instrument_str": "flute_synthetic_000", "instrument": 82, "sample_rate": 16000, "qualities_str": ["distortion"], "instrument_source": 2, "note_str": "flute_synthetic_000-022-025", "instrument_family": 2, "instrument_family_str": "flute"}, {"qualities": [0, 0, 0, 0, 1, 0, 0, 0, 1, 0], "pitch": 67, "note": 99707, "instrument_source_str": "acoustic", "velocity": 25, "instrument_str": "flute_acoustic_002", "instrument": 86, "sample_rate": 16000, "qualities_str": ["long_release", "reverb"], "instrument_source": 0, "note_str": "flute_acoustic_002-067-025", "instrument_family": 2, "instrument_family_str": "flute"}, {"qualities": [0, 0, 1, 0, 0, 0, 0, 0, 0, 0], "pitch": 41, "note": 101470, "instrument_source_str": "synthetic", "velocity": 100, "instrument_str": "flute_synthetic_000", "instrument": 82, "sample_rate": 16000, "qualities_str": ["distortion"], "instrument_source": 2, "note_str": "flute_synthetic_000-041-100", "instrument_family": 2, "instrument_family_str": "flute"}, {"qualities": [0, 0, 1, 0, 0, 0, 0, 0, 0, 0], "pitch": 54, "note": 35805, "instrument_source_str": "synthetic", "velocity": 25, "instrument_str": "flute_synthetic_000", "instrument": 82, "sample_rate": 16000, "qualities_str": ["distortion"], "instrument_source": 2, "note_str": "flute_synthetic_000-054-025", "instrument_family": 2, "instrument_family_str": "flute"}, {"qualities": [0, 0, 1, 0, 0, 0, 0, 0, 0, 0], "pitch": 79, "note": 78956, "instrument_source_str": "synthetic", "velocity": 127, "instrument_str": "flute_synthetic_000", "instrument": 82, "sample_rate": 16000, "qualities_str": ["distortion"], "instrument_source": 2, "note_str": "flute_synthetic_000-079-127", "instrument_family": 2, "instrument_family_str": "flute"}, {"qualities": [0, 0, 0, 0, 0, 0, 0, 0, 1, 0], "pitch": 98, "note": 128818, "instrument_source_str": "acoustic", "velocity": 127, "instrument_str": "flute_acoustic_002", "instrument": 86, "sample_rate": 16000, "qualities_str": ["reverb"], "instrument_source": 0, "note_str": "flute_acoustic_002-098-127", "instrument_family": 2, "instrument_family_str": "flute"}, {"qualities": [0, 0, 0, 0, 0, 0, 0, 0, 1, 0], "pitch": 80, "note": 118495, "instrument_source_str": "acoustic", "velocity": 50, "instrument_str": "flute_acoustic_002", "instrument": 86, "sample_rate": 16000, "qualities_str": ["reverb"], "instrument_source": 0, "note_str": "flute_acoustic_002-080-050", "instrument_family": 2, "instrument_family_str": "flute"}, {"qualities": [0, 0, 1, 0, 0, 0, 0, 0, 0, 0], "pitch": 27, "note": 18394, "instrument_source_str": "synthetic", "velocity": 100, "instrument_str": "flute_synthetic_000", "instrument": 82, "sample_rate": 16000, "qualities_str": ["distortion"], "instrument_source": 2, "note_str": "flute_synthetic_000-027-100", "instrument_family": 2, "instrument_family_str": "flute"}, {"qualities": [1, 0, 1, 0, 0, 0, 0, 0, 0, 0], "pitch": 105, "note": 84066, "instrument_source_str": "synthetic", "velocity": 100, "instrument_str": "flute_synthetic_000", "instrument": 82, "sample_rate": 16000, "qualities_str": ["bright", "distortion"], "instrument_source": 2, "note_str": "flute_synthetic_000-105-100", "instrument_family": 2, "instrument_family_str": "flute"}, {"qualities": [1, 0, 0, 0, 0, 0, 0, 0, 1, 0], "pitch": 99, "note": 41264, "instrument_source_str": "acoustic", "velocity": 75, "instrument_str": "flute_acoustic_002", "instrument": 86, "sample_rate": 16000, "qualities_str": ["bright", "reverb"], "instrument_source": 0, "note_str": "flute_acoustic_002-099-075", "instrument_family": 2, "instrument_family_str": "flute"}, {"qualities": [0, 0, 1, 0, 0, 0, 0, 0, 0, 0], "pitch": 40, "note": 135838, "instrument_source_str": "synthetic", "velocity": 25, "instrument_str": "flute_synthetic_000", "instrument": 82, "sample_rate": 16000, "qualities_str": ["distortion"], "instrument_source": 2, "note_str": "flute_synthetic_000-040-025", "instrument_family": 2, "instrument_family_str": "flute"}, {"qualities": [0, 0, 1, 0, 0, 0, 0, 0, 0, 0], "pitch": 60, "note": 82831, "instrument_source_str": "synthetic", "velocity": 25, "instrument_str": "flute_synthetic_000", "instrument": 82, "sample_rate": 16000, "qualities_str": ["distortion"], "instrument_source": 2, "note_str": "flute_synthetic_000-060-025", "instrument_family": 2, "instrument_family_str": "flute"}, {"qualities": [0, 0, 0, 0, 0, 0, 0, 0, 1, 0], "pitch": 77, "note": 81904, "instrument_source_str": "acoustic", "velocity": 25, "instrument_str": "flute_acoustic_002", "instrument": 86, "sample_rate": 16000, "qualities_str": ["reverb"], "instrument_source": 0, "note_str": "flute_acoustic_002-077-025", "instrument_family": 2, "instrument_family_str": "flute"}, {"qualities": [0, 0, 1, 0, 0, 0, 0, 0, 0, 0], "pitch": 80, "note": 83453, "instrument_source_str": "synthetic", "velocity": 50, "instrument_str": "flute_synthetic_000", "instrument": 82, "sample_rate": 16000, "qualities_str": ["distortion"], "instrument_source": 2, "note_str": "flute_synthetic_000-080-050", "instrument_family": 2, "instrument_family_str": "flute"}, {"qualities": [0, 0, 1, 0, 0, 0, 0, 0, 0, 0], "pitch": 40, "note": 41177, "instrument_source_str": "synthetic", "velocity": 50, "instrument_str": "flute_synthetic_000", "instrument": 82, "sample_rate": 16000, "qualities_str": ["distortion"], "instrument_source": 2, "note_str": "flute_synthetic_000-040-050", "instrument_family": 2, "instrument_family_str": "flute"}, {"qualities": [0, 0, 1, 0, 0, 0, 0, 0, 0, 0], "pitch": 90, "note": 115168, "instrument_source_str": "synthetic", "velocity": 75, "instrument_str": "flute_synthetic_000", "instrument": 82, "sample_rate": 16000, "qualities_str": ["distortion"], "instrument_source": 2, "note_str": "flute_synthetic_000-090-075", "instrument_family": 2, "instrument_family_str": "flute"}, {"qualities": [0, 0, 1, 0, 0, 0, 0, 0, 0, 0], "pitch": 95, "note": 97679, "instrument_source_str": "synthetic", "velocity": 25, "instrument_str": "flute_synthetic_000", "instrument": 82, "sample_rate": 16000, "qualities_str": ["distortion"], "instrument_source": 2, "note_str": "flute_synthetic_000-095-025", "instrument_family": 2, "instrument_family_str": "flute"}, {"qualities": [1, 0, 1, 0, 0, 0, 0, 0, 0, 0], "pitch": 108, "note": 13884, "instrument_source_str": "synthetic", "velocity": 100, "instrument_str": "flute_synthetic_000", "instrument": 82, "sample_rate": 16000, "qualities_str": ["bright", "distortion"], "instrument_source": 2, "note_str": "flute_synthetic_000-108-100", "instrument_family": 2, "instrument_family_str": "flute"}, {"qualities": [0, 0, 0, 0, 0, 0, 0, 0, 1, 0], "pitch": 73, "note": 9412, "instrument_source_str": "acoustic", "velocity": 127, "instrument_str": "flute_acoustic_002", "instrument": 86, "sample_rate": 16000, "qualities_str": ["reverb"], "instrument_source": 0, "note_str": "flute_acoustic_002-073-127", "instrument_family": 2, "instrument_family_str": "flute"}, {"qualities": [0, 0, 1, 0, 0, 0, 0, 0, 0, 0], "pitch": 91, "note": 103373, "instrument_source_str": "synthetic", "velocity": 75, "instrument_str": "flute_synthetic_000", "instrument": 82, "sample_rate": 16000, "qualities_str": ["distortion"], "instrument_source": 2, "note_str": "flute_synthetic_000-091-075", "instrument_family": 2, "instrument_family_str": "flute"}, {"qualities": [0, 0, 1, 0, 0, 0, 0, 0, 0, 0], "pitch": 71, "note": 47103, "instrument_source_str": "synthetic", "velocity": 127, "instrument_str": "flute_synthetic_000", "instrument": 82, "sample_rate": 16000, "qualities_str": ["distortion"], "instrument_source": 2, "note_str": "flute_synthetic_000-071-127", "instrument_family": 2, "instrument_family_str": "flute"}, {"qualities": [0, 0, 1, 0, 0, 0, 0, 0, 0, 0], "pitch": 54, "note": 18822, "instrument_source_str": "synthetic", "velocity": 127, "instrument_str": "flute_synthetic_000", "instrument": 82, "sample_rate": 16000, "qualities_str": ["distortion"], "instrument_source": 2, "note_str": "flute_synthetic_000-054-127", "instrument_family": 2, "instrument_family_str": "flute"}, {"qualities": [0, 0, 1, 0, 0, 0, 0, 0, 0, 0], "pitch": 22, "note": 119891, "instrument_source_str": "synthetic", "velocity": 100, "instrument_str": "flute_synthetic_000", "instrument": 82, "sample_rate": 16000, "qualities_str": ["distortion"], "instrument_source": 2, "note_str": "flute_synthetic_000-022-100", "instrument_family": 2, "instrument_family_str": "flute"}, {"qualities": [0, 0, 0, 0, 1, 0, 0, 0, 1, 0], "pitch": 91, "note": 103863, "instrument_source_str": "acoustic", "velocity": 75, "instrument_str": "flute_acoustic_002", "instrument": 86, "sample_rate": 16000, "qualities_str": ["long_release", "reverb"], "instrument_source": 0, "note_str": "flute_acoustic_002-091-075", "instrument_family": 2, "instrument_family_str": "flute"}, {"qualities": [0, 0, 0, 0, 0, 0, 0, 0, 1, 0], "pitch": 94, "note": 132685, "instrument_source_str": "acoustic", "velocity": 127, "instrument_str": "flute_acoustic_002", "instrument": 86, "sample_rate": 16000, "qualities_str": ["reverb"], "instrument_source": 0, "note_str": "flute_acoustic_002-094-127", "instrument_family": 2, "instrument_family_str": "flute"}, {"qualities": [0, 0, 1, 0, 0, 0, 0, 0, 0, 0], "pitch": 41, "note": 55581, "instrument_source_str": "synthetic", "velocity": 25, "instrument_str": "flute_synthetic_000", "instrument": 82, "sample_rate": 16000, "qualities_str": ["distortion"], "instrument_source": 2, "note_str": "flute_synthetic_000-041-025", "instrument_family": 2, "instrument_family_str": "flute"}, {"qualities": [0, 0, 0, 0, 1, 0, 0, 0, 1, 0], "pitch": 72, "note": 98419, "instrument_source_str": "acoustic", "velocity": 127, "instrument_str": "flute_acoustic_002", "instrument": 86, "sample_rate": 16000, "qualities_str": ["long_release", "reverb"], "instrument_source": 0, "note_str": "flute_acoustic_002-072-127", "instrument_family": 2, "instrument_family_str": "flute"}, {"qualities": [1, 0, 0, 0, 0, 0, 0, 0, 1, 0], "pitch": 103, "note": 88794, "instrument_source_str": "acoustic", "velocity": 75, "instrument_str": "flute_acoustic_002", "instrument": 86, "sample_rate": 16000, "qualities_str": ["bright", "reverb"], "instrument_source": 0, "note_str": "flute_acoustic_002-103-075", "instrument_family": 2, "instrument_family_str": "flute"}, {"qualities": [0, 0, 1, 0, 0, 0, 0, 0, 0, 0], "pitch": 52, "note": 121928, "instrument_source_str": "synthetic", "velocity": 25, "instrument_str": "flute_synthetic_000", "instrument": 82, "sample_rate": 16000, "qualities_str": ["distortion"], "instrument_source": 2, "note_str": "flute_synthetic_000-052-025", "instrument_family": 2, "instrument_family_str": "flute"}, {"qualities": [0, 0, 1, 0, 0, 0, 0, 0, 0, 0], "pitch": 48, "note": 67307, "instrument_source_str": "synthetic", "velocity": 100, "instrument_str": "flute_synthetic_000", "instrument": 82, "sample_rate": 16000, "qualities_str": ["distortion"], "instrument_source": 2, "note_str": "flute_synthetic_000-048-100", "instrument_family": 2, "instrument_family_str": "flute"}, {"qualities": [0, 0, 1, 0, 0, 0, 0, 0, 0, 0], "pitch": 83, "note": 7976, "instrument_source_str": "synthetic", "velocity": 127, "instrument_str": "flute_synthetic_000", "instrument": 82, "sample_rate": 16000, "qualities_str": ["distortion"], "instrument_source": 2, "note_str": "flute_synthetic_000-083-127", "instrument_family": 2, "instrument_family_str": "flute"}, {"qualities": [0, 0, 1, 0, 0, 0, 0, 0, 0, 0], "pitch": 87, "note": 79351, "instrument_source_str": "synthetic", "velocity": 75, "instrument_str": "flute_synthetic_000", "instrument": 82, "sample_rate": 16000, "qualities_str": ["distortion"], "instrument_source": 2, "note_str": "flute_synthetic_000-087-075", "instrument_family": 2, "instrument_family_str": "flute"}, {"qualities": [0, 0, 1, 0, 0, 0, 0, 0, 0, 0], "pitch": 96, "note": 141292, "instrument_source_str": "synthetic", "velocity": 50, "instrument_str": "flute_synthetic_000", "instrument": 82, "sample_rate": 16000, "qualities_str": ["distortion"], "instrument_source": 2, "note_str": "flute_synthetic_000-096-050", "instrument_family": 2, "instrument_family_str": "flute"}, {"qualities": [0, 0, 1, 0, 0, 0, 0, 0, 0, 0], "pitch": 62, "note": 25053, "instrument_source_str": "synthetic", "velocity": 25, "instrument_str": "flute_synthetic_000", "instrument": 82, "sample_rate": 16000, "qualities_str": ["distortion"], "instrument_source": 2, "note_str": "flute_synthetic_000-062-025", "instrument_family": 2, "instrument_family_str": "flute"}, {"qualities": [0, 0, 0, 0, 0, 0, 0, 0, 1, 0], "pitch": 78, "note": 63703, "instrument_source_str": "acoustic", "velocity": 100, "instrument_str": "flute_acoustic_002", "instrument": 86, "sample_rate": 16000, "qualities_str": ["reverb"], "instrument_source": 0, "note_str": "flute_acoustic_002-078-100", "instrument_family": 2, "instrument_family_str": "flute"}, {"qualities": [0, 0, 1, 0, 0, 0, 0, 0, 0, 0], "pitch": 79, "note": 6295, "instrument_source_str": "synthetic", "velocity": 25, "instrument_str": "flute_synthetic_000", "instrument": 82, "sample_rate": 16000, "qualities_str": ["distortion"], "instrument_source": 2, "note_str": "flute_synthetic_000-079-025", "instrument_family": 2, "instrument_family_str": "flute"}, {"qualities": [1, 0, 0, 0, 0, 0, 0, 0, 1, 0], "pitch": 102, "note": 87, "instrument_source_str": "acoustic", "velocity": 100, "instrument_str": "flute_acoustic_002", "instrument": 86, "sample_rate": 16000, "qualities_str": ["bright", "reverb"], "instrument_source": 0, "note_str": "flute_acoustic_002-102-100", "instrument_family": 2, "instrument_family_str": "flute"}, {"qualities": [0, 0, 1, 0, 0, 0, 0, 0, 0, 0], "pitch": 98, "note": 65253, "instrument_source_str": "synthetic", "velocity": 25, "instrument_str": "flute_synthetic_000", "instrument": 82, "sample_rate": 16000, "qualities_str": ["distortion"], "instrument_source": 2, "note_str": "flute_synthetic_000-098-025", "instrument_family": 2, "instrument_family_str": "flute"}, {"qualities": [0, 0, 0, 0, 0, 0, 0, 0, 1, 0], "pitch": 79, "note": 100722, "instrument_source_str": "acoustic", "velocity": 100, "instrument_str": "flute_acoustic_002", "instrument": 86, "sample_rate": 16000, "qualities_str": ["reverb"], "instrument_source": 0, "note_str": "flute_acoustic_002-079-100", "instrument_family": 2, "instrument_family_str": "flute"}, {"qualities": [0, 0, 1, 0, 0, 0, 0, 0, 0, 0], "pitch": 66, "note": 131082, "instrument_source_str": "synthetic", "velocity": 25, "instrument_str": "flute_synthetic_000", "instrument": 82, "sample_rate": 16000, "qualities_str": ["distortion"], "instrument_source": 2, "note_str": "flute_synthetic_000-066-025", "instrument_family": 2, "instrument_family_str": "flute"}, {"qualities": [0, 0, 0, 0, 0, 0, 0, 0, 1, 0], "pitch": 88, "note": 43473, "instrument_source_str": "acoustic", "velocity": 127, "instrument_str": "flute_acoustic_002", "instrument": 86, "sample_rate": 16000, "qualities_str": ["reverb"], "instrument_source": 0, "note_str": "flute_acoustic_002-088-127", "instrument_family": 2, "instrument_family_str": "flute"}, {"qualities": [0, 0, 1, 0, 0, 0, 0, 0, 0, 0], "pitch": 28, "note": 65743, "instrument_source_str": "synthetic", "velocity": 75, "instrument_str": "flute_synthetic_000", "instrument": 82, "sample_rate": 16000, "qualities_str": ["distortion"], "instrument_source": 2, "note_str": "flute_synthetic_000-028-075", "instrument_family": 2, "instrument_family_str": "flute"}, {"qualities": [0, 0, 0, 0, 0, 0, 0, 0, 1, 0], "pitch": 77, "note": 133241, "instrument_source_str": "acoustic", "velocity": 50, "instrument_str": "flute_acoustic_002", "instrument": 86, "sample_rate": 16000, "qualities_str": ["reverb"], "instrument_source": 0, "note_str": "flute_acoustic_002-077-050", "instrument_family": 2, "instrument_family_str": "flute"}, {"qualities": [0, 0, 0, 0, 1, 0, 0, 0, 1, 0], "pitch": 69, "note": 15522, "instrument_source_str": "acoustic", "velocity": 25, "instrument_str": "flute_acoustic_002", "instrument": 86, "sample_rate": 16000, "qualities_str": ["long_release", "reverb"], "instrument_source": 0, "note_str": "flute_acoustic_002-069-025", "instrument_family": 2, "instrument_family_str": "flute"}, {"qualities": [0, 0, 1, 0, 0, 0, 0, 0, 0, 0], "pitch": 68, "note": 130993, "instrument_source_str": "synthetic", "velocity": 50, "instrument_str": "flute_synthetic_000", "instrument": 82, "sample_rate": 16000, "qualities_str": ["distortion"], "instrument_source": 2, "note_str": "flute_synthetic_000-068-050", "instrument_family": 2, "instrument_family_str": "flute"}, {"qualities": [0, 0, 1, 0, 0, 0, 0, 0, 0, 0], "pitch": 92, "note": 11074, "instrument_source_str": "synthetic", "velocity": 127, "instrument_str": "flute_synthetic_000", "instrument": 82, "sample_rate": 16000, "qualities_str": ["distortion"], "instrument_source": 2, "note_str": "flute_synthetic_000-092-127", "instrument_family": 2, "instrument_family_str": "flute"}, {"qualities": [0, 0, 1, 0, 0, 0, 0, 0, 0, 0], "pitch": 72, "note": 11715, "instrument_source_str": "synthetic", "velocity": 75, "instrument_str": "flute_synthetic_000", "instrument": 82, "sample_rate": 16000, "qualities_str": ["distortion"], "instrument_source": 2, "note_str": "flute_synthetic_000-072-075", "instrument_family": 2, "instrument_family_str": "flute"}, {"qualities": [0, 0, 1, 0, 0, 0, 0, 0, 0, 0], "pitch": 55, "note": 65182, "instrument_source_str": "synthetic", "velocity": 50, "instrument_str": "flute_synthetic_000", "instrument": 82, "sample_rate": 16000, "qualities_str": ["distortion"], "instrument_source": 2, "note_str": "flute_synthetic_000-055-050", "instrument_family": 2, "instrument_family_str": "flute"}, {"qualities": [1, 0, 0, 0, 0, 0, 0, 0, 1, 0], "pitch": 102, "note": 25187, "instrument_source_str": "acoustic", "velocity": 25, "instrument_str": "flute_acoustic_002", "instrument": 86, "sample_rate": 16000, "qualities_str": ["bright", "reverb"], "instrument_source": 0, "note_str": "flute_acoustic_002-102-025", "instrument_family": 2, "instrument_family_str": "flute"}, {"qualities": [0, 0, 1, 0, 0, 0, 0, 0, 0, 0], "pitch": 64, "note": 110516, "instrument_source_str": "synthetic", "velocity": 127, "instrument_str": "flute_synthetic_000", "instrument": 82, "sample_rate": 16000, "qualities_str": ["distortion"], "instrument_source": 2, "note_str": "flute_synthetic_000-064-127", "instrument_family": 2, "instrument_family_str": "flute"}, {"qualities": [0, 0, 1, 0, 0, 0, 0, 0, 0, 0], "pitch": 70, "note": 100908, "instrument_source_str": "synthetic", "velocity": 127, "instrument_str": "flute_synthetic_000", "instrument": 82, "sample_rate": 16000, "qualities_str": ["distortion"], "instrument_source": 2, "note_str": "flute_synthetic_000-070-127", "instrument_family": 2, "instrument_family_str": "flute"}, {"qualities": [1, 0, 1, 0, 0, 0, 0, 0, 0, 0], "pitch": 104, "note": 106610, "instrument_source_str": "synthetic", "velocity": 50, "instrument_str": "flute_synthetic_000", "instrument": 82, "sample_rate": 16000, "qualities_str": ["bright", "distortion"], "instrument_source": 2, "note_str": "flute_synthetic_000-104-050", "instrument_family": 2, "instrument_family_str": "flute"}, {"qualities": [0, 0, 1, 0, 0, 0, 0, 0, 0, 0], "pitch": 95, "note": 104885, "instrument_source_str": "synthetic", "velocity": 50, "instrument_str": "flute_synthetic_000", "instrument": 82, "sample_rate": 16000, "qualities_str": ["distortion"], "instrument_source": 2, "note_str": "flute_synthetic_000-095-050", "instrument_family": 2, "instrument_family_str": "flute"}, {"qualities": [0, 0, 1, 0, 0, 0, 0, 0, 0, 0], "pitch": 48, "note": 96557, "instrument_source_str": "synthetic", "velocity": 127, "instrument_str": "flute_synthetic_000", "instrument": 82, "sample_rate": 16000, "qualities_str": ["distortion"], "instrument_source": 2, "note_str": "flute_synthetic_000-048-127", "instrument_family": 2, "instrument_family_str": "flute"}, {"qualities": [0, 0, 1, 0, 0, 0, 0, 0, 0, 0], "pitch": 37, "note": 145305, "instrument_source_str": "synthetic", "velocity": 75, "instrument_str": "flute_synthetic_000", "instrument": 82, "sample_rate": 16000, "qualities_str": ["distortion"], "instrument_source": 2, "note_str": "flute_synthetic_000-037-075", "instrument_family": 2, "instrument_family_str": "flute"}, {"qualities": [0, 0, 1, 0, 0, 0, 0, 0, 0, 0], "pitch": 34, "note": 131147, "instrument_source_str": "synthetic", "velocity": 75, "instrument_str": "flute_synthetic_000", "instrument": 82, "sample_rate": 16000, "qualities_str": ["distortion"], "instrument_source": 2, "note_str": "flute_synthetic_000-034-075", "instrument_family": 2, "instrument_family_str": "flute"}, {"qualities": [1, 0, 0, 0, 0, 0, 0, 0, 1, 0], "pitch": 107, "note": 4239, "instrument_source_str": "acoustic", "velocity": 100, "instrument_str": "flute_acoustic_002", "instrument": 86, "sample_rate": 16000, "qualities_str": ["bright", "reverb"], "instrument_source": 0, "note_str": "flute_acoustic_002-107-100", "instrument_family": 2, "instrument_family_str": "flute"}, {"qualities": [0, 0, 0, 0, 0, 0, 0, 0, 1, 0], "pitch": 83, "note": 115663, "instrument_source_str": "acoustic", "velocity": 100, "instrument_str": "flute_acoustic_002", "instrument": 86, "sample_rate": 16000, "qualities_str": ["reverb"], "instrument_source": 0, "note_str": "flute_acoustic_002-083-100", "instrument_family": 2, "instrument_family_str": "flute"}, {"qualities": [0, 0, 1, 0, 0, 0, 0, 0, 0, 0], "pitch": 63, "note": 81748, "instrument_source_str": "synthetic", "velocity": 75, "instrument_str": "flute_synthetic_000", "instrument": 82, "sample_rate": 16000, "qualities_str": ["distortion"], "instrument_source": 2, "note_str": "flute_synthetic_000-063-075", "instrument_family": 2, "instrument_family_str": "flute"}, {"qualities": [0, 0, 1, 0, 0, 0, 0, 0, 0, 0], "pitch": 75, "note": 131465, "instrument_source_str": "synthetic", "velocity": 75, "instrument_str": "flute_synthetic_000", "instrument": 82, "sample_rate": 16000, "qualities_str": ["distortion"], "instrument_source": 2, "note_str": "flute_synthetic_000-075-075", "instrument_family": 2, "instrument_family_str": "flute"}, {"qualities": [0, 0, 1, 0, 0, 0, 0, 0, 0, 0], "pitch": 52, "note": 87475, "instrument_source_str": "synthetic", "velocity": 50, "instrument_str": "flute_synthetic_000", "instrument": 82, "sample_rate": 16000, "qualities_str": ["distortion"], "instrument_source": 2, "note_str": "flute_synthetic_000-052-050", "instrument_family": 2, "instrument_family_str": "flute"}, {"qualities": [1, 0, 1, 0, 0, 0, 0, 0, 0, 0], "pitch": 100, "note": 92147, "instrument_source_str": "synthetic", "velocity": 50, "instrument_str": "flute_synthetic_000", "instrument": 82, "sample_rate": 16000, "qualities_str": ["bright", "distortion"], "instrument_source": 2, "note_str": "flute_synthetic_000-100-050", "instrument_family": 2, "instrument_family_str": "flute"}, {"qualities": [0, 0, 1, 0, 0, 0, 0, 0, 0, 0], "pitch": 58, "note": 97043, "instrument_source_str": "synthetic", "velocity": 100, "instrument_str": "flute_synthetic_000", "instrument": 82, "sample_rate": 16000, "qualities_str": ["distortion"], "instrument_source": 2, "note_str": "flute_synthetic_000-058-100", "instrument_family": 2, "instrument_family_str": "flute"}, {"qualities": [0, 0, 0, 0, 1, 0, 0, 0, 1, 0], "pitch": 84, "note": 104323, "instrument_source_str": "acoustic", "velocity": 25, "instrument_str": "flute_acoustic_002", "instrument": 86, "sample_rate": 16000, "qualities_str": ["long_release", "reverb"], "instrument_source": 0, "note_str": "flute_acoustic_002-084-025", "instrument_family": 2, "instrument_family_str": "flute"}, {"qualities": [0, 0, 1, 0, 0, 0, 0, 0, 0, 0], "pitch": 28, "note": 127675, "instrument_source_str": "synthetic", "velocity": 50, "instrument_str": "flute_synthetic_000", "instrument": 82, "sample_rate": 16000, "qualities_str": ["distortion"], "instrument_source": 2, "note_str": "flute_synthetic_000-028-050", "instrument_family": 2, "instrument_family_str": "flute"}, {"qualities": [0, 0, 1, 0, 0, 0, 0, 0, 0, 0], "pitch": 53, "note": 129287, "instrument_source_str": "synthetic", "velocity": 127, "instrument_str": "flute_synthetic_000", "instrument": 82, "sample_rate": 16000, "qualities_str": ["distortion"], "instrument_source": 2, "note_str": "flute_synthetic_000-053-127", "instrument_family": 2, "instrument_family_str": "flute"}, {"qualities": [0, 0, 1, 0, 0, 0, 0, 0, 0, 0], "pitch": 81, "note": 98082, "instrument_source_str": "synthetic", "velocity": 75, "instrument_str": "flute_synthetic_000", "instrument": 82, "sample_rate": 16000, "qualities_str": ["distortion"], "instrument_source": 2, "note_str": "flute_synthetic_000-081-075", "instrument_family": 2, "instrument_family_str": "flute"}, {"qualities": [0, 0, 1, 0, 0, 0, 0, 0, 0, 0], "pitch": 21, "note": 96515, "instrument_source_str": "synthetic", "velocity": 100, "instrument_str": "flute_synthetic_000", "instrument": 82, "sample_rate": 16000, "qualities_str": ["distortion"], "instrument_source": 2, "note_str": "flute_synthetic_000-021-100", "instrument_family": 2, "instrument_family_str": "flute"}, {"qualities": [0, 0, 1, 0, 0, 0, 0, 0, 0, 0], "pitch": 84, "note": 135286, "instrument_source_str": "synthetic", "velocity": 25, "instrument_str": "flute_synthetic_000", "instrument": 82, "sample_rate": 16000, "qualities_str": ["distortion"], "instrument_source": 2, "note_str": "flute_synthetic_000-084-025", "instrument_family": 2, "instrument_family_str": "flute"}, {"qualities": [0, 0, 1, 0, 0, 0, 0, 0, 0, 0], "pitch": 83, "note": 112176, "instrument_source_str": "synthetic", "velocity": 50, "instrument_str": "flute_synthetic_000", "instrument": 82, "sample_rate": 16000, "qualities_str": ["distortion"], "instrument_source": 2, "note_str": "flute_synthetic_000-083-050", "instrument_family": 2, "instrument_family_str": "flute"}, {"qualities": [0, 0, 1, 0, 0, 0, 0, 0, 0, 0], "pitch": 49, "note": 111849, "instrument_source_str": "synthetic", "velocity": 50, "instrument_str": "flute_synthetic_000", "instrument": 82, "sample_rate": 16000, "qualities_str": ["distortion"], "instrument_source": 2, "note_str": "flute_synthetic_000-049-050", "instrument_family": 2, "instrument_family_str": "flute"}, {"qualities": [0, 0, 0, 0, 0, 0, 0, 0, 1, 0], "pitch": 78, "note": 133841, "instrument_source_str": "acoustic", "velocity": 25, "instrument_str": "flute_acoustic_002", "instrument": 86, "sample_rate": 16000, "qualities_str": ["reverb"], "instrument_source": 0, "note_str": "flute_acoustic_002-078-025", "instrument_family": 2, "instrument_family_str": "flute"}, {"qualities": [0, 0, 1, 0, 0, 0, 0, 0, 0, 0], "pitch": 58, "note": 145006, "instrument_source_str": "synthetic", "velocity": 25, "instrument_str": "flute_synthetic_000", "instrument": 82, "sample_rate": 16000, "qualities_str": ["distortion"], "instrument_source": 2, "note_str": "flute_synthetic_000-058-025", "instrument_family": 2, "instrument_family_str": "flute"}, {"qualities": [0, 0, 1, 0, 0, 0, 0, 0, 0, 0], "pitch": 79, "note": 77518, "instrument_source_str": "synthetic", "velocity": 100, "instrument_str": "flute_synthetic_000", "instrument": 82, "sample_rate": 16000, "qualities_str": ["distortion"], "instrument_source": 2, "note_str": "flute_synthetic_000-079-100", "instrument_family": 2, "instrument_family_str": "flute"}, {"qualities": [0, 0, 1, 0, 0, 0, 0, 0, 0, 0], "pitch": 50, "note": 10199, "instrument_source_str": "synthetic", "velocity": 50, "instrument_str": "flute_synthetic_000", "instrument": 82, "sample_rate": 16000, "qualities_str": ["distortion"], "instrument_source": 2, "note_str": "flute_synthetic_000-050-050", "instrument_family": 2, "instrument_family_str": "flute"}, {"qualities": [0, 0, 1, 0, 0, 0, 0, 0, 0, 0], "pitch": 30, "note": 134086, "instrument_source_str": "synthetic", "velocity": 127, "instrument_str": "flute_synthetic_000", "instrument": 82, "sample_rate": 16000, "qualities_str": ["distortion"], "instrument_source": 2, "note_str": "flute_synthetic_000-030-127", "instrument_family": 2, "instrument_family_str": "flute"}, {"qualities": [1, 0, 1, 0, 0, 0, 0, 0, 0, 0], "pitch": 100, "note": 62435, "instrument_source_str": "synthetic", "velocity": 25, "instrument_str": "flute_synthetic_000", "instrument": 82, "sample_rate": 16000, "qualities_str": ["bright", "distortion"], "instrument_source": 2, "note_str": "flute_synthetic_000-100-025", "instrument_family": 2, "instrument_family_str": "flute"}]