[{"qualities": [0, 1, 0, 1, 0, 1, 0, 0, 0, 0], "pitch": 66, "note": 125499, "instrument_source_str": "acoustic", "velocity": 50, "instrument_str": "mallet_acoustic_062", "instrument": 644, "sample_rate": 16000, "qualities_str": ["dark", "fast_decay", "multiphonic"], "instrument_source": 0, "note_str": "mallet_acoustic_062-066-050", "instrument_family": 5, "instrument_family_str": "mallet"}, {"qualities": [0, 0, 0, 1, 0, 1, 0, 0, 0, 0], "pitch": 83, "note": 157009, "instrument_source_str": "acoustic", "velocity": 50, "instrument_str": "mallet_acoustic_062", "instrument": 644, "sample_rate": 16000, "qualities_str": ["fast_decay", "multiphonic"], "instrument_source": 0, "note_str": "mallet_acoustic_062-083-050", "instrument_family": 5, "instrument_family_str": "mallet"}, {"qualities": [0, 1, 0, 0, 0, 1, 0, 0, 0, 0], "pitch": 29, "note": 18444, "instrument_source_str": "acoustic", "velocity": 50, "instrument_str": "mallet_acoustic_062", "instrument": 644, "sample_rate": 16000, "qualities_str": ["dark", "multiphonic"], "instrument_source": 0, "note_str": "mallet_acoustic_062-029-050", "instrument_family": 5, "instrument_family_str": "mallet"}, {"qualities": [0, 0, 0, 1, 0, 0, 0, 1, 1, 0], "pitch": 107, "note": 159166, "instrument_source_str": "acoustic", "velocity": 127, "instrument_str": "mallet_acoustic_047", "instrument": 488, "sample_rate": 16000, "qualities_str": ["fast_decay", "percussive", "reverb"], "instrument_source": 0, "note_str": "mallet_acoustic_047-107-127", "instrument_family": 5, "instrument_family_str": "mallet"}, {"qualities": [0, 0, 0, 1, 0, 1, 0, 0, 0, 0], "pitch": 84, "note": 80442, "instrument_source_str": "acoustic", "velocity": 50, "instrument_str": "mallet_acoustic_062", "instrument": 644, "sample_rate": 16000, "qualities_str": ["fast_decay", "multiphonic"], "instrument_source": 0, "note_str": "mallet_acoustic_062-084-050", "instrument_family": 5, "instrument_family_str": "mallet"}, {"qualities": [0, 0, 0, 0, 0, 1, 0, 0, 0, 0], "pitch": 82, "note": 110261, "instrument_source_str": "acoustic", "velocity": 100, "instrument_str": "mallet_acoustic_062", "instrument": 644, "sample_rate": 16000, "qualities_str": ["multiphonic"], "instrument_source": 0, "note_str": "mallet_acoustic_062-082-100", "instrument_family": 5, "instrument_family_str": "mallet"}, {"qualities": [1, 0, 0, 0, 0, 0, 0, 0, 0, 0], "pitch": 116, "note": 168727, "instrument_source_str": "acoustic", "velocity": 50, "instrument_str": "mallet_acoustic_056", "instrument": 590, "sample_rate": 16000, "qualities_str": ["bright"], "instrument_source": 0, "note_str": "mallet_acoustic_056-116-050", "instrument_family": 5, "instrument_family_str": "mallet"}, {"qualities": [0, 0, 0, 1, 0, 0, 0, 1, 1, 0], "pitch": 103, "note": 47627, "instrument_source_str": "acoustic", "velocity": 75, "instrument_str": "mallet_acoustic_047", "instrument": 488, "sample_rate": 16000, "qualities_str": ["fast_decay", "percussive", "reverb"], "instrument_source": 0, "note_str": "mallet_acoustic_047-103-075", "instrument_family": 5, "instrument_family_str": "mallet"}, {"qualities": [1, 0, 0, 1, 0, 1, 0, 0, 0, 0], "pitch": 102, "note": 157647, "instrument_source_str": "acoustic", "velocity": 75, "instrument_str": "mallet_acoustic_062", "instrument": 644, "sample_rate": 16000, "qualities_str": ["bright", "fast_decay", "multiphonic"], "instrument_source": 0, "note_str": "mallet_acoustic_062-102-075", "instrument_family": 5, "instrument_family_str": "mallet"}, {"qualities": [1, 0, 0, 0, 0, 0, 0, 0, 0, 0], "pitch": 113, "note": 123778, "instrument_source_str": "acoustic", "velocity": 50, "instrument_str": "mallet_acoustic_056", "instrument": 590, "sample_rate": 16000, "qualities_str": ["bright"], "instrument_source": 0, "note_str": "mallet_acoustic_056-113-050", "instrument_family": 5, "instrument_family_str": "mallet"}, {"qualities": [0, 0, 0, 1, 0, 0, 0, 1, 0, 0], "pitch": 63, "note": 102999, "instrument_source_str": "acoustic", "velocity": 100, "instrument_str": "mallet_acoustic_056", "instrument": 590, "sample_rate": 16000, "qualities_str": ["fast_decay", "percussive"], "instrument_source": 0, "note_str": "mallet_acoustic_056-063-100", "instrument_family": 5, "instrument_family_str": "mallet"}, {"qualities": [0, 1, 0, 1, 0, 1, 0, 0, 0, 0], "pitch": 72, "note": 106786, "instrument_source_str": "acoustic", "velocity": 50, "instrument_str": "mallet_acoustic_062", "instrument": 644, "sample_rate": 16000, "qualities_str": ["dark", "fast_decay", "multiphonic"], "instrument_source": 0, "note_str": "mallet_acoustic_062-072-050", "instrument_family": 5, "instrument_family_str": "mallet"}, {"qualities": [0, 0, 0, 1, 0, 0, 0, 1, 0, 0], "pitch": 37, "note": 85057, "instrument_source_str": "acoustic", "velocity": 50, "instrument_str": "mallet_acoustic_056", "instrument": 590, "sample_rate": 16000, "qualities_str": ["fast_decay", "percussive"], "instrument_source": 0, "note_str": "mallet_acoustic_056-037-050", "instrument_family": 5, "instrument_family_str": "mallet"}, {"qualities": [0, 0, 0, 1, 0, 1, 0, 0, 0, 0], "pitch": 93, "note": 34926, "instrument_source_str": "acoustic", "velocity": 50, "instrument_str": "mallet_acoustic_062", "instrument": 644, "sample_rate": 16000, "qualities_str": ["fast_decay", "multiphonic"], "instrument_source": 0, "note_str": "mallet_acoustic_062-093-050", "instrument_family": 5, "instrument_family_str": "mallet"}, {"qualities": [0, 0, 0, 1, 0, 0, 0, 1, 0, 0], "pitch": 50, "note": 174319, "instrument_source_str": "acoustic", "velocity": 75, "instrument_str": "mallet_acoustic_056", "instrument": 590, "sample_rate": 16000, "qualities_str": ["fast_decay", "percussive"], "instrument_source": 0, "note_str": "mallet_acoustic_056-050-075", "instrument_family": 5, "instrument_family_str": "mallet"}, {"qualities": [0, 1, 0, 0, 1, 1, 0, 0, 0, 0], "pitch": 25, "note": 22663, "instrument_source_str": "acoustic", "velocity": 100, "instrument_str": "mallet_acoustic_062", "instrument": 644, "sample_rate": 16000, "qualities_str": ["dark", "long_release", "multiphonic"], "instrument_source": 0, "note_str": "mallet_acoustic_062-025-100", "instrument_family": 5, "instrument_family_str": "mallet"}, {"qualities": [0, 1, 0, 0, 1, 1, 0, 0, 0, 0], "pitch": 59, "note": 156212, "instrument_source_str": "acoustic", "velocity": 127, "instrument_str": "mallet_acoustic_062", "instrument": 644, "sample_rate": 16000, "qualities_str": ["dark", "long_release", "multiphonic"], "instrument_source": 0, "note_str": "mallet_acoustic_062-059-127", "instrument_family": 5, "instrument_family_str": "mallet"}, {"qualities": [1, 0, 0, 1, 0, 1, 0, 0, 0, 0], "pitch": 107, "note": 34387, "instrument_source_str": "acoustic", "velocity": 100, "instrument_str": "mallet_acoustic_062", "instrument": 644, "sample_rate": 16000, "qualities_str": ["bright", "fast_decay", "multiphonic"], "instrument_source": 0, "note_str": "mallet_acoustic_062-107-100", "instrument_family": 5, "instrument_family_str": "mallet"}, {"qualities": [1, 0, 0, 1, 0, 0, 0, 1, 0, 0], "pitch": 50, "note": 64142, "instrument_source_str": "acoustic", "velocity": 100, "instrument_str": "mallet_acoustic_056", "instrument": 590, "sample_rate": 16000, "qualities_str": ["bright", "fast_decay", "percussive"], "instrument_source": 0, "note_str": "mallet_acoustic_056-050-100", "instrument_family": 5, "instrument_family_str": "mallet"}, {"qualities": [1, 0, 0, 1, 0, 0, 0, 1, 0, 0], "pitch": 46, "note": 145053, "instrument_source_str": "acoustic", "velocity": 25, "instrument_str": "mallet_acoustic_056", "instrument": 590, "sample_rate": 16000, "qualities_str": ["bright", "fast_decay", "percussive"], "instrument_source": 0, "note_str": "mallet_acoustic_056-046-025", "instrument_family": 5, "instrument_family_str": "mallet"}, {"qualities": [0, 1, 0, 0, 0, 1, 0, 0, 0, 0], "pitch": 71, "note": 118392, "instrument_source_str": "acoustic", "velocity": 100, "instrument_str": "mallet_acoustic_062", "instrument": 644, "sample_rate": 16000, "qualities_str": ["dark", "multiphonic"], "instrument_source": 0, "note_str": "mallet_acoustic_062-071-100", "instrument_family": 5, "instrument_family_str": "mallet"}, {"qualities": [0, 1, 0, 0, 1, 1, 0, 0, 0, 0], "pitch": 28, "note": 145843, "instrument_source_str": "acoustic", "velocity": 127, "instrument_str": "mallet_acoustic_062", "instrument": 644, "sample_rate": 16000, "qualities_str": ["dark", "long_release", "multiphonic"], "instrument_source": 0, "note_str": "mallet_acoustic_062-028-127", "instrument_family": 5, "instrument_family_str": "mallet"}, {"qualities": [0, 1, 0, 0, 0, 1, 0, 0, 0, 0], "pitch": 48, "note": 65588, "instrument_source_str": "acoustic", "velocity": 50, "instrument_str": "mallet_acoustic_062", "instrument": 644, "sample_rate": 16000, "qualities_str": ["dark", "multiphonic"], "instrument_source": 0, "note_str": "mallet_acoustic_062-048-050", "instrument_family": 5, "instrument_family_str": "mallet"}, {"qualities": [0, 0, 0, 1, 0, 0, 0, 1, 1, 0], "pitch": 66, "note": 163629, "instrument_source_str": "acoustic", "velocity": 100, "instrument_str": "mallet_acoustic_047", "instrument": 488, "sample_rate": 16000, "qualities_str": ["fast_decay", "percussive", "reverb"], "instrument_source": 0, "note_str": "mallet_acoustic_047-066-100", "instrument_family": 5, "instrument_family_str": "mallet"}, {"qualities": [0, 0, 0, 1, 0, 0, 0, 1, 1, 0], "pitch": 72, "note": 185435, "instrument_source_str": "acoustic", "velocity": 75, "instrument_str": "mallet_acoustic_047", "instrument": 488, "sample_rate": 16000, "qualities_str": ["fast_decay", "percussive", "reverb"], "instrument_source": 0, "note_str": "mallet_acoustic_047-072-075", "instrument_family": 5, "instrument_family_str": "mallet"}, {"qualities": [0, 0, 0, 1, 0, 0, 0, 1, 1, 0], "pitch": 107, "note": 158036, "instrument_source_str": "acoustic", "velocity": 100, "instrument_str": "mallet_acoustic_047", "instrument": 488, "sample_rate": 16000, "qualities_str": ["fast_decay", "percussive", "reverb"], "instrument_source": 0, "note_str": "mallet_acoustic_047-107-100", "instrument_family": 5, "instrument_family_str": "mallet"}, {"qualities": [0, 1, 0, 1, 0, 1, 0, 0, 0, 0], "pitch": 48, "note": 76261, "instrument_source_str": "acoustic", "velocity": 25, "instrument_str": "mallet_acoustic_062", "instrument": 644, "sample_rate": 16000, "qualities_str": ["dark", "fast_decay", "multiphonic"], "instrument_source": 0, "note_str": "mallet_acoustic_062-048-025", "instrument_family": 5, "instrument_family_str": "mallet"}, {"qualities": [0, 0, 0, 0, 0, 1, 0, 0, 0, 0], "pitch": 85, "note": 147057, "instrument_source_str": "acoustic", "velocity": 100, "instrument_str": "mallet_acoustic_062", "instrument": 644, "sample_rate": 16000, "qualities_str": ["multiphonic"], "instrument_source": 0, "note_str": "mallet_acoustic_062-085-100", "instrument_family": 5, "instrument_family_str": "mallet"}, {"qualities": [0, 0, 0, 1, 0, 0, 0, 0, 0, 0], "pitch": 74, "note": 79011, "instrument_source_str": "acoustic", "velocity": 127, "instrument_str": "mallet_acoustic_056", "instrument": 590, "sample_rate": 16000, "qualities_str": ["fast_decay"], "instrument_source": 0, "note_str": "mallet_acoustic_056-074-127", "instrument_family": 5, "instrument_family_str": "mallet"}, {"qualities": [0, 0, 0, 1, 0, 1, 0, 0, 0, 0], "pitch": 96, "note": 1578, "instrument_source_str": "acoustic", "velocity": 50, "instrument_str": "mallet_acoustic_062", "instrument": 644, "sample_rate": 16000, "qualities_str": ["fast_decay", "multiphonic"], "instrument_source": 0, "note_str": "mallet_acoustic_062-096-050", "instrument_family": 5, "instrument_family_str": "mallet"}, {"qualities": [0, 1, 0, 1, 0, 1, 0, 0, 0, 0], "pitch": 66, "note": 168664, "instrument_source_str": "acoustic", "velocity": 25, "instrument_str": "mallet_acoustic_062", "instrument": 644, "sample_rate": 16000, "qualities_str": ["dark", "fast_decay", "multiphonic"], "instrument_source": 0, "note_str": "mallet_acoustic_062-066-025", "instrument_family": 5, "instrument_family_str": "mallet"}, {"qualities": [0, 0, 0, 1, 0, 0, 0, 1, 0, 0], "pitch": 58, "note": 119563, "instrument_source_str": "acoustic", "velocity": 100, "instrument_str": "mallet_acoustic_056", "instrument": 590, "sample_rate": 16000, "qualities_str": ["fast_decay", "percussive"], "instrument_source": 0, "note_str": "mallet_acoustic_056-058-100", "instrument_family": 5, "instrument_family_str": "mallet"}, {"qualities": [0, 1, 0, 0, 1, 1, 0, 0, 0, 0], "pitch": 57, "note": 50575, "instrument_source_str": "acoustic", "velocity": 127, "instrument_str": "mallet_acoustic_062", "instrument": 644, "sample_rate": 16000, "qualities_str": ["dark", "long_release", "multiphonic"], "instrument_source": 0, "note_str": "mallet_acoustic_062-057-127", "instrument_family": 5, "instrument_family_str": "mallet"}, {"qualities": [0, 1, 0, 1, 0, 1, 0, 0, 0, 0], "pitch": 60, "note": 23664, "instrument_source_str": "acoustic", "velocity": 50, "instrument_str": "mallet_acoustic_062", "instrument": 644, "sample_rate": 16000, "qualities_str": ["dark", "fast_decay", "multiphonic"], "instrument_source": 0, "note_str": "mallet_acoustic_062-060-050", "instrument_family": 5, "instrument_family_str": "mallet"}, {"qualities": [0, 0, 0, 1, 0, 0, 0, 1, 1, 0], "pitch": 65, "note": 171463, "instrument_source_str": "acoustic", "velocity": 25, "instrument_str": "mallet_acoustic_047", "instrument": 488, "sample_rate": 16000, "qualities_str": ["fast_decay", "percussive", "reverb"], "instrument_source": 0, "note_str": "mallet_acoustic_047-065-025", "instrument_family": 5, "instrument_family_str": "mallet"}, {"qualities": [0, 1, 0, 1, 0, 1, 0, 0, 0, 0], "pitch": 75, "note": 102011, "instrument_source_str": "acoustic", "velocity": 75, "instrument_str": "mallet_acoustic_062", "instrument": 644, "sample_rate": 16000, "qualities_str": ["dark", "fast_decay", "multiphonic"], "instrument_source": 0, "note_str": "mallet_acoustic_062-075-075", "instrument_family": 5, "instrument_family_str": "mallet"}, {"qualities": [0, 1, 0, 0, 1, 1, 0, 0, 0, 0], "pitch": 60, "note": 186444, "instrument_source_str": "acoustic", "velocity": 127, "instrument_str": "mallet_acoustic_062", "instrument": 644, "sample_rate": 16000, "qualities_str": ["dark", "long_release", "multiphonic"], "instrument_source": 0, "note_str": "mallet_acoustic_062-060-127", "instrument_family": 5, "instrument_family_str": "mallet"}, {"qualities": [0, 1, 0, 1, 0, 1, 0, 0, 0, 0], "pitch": 67, "note": 115647, "instrument_source_str": "acoustic", "velocity": 50, "instrument_str": "mallet_acoustic_062", "instrument": 644, "sample_rate": 16000, "qualities_str": ["dark", "fast_decay", "multiphonic"], "instrument_source": 0, "note_str": "mallet_acoustic_062-067-050", "instrument_family": 5, "instrument_family_str": "mallet"}, {"qualities": [1, 0, 0, 1, 0, 1, 0, 0, 0, 0], "pitch": 103, "note": 162542, "instrument_source_str": "acoustic", "velocity": 100, "instrument_str": "mallet_acoustic_062", "instrument": 644, "sample_rate": 16000, "qualities_str": ["bright", "fast_decay", "multiphonic"], "instrument_source": 0, "note_str": "mallet_acoustic_062-103-100", "instrument_family": 5, "instrument_family_str": "mallet"}, {"qualities": [0, 0, 0, 1, 0, 0, 0, 1, 1, 0], "pitch": 98, "note": 91972, "instrument_source_str": "acoustic", "velocity": 50, "instrument_str": "mallet_acoustic_047", "instrument": 488, "sample_rate": 16000, "qualities_str": ["fast_decay", "percussive", "reverb"], "instrument_source": 0, "note_str": "mallet_acoustic_047-098-050", "instrument_family": 5, "instrument_family_str": "mallet"}, {"qualities": [0, 0, 0, 1, 0, 0, 0, 1, 1, 0], "pitch": 101, "note": 85945, "instrument_source_str": "acoustic", "velocity": 25, "instrument_str": "mallet_acoustic_047", "instrument": 488, "sample_rate": 16000, "qualities_str": ["fast_decay", "percussive", "reverb"], "instrument_source": 0, "note_str": "mallet_acoustic_047-101-025", "instrument_family": 5, "instrument_family_str": "mallet"}, {"qualities": [0, 0, 0, 1, 0, 0, 0, 1, 1, 0], "pitch": 79, "note": 186267, "instrument_source_str": "acoustic", "velocity": 100, "instrument_str": "mallet_acoustic_047", "instrument": 488, "sample_rate": 16000, "qualities_str": ["fast_decay", "percussive", "reverb"], "instrument_source": 0, "note_str": "mallet_acoustic_047-079-100", "instrument_family": 5, "instrument_family_str": "mallet"}, {"qualities": [0, 0, 0, 1, 0, 0, 0, 1, 1, 0], "pitch": 95, "note": 157918, "instrument_source_str": "acoustic", "velocity": 50, "instrument_str": "mallet_acoustic_047", "instrument": 488, "sample_rate": 16000, "qualities_str": ["fast_decay", "percussive", "reverb"], "instrument_source": 0, "note_str": "mallet_acoustic_047-095-050", "instrument_family": 5, "instrument_family_str": "mallet"}, {"qualities": [0, 0, 0, 0, 0, 0, 0, 1, 1, 0], "pitch": 86, "note": 33065, "instrument_source_str": "acoustic", "velocity": 25, "instrument_str": "mallet_acoustic_047", "instrument": 488, "sample_rate": 16000, "qualities_str": ["percussive", "reverb"], "instrument_source": 0, "note_str": "mallet_acoustic_047-086-025", "instrument_family": 5, "instrument_family_str": "mallet"}, {"qualities": [0, 1, 0, 1, 0, 1, 0, 0, 0, 0], "pitch": 54, "note": 27906, "instrument_source_str": "acoustic", "velocity": 25, "instrument_str": "mallet_acoustic_062", "instrument": 644, "sample_rate": 16000, "qualities_str": ["dark", "fast_decay", "multiphonic"], "instrument_source": 0, "note_str": "mallet_acoustic_062-054-025", "instrument_family": 5, "instrument_family_str": "mallet"}, {"qualities": [0, 1, 0, 0, 1, 1, 0, 0, 0, 0], "pitch": 44, "note": 15310, "instrument_source_str": "acoustic", "velocity": 127, "instrument_str": "mallet_acoustic_062", "instrument": 644, "sample_rate": 16000, "qualities_str": ["dark", "long_release", "multiphonic"], "instrument_source": 0, "note_str": "mallet_acoustic_062-044-127", "instrument_family": 5, "instrument_family_str": "mallet"}, {"qualities": [0, 0, 0, 1, 0, 1, 0, 1, 0, 0], "pitch": 96, "note": 187438, "instrument_source_str": "acoustic", "velocity": 25, "instrument_str": "mallet_acoustic_062", "instrument": 644, "sample_rate": 16000, "qualities_str": ["fast_decay", "multiphonic", "percussive"], "instrument_source": 0, "note_str": "mallet_acoustic_062-096-025", "instrument_family": 5, "instrument_family_str": "mallet"}, {"qualities": [0, 0, 0, 1, 0, 0, 0, 0, 0, 0], "pitch": 72, "note": 129210, "instrument_source_str": "acoustic", "velocity": 25, "instrument_str": "mallet_acoustic_056", "instrument": 590, "sample_rate": 16000, "qualities_str": ["fast_decay"], "instrument_source": 0, "note_str": "mallet_acoustic_056-072-025", "instrument_family": 5, "instrument_family_str": "mallet"}, {"qualities": [0, 0, 0, 0, 0, 0, 0, 0, 0, 0], "pitch": 96, "note": 112858, "instrument_source_str": "acoustic", "velocity": 127, "instrument_str": "mallet_acoustic_056", "instrument": 590, "sample_rate": 16000, "qualities_str": [], "instrument_source": 0, "note_str": "mallet_acoustic_056-096-127", "instrument_family": 5, "instrument_family_str": "mallet"}, {"qualities": [0, 1, 0, 0, 1, 1, 0, 0, 0, 0], "pitch": 26, "note": 165602, "instrument_source_str": "acoustic", "velocity": 75, "instrument_str": "mallet_acoustic_062", "instrument": 644, "sample_rate": 16000, "qualities_str": ["dark", "long_release", "multiphonic"], "instrument_source": 0, "note_str": "mallet_acoustic_062-026-075", "instrument_family": 5, "instrument_family_str": "mallet"}, {"qualities": [0, 1, 0, 0, 0, 1, 0, 0, 0, 0], "pitch": 25, "note": 148548, "instrument_source_str": "acoustic", "velocity": 25, "instrument_str": "mallet_acoustic_062", "instrument": 644, "sample_rate": 16000, "qualities_str": ["dark", "multiphonic"], "instrument_source": 0, "note_str": "mallet_acoustic_062-025-025", "instrument_family": 5, "instrument_family_str": "mallet"}, {"qualities": [0, 1, 0, 0, 0, 1, 0, 0, 0, 0], "pitch": 54, "note": 185024, "instrument_source_str": "acoustic", "velocity": 100, "instrument_str": "mallet_acoustic_062", "instrument": 644, "sample_rate": 16000, "qualities_str": ["dark", "multiphonic"], "instrument_source": 0, "note_str": "mallet_acoustic_062-054-100", "instrument_family": 5, "instrument_family_str": "mallet"}, {"qualities": [0, 0, 0, 1, 0, 0, 0, 1, 1, 0], "pitch": 73, "note": 48684, "instrument_source_str": "acoustic", "velocity": 25, "instrument_str": "mallet_acoustic_047", "instrument": 488, "sample_rate": 16000, "qualities_str": ["fast_decay", "percussive", "reverb"], "instrument_source": 0, "note_str": "mallet_acoustic_047-073-025", "instrument_family": 5, "instrument_family_str": "mallet"}, {"qualities": [0, 1, 0, 0, 0, 1, 0, 0, 0, 0], "pitch": 26, "note": 34618, "instrument_source_str": "acoustic", "velocity": 50, "instrument_str": "mallet_acoustic_062", "instrument": 644, "sample_rate": 16000, "qualities_str": ["dark", "multiphonic"], "instrument_source": 0, "note_str": "mallet_acoustic_062-026-050", "instrument_family": 5, "instrument_family_str": "mallet"}, {"qualities": [0, 1, 0, 0, 0, 1, 0, 0, 0, 0], "pitch": 36, "note": 10149, "instrument_source_str": "acoustic", "velocity": 75, "instrument_str": "mallet_acoustic_062", "instrument": 644, "sample_rate": 16000, "qualities_str": ["dark", "multiphonic"], "instrument_source": 0, "note_str": "mallet_acoustic_062-036-075", "instrument_family": 5, "instrument_family_str": "mallet"}, {"qualities": [0, 0, 0, 1, 0, 0, 0, 1, 1, 0], "pitch": 71, "note": 177574, "instrument_source_str": "acoustic", "velocity": 50, "instrument_str": "mallet_acoustic_047", "instrument": 488, "sample_rate": 16000, "qualities_str": ["fast_decay", "percussive", "reverb"], "instrument_source": 0, "note_str": "mallet_acoustic_047-071-050", "instrument_family": 5, "instrument_family_str": "mallet"}, {"qualities": [0, 0, 0, 1, 0, 0, 0, 0, 0, 0], "pitch": 81, "note": 164771, "instrument_source_str": "acoustic", "velocity": 127, "instrument_str": "mallet_acoustic_056", "instrument": 590, "sample_rate": 16000, "qualities_str": ["fast_decay"], "instrument_source": 0, "note_str": "mallet_acoustic_056-081-127", "instrument_family": 5, "instrument_family_str": "mallet"}, {"qualities": [0, 0, 0, 1, 0, 0, 0, 1, 1, 0], "pitch": 93, "note": 153276, "instrument_source_str": "acoustic", "velocity": 100, "instrument_str": "mallet_acoustic_047", "instrument": 488, "sample_rate": 16000, "qualities_str": ["fast_decay", "percussive", "reverb"], "instrument_source": 0, "note_str": "mallet_acoustic_047-093-100", "instrument_family": 5, "instrument_family_str": "mallet"}, {"qualities": [0, 0, 0, 1, 0, 0, 0, 1, 1, 0], "pitch": 84, "note": 151215, "instrument_source_str": "acoustic", "velocity": 100, "instrument_str": "mallet_acoustic_047", "instrument": 488, "sample_rate": 16000, "qualities_str": ["fast_decay", "percussive", "reverb"], "instrument_source": 0, "note_str": "mallet_acoustic_047-084-100", "instrument_family": 5, "instrument_family_str": "mallet"}, {"qualities": [1, 0, 0, 1, 0, 1, 0, 1, 0, 0], "pitch": 108, "note": 37323, "instrument_source_str": "acoustic", "velocity": 50, "instrument_str": "mallet_acoustic_062", "instrument": 644, "sample_rate": 16000, "qualities_str": ["bright", "fast_decay", "multiphonic", "percussive"], "instrument_source": 0, "note_str": "mallet_acoustic_062-108-050", "instrument_family": 5, "instrument_family_str": "mallet"}, {"qualities": [0, 0, 0, 1, 0, 0, 0, 1, 1, 0], "pitch": 84, "note": 132277, "instrument_source_str": "acoustic", "velocity": 75, "instrument_str": "mallet_acoustic_047", "instrument": 488, "sample_rate": 16000, "qualities_str": ["fast_decay", "percussive", "reverb"], "instrument_source": 0, "note_str": "mallet_acoustic_047-084-075", "instrument_family": 5, "instrument_family_str": "mallet"}, {"qualities": [0, 1, 0, 1, 0, 1, 0, 0, 0, 0], "pitch": 42, "note": 18627, "instrument_source_str": "acoustic", "velocity": 25, "instrument_str": "mallet_acoustic_062", "instrument": 644, "sample_rate": 16000, "qualities_str": ["dark", "fast_decay", "multiphonic"], "instrument_source": 0, "note_str": "mallet_acoustic_062-042-025", "instrument_family": 5, "instrument_family_str": "mallet"}, {"qualities": [0, 0, 0, 1, 0, 0, 0, 1, 1, 0], "pitch": 88, "note": 125521, "instrument_source_str": "acoustic", "velocity": 75, "instrument_str": "mallet_acoustic_047", "instrument": 488, "sample_rate": 16000, "qualities_str": ["fast_decay", "percussive", "reverb"], "instrument_source": 0, "note_str": "mallet_acoustic_047-088-075", "instrument_family": 5, "instrument_family_str": "mallet"}, {"qualities": [0, 0, 0, 1, 0, 0, 0, 1, 0, 0], "pitch": 49, "note": 8162, "instrument_source_str": "acoustic", "velocity": 50, "instrument_str": "mallet_acoustic_056", "instrument": 590, "sample_rate": 16000, "qualities_str": ["fast_decay", "percussive"], "instrument_source": 0, "note_str": "mallet_acoustic_056-049-050", "instrument_family": 5, "instrument_family_str": "mallet"}, {"qualities": [0, 1, 0, 0, 0, 1, 0, 0, 0, 0], "pitch": 63, "note": 147645, "instrument_source_str": "acoustic", "velocity": 100, "instrument_str": "mallet_acoustic_062", "instrument": 644, "sample_rate": 16000, "qualities_str": ["dark", "multiphonic"], "instrument_source": 0, "note_str": "mallet_acoustic_062-063-100", "instrument_family": 5, "instrument_family_str": "mallet"}, {"qualities": [0, 0, 0, 1, 0, 0, 0, 1, 0, 0], "pitch": 44, "note": 20143, "instrument_source_str": "acoustic", "velocity": 50, "instrument_str": "mallet_acoustic_056", "instrument": 590, "sample_rate": 16000, "qualities_str": ["fast_decay", "percussive"], "instrument_source": 0, "note_str": "mallet_acoustic_056-044-050", "instrument_family": 5, "instrument_family_str": "mallet"}, {"qualities": [0, 1, 0, 0, 0, 1, 0, 0, 0, 0], "pitch": 52, "note": 70458, "instrument_source_str": "acoustic", "velocity": 75, "instrument_str": "mallet_acoustic_062", "instrument": 644, "sample_rate": 16000, "qualities_str": ["dark", "multiphonic"], "instrument_source": 0, "note_str": "mallet_acoustic_062-052-075", "instrument_family": 5, "instrument_family_str": "mallet"}, {"qualities": [0, 1, 0, 0, 0, 1, 0, 0, 0, 0], "pitch": 67, "note": 92728, "instrument_source_str": "acoustic", "velocity": 100, "instrument_str": "mallet_acoustic_062", "instrument": 644, "sample_rate": 16000, "qualities_str": ["dark", "multiphonic"], "instrument_source": 0, "note_str": "mallet_acoustic_062-067-100", "instrument_family": 5, "instrument_family_str": "mallet"}, {"qualities": [0, 0, 0, 1, 0, 0, 0, 1, 1, 0], "pitch": 73, "note": 182744, "instrument_source_str": "acoustic", "velocity": 75, "instrument_str": "mallet_acoustic_047", "instrument": 488, "sample_rate": 16000, "qualities_str": ["fast_decay", "percussive", "reverb"], "instrument_source": 0, "note_str": "mallet_acoustic_047-073-075", "instrument_family": 5, "instrument_family_str": "mallet"}, {"qualities": [1, 0, 0, 1, 0, 0, 0, 1, 0, 0], "pitch": 47, "note": 151563, "instrument_source_str": "acoustic", "velocity": 100, "instrument_str": "mallet_acoustic_056", "instrument": 590, "sample_rate": 16000, "qualities_str": ["bright", "fast_decay", "percussive"], "instrument_source": 0, "note_str": "mallet_acoustic_056-047-100", "instrument_family": 5, "instrument_family_str": "mallet"}, {"qualities": [1, 0, 0, 1, 0, 1, 0, 1, 0, 0], "pitch": 107, "note": 131859, "instrument_source_str": "acoustic", "velocity": 50, "instrument_str": "mallet_acoustic_062", "instrument": 644, "sample_rate": 16000, "qualities_str": ["bright", "fast_decay", "multiphonic", "percussive"], "instrument_source": 0, "note_str": "mallet_acoustic_062-107-050", "instrument_family": 5, "instrument_family_str": "mallet"}, {"qualities": [0, 0, 0, 1, 0, 0, 0, 1, 1, 0], "pitch": 107, "note": 18333, "instrument_source_str": "acoustic", "velocity": 25, "instrument_str": "mallet_acoustic_047", "instrument": 488, "sample_rate": 16000, "qualities_str": ["fast_decay", "percussive", "reverb"], "instrument_source": 0, "note_str": "mallet_acoustic_047-107-025", "instrument_family": 5, "instrument_family_str": "mallet"}, {"qualities": [1, 0, 0, 1, 0, 0, 0, 1, 0, 0], "pitch": 45, "note": 45750, "instrument_source_str": "acoustic", "velocity": 100, "instrument_str": "mallet_acoustic_056", "instrument": 590, "sample_rate": 16000, "qualities_str": ["bright", "fast_decay", "percussive"], "instrument_source": 0, "note_str": "mallet_acoustic_056-045-100", "instrument_family": 5, "instrument_family_str": "mallet"}, {"qualities": [0, 1, 0, 0, 0, 1, 0, 0, 0, 0], "pitch": 67, "note": 109462, "instrument_source_str": "acoustic", "velocity": 75, "instrument_str": "mallet_acoustic_062", "instrument": 644, "sample_rate": 16000, "qualities_str": ["dark", "multiphonic"], "instrument_source": 0, "note_str": "mallet_acoustic_062-067-075", "instrument_family": 5, "instrument_family_str": "mallet"}, {"qualities": [0, 1, 0, 0, 0, 1, 0, 0, 0, 0], "pitch": 45, "note": 5216, "instrument_source_str": "acoustic", "velocity": 75, "instrument_str": "mallet_acoustic_062", "instrument": 644, "sample_rate": 16000, "qualities_str": ["dark", "multiphonic"], "instrument_source": 0, "note_str": "mallet_acoustic_062-045-075", "instrument_family": 5, "instrument_family_str": "mallet"}, {"qualities": [0, 1, 0, 0, 0, 1, 0, 0, 0, 0], "pitch": 48, "note": 126672, "instrument_source_str": "acoustic", "velocity": 100, "instrument_str": "mallet_acoustic_062", "instrument": 644, "sample_rate": 16000, "qualities_str": ["dark", "multiphonic"], "instrument_source": 0, "note_str": "mallet_acoustic_062-048-100", "instrument_family": 5, "instrument_family_str": "mallet"}, {"qualities": [0, 0, 0, 1, 0, 1, 0, 0, 0, 0], "pitch": 79, "note": 57410, "instrument_source_str": "acoustic", "velocity": 75, "instrument_str": "mallet_acoustic_062", "instrument": 644, "sample_rate": 16000, "qualities_str": ["fast_decay", "multiphonic"], "instrument_source": 0, "note_str": "mallet_acoustic_062-079-075", "instrument_family": 5, "instrument_family_str": "mallet"}, {"qualities": [0, 0, 0, 0, 0, 1, 0, 0, 0, 0], "pitch": 91, "note": 184466, "instrument_source_str": "acoustic", "velocity": 100, "instrument_str": "mallet_acoustic_062", "instrument": 644, "sample_rate": 16000, "qualities_str": ["multiphonic"], "instrument_source": 0, "note_str": "mallet_acoustic_062-091-100", "instrument_family": 5, "instrument_family_str": "mallet"}, {"qualities": [0, 1, 0, 1, 0, 1, 0, 0, 0, 0], "pitch": 55, "note": 69212, "instrument_source_str": "acoustic", "velocity": 25, "instrument_str": "mallet_acoustic_062", "instrument": 644, "sample_rate": 16000, "qualities_str": ["dark", "fast_decay", "multiphonic"], "instrument_source": 0, "note_str": "mallet_acoustic_062-055-025", "instrument_family": 5, "instrument_family_str": "mallet"}, {"qualities": [0, 0, 0, 1, 0, 0, 0, 1, 1, 0], "pitch": 100, "note": 48419, "instrument_source_str": "acoustic", "velocity": 127, "instrument_str": "mallet_acoustic_047", "instrument": 488, "sample_rate": 16000, "qualities_str": ["fast_decay", "percussive", "reverb"], "instrument_source": 0, "note_str": "mallet_acoustic_047-100-127", "instrument_family": 5, "instrument_family_str": "mallet"}, {"qualities": [0, 0, 0, 0, 0, 0, 0, 0, 1, 0], "pitch": 65, "note": 926, "instrument_source_str": "acoustic", "velocity": 100, "instrument_str": "mallet_acoustic_047", "instrument": 488, "sample_rate": 16000, "qualities_str": ["reverb"], "instrument_source": 0, "note_str": "mallet_acoustic_047-065-100", "instrument_family": 5, "instrument_family_str": "mallet"}, {"qualities": [1, 0, 0, 1, 0, 0, 0, 1, 0, 0], "pitch": 44, "note": 176729, "instrument_source_str": "acoustic", "velocity": 25, "instrument_str": "mallet_acoustic_056", "instrument": 590, "sample_rate": 16000, "qualities_str": ["bright", "fast_decay", "percussive"], "instrument_source": 0, "note_str": "mallet_acoustic_056-044-025", "instrument_family": 5, "instrument_family_str": "mallet"}, {"qualities": [0, 0, 0, 1, 0, 0, 0, 1, 1, 0], "pitch": 80, "note": 39350, "instrument_source_str": "acoustic", "velocity": 100, "instrument_str": "mallet_acoustic_047", "instrument": 488, "sample_rate": 16000, "qualities_str": ["fast_decay", "percussive", "reverb"], "instrument_source": 0, "note_str": "mallet_acoustic_047-080-100", "instrument_family": 5, "instrument_family_str": "mallet"}, {"qualities": [1, 0, 0, 1, 0, 0, 0, 1, 0, 0], "pitch": 36, "note": 40854, "instrument_source_str": "acoustic", "velocity": 25, "instrument_str": "mallet_acoustic_056", "instrument": 590, "sample_rate": 16000, "qualities_str": ["bright", "fast_decay", "percussive"], "instrument_source": 0, "note_str": "mallet_acoustic_056-036-025", "instrument_family": 5, "instrument_family_str": "mallet"}, {"qualities": [0, 0, 0, 1, 0, 0, 0, 1, 1, 0], "pitch": 79, "note": 82915, "instrument_source_str": "acoustic", "velocity": 127, "instrument_str": "mallet_acoustic_047", "instrument": 488, "sample_rate": 16000, "qualities_str": ["fast_decay", "percussive", "reverb"], "instrument_source": 0, "note_str": "mallet_acoustic_047-079-127", "instrument_family": 5, "instrument_family_str": "mallet"}, {"qualities": [0, 0, 0, 1, 0, 0, 0, 0, 0, 0], "pitch": 80, "note": 161386, "instrument_source_str": "acoustic", "velocity": 25, "instrument_str": "mallet_acoustic_056", "instrument": 590, "sample_rate": 16000, "qualities_str": ["fast_decay"], "instrument_source": 0, "note_str": "mallet_acoustic_056-080-025", "instrument_family": 5, "instrument_family_str": "mallet"}, {"qualities": [0, 0, 0, 1, 0, 0, 0, 1, 0, 0], "pitch": 70, "note": 107759, "instrument_source_str": "acoustic", "velocity": 50, "instrument_str": "mallet_acoustic_056", "instrument": 590, "sample_rate": 16000, "qualities_str": ["fast_decay", "percussive"], "instrument_source": 0, "note_str": "mallet_acoustic_056-070-050", "instrument_family": 5, "instrument_family_str": "mallet"}, {"qualities": [0, 0, 0, 1, 0, 1, 0, 0, 0, 0], "pitch": 87, "note": 176501, "instrument_source_str": "acoustic", "velocity": 75, "instrument_str": "mallet_acoustic_062", "instrument": 644, "sample_rate": 16000, "qualities_str": ["fast_decay", "multiphonic"], "instrument_source": 0, "note_str": "mallet_acoustic_062-087-075", "instrument_family": 5, "instrument_family_str": "mallet"}, {"qualities": [0, 1, 0, 0, 0, 1, 0, 0, 0, 0], "pitch": 35, "note": 56633, "instrument_source_str": "acoustic", "velocity": 75, "instrument_str": "mallet_acoustic_062", "instrument": 644, "sample_rate": 16000, "qualities_str": ["dark", "multiphonic"], "instrument_source": 0, "note_str": "mallet_acoustic_062-035-075", "instrument_family": 5, "instrument_family_str": "mallet"}, {"qualities": [0, 0, 0, 1, 0, 1, 0, 0, 0, 0], "pitch": 77, "note": 40815, "instrument_source_str": "acoustic", "velocity": 75, "instrument_str": "mallet_acoustic_062", "instrument": 644, "sample_rate": 16000, "qualities_str": ["fast_decay", "multiphonic"], "instrument_source": 0, "note_str": "mallet_acoustic_062-077-075", "instrument_family": 5, "instrument_family_str": "mallet"}, {"qualities": [1, 0, 0, 1, 0, 0, 0, 1, 0, 0], "pitch": 33, "note": 160276, "instrument_source_str": "acoustic", "velocity": 100, "instrument_str": "mallet_acoustic_056", "instrument": 590, "sample_rate": 16000, "qualities_str": ["bright", "fast_decay", "percussive"], "instrument_source": 0, "note_str": "mallet_acoustic_056-033-100", "instrument_family": 5, "instrument_family_str": "mallet"}, {"qualities": [0, 1, 0, 0, 0, 1, 0, 0, 0, 0], "pitch": 24, "note": 119269, "instrument_source_str": "acoustic", "velocity": 25, "instrument_str": "mallet_acoustic_062", "instrument": 644, "sample_rate": 16000, "qualities_str": ["dark", "multiphonic"], "instrument_source": 0, "note_str": "mallet_acoustic_062-024-025", "instrument_family": 5, "instrument_family_str": "mallet"}, {"qualities": [0, 0, 0, 0, 0, 1, 0, 0, 0, 0], "pitch": 82, "note": 6857, "instrument_source_str": "acoustic", "velocity": 127, "instrument_str": "mallet_acoustic_062", "instrument": 644, "sample_rate": 16000, "qualities_str": ["multiphonic"], "instrument_source": 0, "note_str": "mallet_acoustic_062-082-127", "instrument_family": 5, "instrument_family_str": "mallet"}, {"qualities": [0, 0, 0, 1, 0, 0, 0, 1, 1, 0], "pitch": 84, "note": 95741, "instrument_source_str": "acoustic", "velocity": 127, "instrument_str": "mallet_acoustic_047", "instrument": 488, "sample_rate": 16000, "qualities_str": ["fast_decay", "percussive", "reverb"], "instrument_source": 0, "note_str": "mallet_acoustic_047-084-127", "instrument_family": 5, "instrument_family_str": "mallet"}, {"qualities": [0, 0, 0, 1, 0, 0, 0, 0, 0, 0], "pitch": 84, "note": 70712, "instrument_source_str": "acoustic", "velocity": 50, "instrument_str": "mallet_acoustic_056", "instrument": 590, "sample_rate": 16000, "qualities_str": ["fast_decay"], "instrument_source": 0, "note_str": "mallet_acoustic_056-084-050", "instrument_family": 5, "instrument_family_str": "mallet"}, {"qualities": [0, 1, 0, 0, 0, 1, 0, 0, 0, 0], "pitch": 68, "note": 110546, "instrument_source_str": "acoustic", "velocity": 100, "instrument_str": "mallet_acoustic_062", "instrument": 644, "sample_rate": 16000, "qualities_str": ["dark", "multiphonic"], "instrument_source": 0, "note_str": "mallet_acoustic_062-068-100", "instrument_family": 5, "instrument_family_str": "mallet"}, {"qualities": [0, 0, 0, 1, 0, 0, 0, 1, 1, 0], "pitch": 102, "note": 106628, "instrument_source_str": "acoustic", "velocity": 100, "instrument_str": "mallet_acoustic_047", "instrument": 488, "sample_rate": 16000, "qualities_str": ["fast_decay", "percussive", "reverb"], "instrument_source": 0, "note_str": "mallet_acoustic_047-102-100", "instrument_family": 5, "instrument_family_str": "mallet"}, {"qualities": [0, 1, 0, 1, 0, 1, 0, 0, 0, 0], "pitch": 74, "note": 153438, "instrument_source_str": "acoustic", "velocity": 75, "instrument_str": "mallet_acoustic_062", "instrument": 644, "sample_rate": 16000, "qualities_str": ["dark", "fast_decay", "multiphonic"], "instrument_source": 0, "note_str": "mallet_acoustic_062-074-075", "instrument_family": 5, "instrument_family_str": "mallet"}, {"qualities": [0, 1, 0, 0, 1, 1, 0, 0, 0, 0], "pitch": 44, "note": 131873, "instrument_source_str": "acoustic", "velocity": 100, "instrument_str": "mallet_acoustic_062", "instrument": 644, "sample_rate": 16000, "qualities_str": ["dark", "long_release", "multiphonic"], "instrument_source": 0, "note_str": "mallet_acoustic_062-044-100", "instrument_family": 5, "instrument_family_str": "mallet"}, {"qualities": [0, 1, 0, 1, 0, 1, 0, 0, 0, 0], "pitch": 39, "note": 135053, "instrument_source_str": "acoustic", "velocity": 25, "instrument_str": "mallet_acoustic_062", "instrument": 644, "sample_rate": 16000, "qualities_str": ["dark", "fast_decay", "multiphonic"], "instrument_source": 0, "note_str": "mallet_acoustic_062-039-025", "instrument_family": 5, "instrument_family_str": "mallet"}, {"qualities": [0, 0, 0, 1, 0, 1, 0, 0, 0, 0], "pitch": 92, "note": 33834, "instrument_source_str": "acoustic", "velocity": 75, "instrument_str": "mallet_acoustic_062", "instrument": 644, "sample_rate": 16000, "qualities_str": ["fast_decay", "multiphonic"], "instrument_source": 0, "note_str": "mallet_acoustic_062-092-075", "instrument_family": 5, "instrument_family_str": "mallet"}, {"qualities": [0, 0, 0, 1, 0, 0, 0, 1, 0, 0], "pitch": 64, "note": 26593, "instrument_source_str": "acoustic", "velocity": 127, "instrument_str": "mallet_acoustic_056", "instrument": 590, "sample_rate": 16000, "qualities_str": ["fast_decay", "percussive"], "instrument_source": 0, "note_str": "mallet_acoustic_056-064-127", "instrument_family": 5, "instrument_family_str": "mallet"}, {"qualities": [1, 0, 0, 1, 0, 0, 0, 1, 0, 0], "pitch": 35, "note": 5223, "instrument_source_str": "acoustic", "velocity": 25, "instrument_str": "mallet_acoustic_056", "instrument": 590, "sample_rate": 16000, "qualities_str": ["bright", "fast_decay", "percussive"], "instrument_source": 0, "note_str": "mallet_acoustic_056-035-025", "instrument_family": 5, "instrument_family_str": "mallet"}, {"qualities": [0, 0, 0, 0, 0, 0, 0, 1, 1, 0], "pitch": 86, "note": 78472, "instrument_source_str": "acoustic", "velocity": 50, "instrument_str": "mallet_acoustic_047", "instrument": 488, "sample_rate": 16000, "qualities_str": ["percussive", "reverb"], "instrument_source": 0, "note_str": "mallet_acoustic_047-086-050", "instrument_family": 5, "instrument_family_str": "mallet"}, {"qualities": [1, 0, 0, 1, 0, 1, 0, 1, 0, 0], "pitch": 101, "note": 135376, "instrument_source_str": "acoustic", "velocity": 25, "instrument_str": "mallet_acoustic_062", "instrument": 644, "sample_rate": 16000, "qualities_str": ["bright", "fast_decay", "multiphonic", "percussive"], "instrument_source": 0, "note_str": "mallet_acoustic_062-101-025", "instrument_family": 5, "instrument_family_str": "mallet"}, {"qualities": [0, 0, 0, 1, 0, 0, 0, 1, 1, 0], "pitch": 81, "note": 105907, "instrument_source_str": "acoustic", "velocity": 50, "instrument_str": "mallet_acoustic_047", "instrument": 488, "sample_rate": 16000, "qualities_str": ["fast_decay", "percussive", "reverb"], "instrument_source": 0, "note_str": "mallet_acoustic_047-081-050", "instrument_family": 5, "instrument_family_str": "mallet"}, {"qualities": [0, 1, 0, 0, 0, 1, 0, 0, 0, 0], "pitch": 74, "note": 73973, "instrument_source_str": "acoustic", "velocity": 100, "instrument_str": "mallet_acoustic_062", "instrument": 644, "sample_rate": 16000, "qualities_str": ["dark", "multiphonic"], "instrument_source": 0, "note_str": "mallet_acoustic_062-074-100", "instrument_family": 5, "instrument_family_str": "mallet"}, {"qualities": [0, 0, 0, 0, 0, 1, 0, 0, 0, 0], "pitch": 84, "note": 172224, "instrument_source_str": "acoustic", "velocity": 100, "instrument_str": "mallet_acoustic_062", "instrument": 644, "sample_rate": 16000, "qualities_str": ["multiphonic"], "instrument_source": 0, "note_str": "mallet_acoustic_062-084-100", "instrument_family": 5, "instrument_family_str": "mallet"}, {"qualities": [0, 1, 0, 0, 1, 1, 0, 0, 0, 0], "pitch": 34, "note": 119934, "instrument_source_str": "acoustic", "velocity": 127, "instrument_str": "mallet_acoustic_062", "instrument": 644, "sample_rate": 16000, "qualities_str": ["dark", "long_release", "multiphonic"], "instrument_source": 0, "note_str": "mallet_acoustic_062-034-127", "instrument_family": 5, "instrument_family_str": "mallet"}, {"qualities": [0, 0, 0, 1, 0, 0, 0, 0, 0, 0], "pitch": 83, "note": 175983, "instrument_source_str": "acoustic", "velocity": 127, "instrument_str": "mallet_acoustic_056", "instrument": 590, "sample_rate": 16000, "qualities_str": ["fast_decay"], "instrument_source": 0, "note_str": "mallet_acoustic_056-083-127", "instrument_family": 5, "instrument_family_str": "mallet"}, {"qualities": [0, 1, 0, 1, 0, 1, 0, 0, 0, 0], "pitch": 49, "note": 159698, "instrument_source_str": "acoustic", "velocity": 25, "instrument_str": "mallet_acoustic_062", "instrument": 644, "sample_rate": 16000, "qualities_str": ["dark", "fast_decay", "multiphonic"], "instrument_source": 0, "note_str": "mallet_acoustic_062-049-025", "instrument_family": 5, "instrument_family_str": "mallet"}, {"qualities": [0, 0, 0, 1, 0, 0, 0, 1, 1, 0], "pitch": 97, "note": 44685, "instrument_source_str": "acoustic", "velocity": 100, "instrument_str": "mallet_acoustic_047", "instrument": 488, "sample_rate": 16000, "qualities_str": ["fast_decay", "percussive", "reverb"], "instrument_source": 0, "note_str": "mallet_acoustic_047-097-100", "instrument_family": 5, "instrument_family_str": "mallet"}, {"qualities": [0, 1, 0, 1, 0, 1, 0, 0, 0, 0], "pitch": 68, "note": 134016, "instrument_source_str": "acoustic", "velocity": 50, "instrument_str": "mallet_acoustic_062", "instrument": 644, "sample_rate": 16000, "qualities_str": ["dark", "fast_decay", "multiphonic"], "instrument_source": 0, "note_str": "mallet_acoustic_062-068-050", "instrument_family": 5, "instrument_family_str": "mallet"}, {"qualities": [0, 1, 0, 0, 1, 1, 0, 0, 0, 0], "pitch": 49, "note": 190481, "instrument_source_str": "acoustic", "velocity": 127, "instrument_str": "mallet_acoustic_062", "instrument": 644, "sample_rate": 16000, "qualities_str": ["dark", "long_release", "multiphonic"], "instrument_source": 0, "note_str": "mallet_acoustic_062-049-127", "instrument_family": 5, "instrument_family_str": "mallet"}, {"qualities": [0, 0, 0, 1, 0, 0, 0, 1, 1, 0], "pitch": 91, "note": 68842, "instrument_source_str": "acoustic", "velocity": 25, "instrument_str": "mallet_acoustic_047", "instrument": 488, "sample_rate": 16000, "qualities_str": ["fast_decay", "percussive", "reverb"], "instrument_source": 0, "note_str": "mallet_acoustic_047-091-025", "instrument_family": 5, "instrument_family_str": "mallet"}, {"qualities": [0, 0, 0, 0, 0, 1, 0, 0, 0, 0], "pitch": 92, "note": 147031, "instrument_source_str": "acoustic", "velocity": 100, "instrument_str": "mallet_acoustic_062", "instrument": 644, "sample_rate": 16000, "qualities_str": ["multiphonic"], "instrument_source": 0, "note_str": "mallet_acoustic_062-092-100", "instrument_family": 5, "instrument_family_str": "mallet"}, {"qualities": [0, 0, 0, 1, 0, 0, 0, 1, 1, 0], "pitch": 101, "note": 185265, "instrument_source_str": "acoustic", "velocity": 127, "instrument_str": "mallet_acoustic_047", "instrument": 488, "sample_rate": 16000, "qualities_str": ["fast_decay", "percussive", "reverb"], "instrument_source": 0, "note_str": "mallet_acoustic_047-101-127", "instrument_family": 5, "instrument_family_str": "mallet"}, {"qualities": [0, 0, 0, 1, 0, 0, 0, 1, 1, 0], "pitch": 73, "note": 9226, "instrument_source_str": "acoustic", "velocity": 100, "instrument_str": "mallet_acoustic_047", "instrument": 488, "sample_rate": 16000, "qualities_str": ["fast_decay", "percussive", "reverb"], "instrument_source": 0, "note_str": "mallet_acoustic_047-073-100", "instrument_family": 5, "instrument_family_str": "mallet"}, {"qualities": [1, 0, 0, 1, 0, 1, 0, 1, 0, 0], "pitch": 106, "note": 126471, "instrument_source_str": "acoustic", "velocity": 25, "instrument_str": "mallet_acoustic_062", "instrument": 644, "sample_rate": 16000, "qualities_str": ["bright", "fast_decay", "multiphonic", "percussive"], "instrument_source": 0, "note_str": "mallet_acoustic_062-106-025", "instrument_family": 5, "instrument_family_str": "mallet"}, {"qualities": [0, 1, 0, 0, 0, 1, 0, 0, 0, 0], "pitch": 65, "note": 70388, "instrument_source_str": "acoustic", "velocity": 100, "instrument_str": "mallet_acoustic_062", "instrument": 644, "sample_rate": 16000, "qualities_str": ["dark", "multiphonic"], "instrument_source": 0, "note_str": "mallet_acoustic_062-065-100", "instrument_family": 5, "instrument_family_str": "mallet"}, {"qualities": [0, 1, 0, 0, 0, 1, 0, 0, 0, 0], "pitch": 21, "note": 182610, "instrument_source_str": "acoustic", "velocity": 50, "instrument_str": "mallet_acoustic_062", "instrument": 644, "sample_rate": 16000, "qualities_str": ["dark", "multiphonic"], "instrument_source": 0, "note_str": "mallet_acoustic_062-021-050", "instrument_family": 5, "instrument_family_str": "mallet"}, {"qualities": [0, 0, 0, 0, 0, 1, 0, 0, 0, 0], "pitch": 83, "note": 142507, "instrument_source_str": "acoustic", "velocity": 100, "instrument_str": "mallet_acoustic_062", "instrument": 644, "sample_rate": 16000, "qualities_str": ["multiphonic"], "instrument_source": 0, "note_str": "mallet_acoustic_062-083-100", "instrument_family": 5, "instrument_family_str": "mallet"}, {"qualities": [0, 0, 0, 0, 0, 0, 0, 0, 0, 0], "pitch": 87, "note": 25731, "instrument_source_str": "acoustic", "velocity": 100, "instrument_str": "mallet_acoustic_056", "instrument": 590, "sample_rate": 16000, "qualities_str": [], "instrument_source": 0, "note_str": "mallet_acoustic_056-087-100", "instrument_family": 5, "instrument_family_str": "mallet"}, {"qualities": [0, 1, 0, 0, 0, 1, 0, 0, 0, 0], "pitch": 35, "note": 175026, "instrument_source_str": "acoustic", "velocity": 25, "instrument_str": "mallet_acoustic_062", "instrument": 644, "sample_rate": 16000, "qualities_str": ["dark", "multiphonic"], "instrument_source": 0, "note_str": "mallet_acoustic_062-035-025", "instrument_family": 5, "instrument_family_str": "mallet"}, {"qualities": [0, 0, 0, 1, 0, 0, 0, 0, 0, 0], "pitch": 77, "note": 125920, "instrument_source_str": "acoustic", "velocity": 25, "instrument_str": "mallet_acoustic_056", "instrument": 590, "sample_rate": 16000, "qualities_str": ["fast_decay"], "instrument_source": 0, "note_str": "mallet_acoustic_056-077-025", "instrument_family": 5, "instrument_family_str": "mallet"}, {"qualities": [0, 1, 0, 0, 1, 1, 0, 0, 0, 0], "pitch": 33, "note": 114848, "instrument_source_str": "acoustic", "velocity": 100, "instrument_str": "mallet_acoustic_062", "instrument": 644, "sample_rate": 16000, "qualities_str": ["dark", "long_release", "multiphonic"], "instrument_source": 0, "note_str": "mallet_acoustic_062-033-100", "instrument_family": 5, "instrument_family_str": "mallet"}, {"qualities": [0, 0, 0, 0, 0, 0, 0, 0, 0, 0], "pitch": 90, "note": 27648, "instrument_source_str": "acoustic", "velocity": 75, "instrument_str": "mallet_acoustic_056", "instrument": 590, "sample_rate": 16000, "qualities_str": [], "instrument_source": 0, "note_str": "mallet_acoustic_056-090-075", "instrument_family": 5, "instrument_family_str": "mallet"}, {"qualities": [0, 0, 0, 0, 0, 1, 0, 0, 0, 0], "pitch": 89, "note": 25932, "instrument_source_str": "acoustic", "velocity": 127, "instrument_str": "mallet_acoustic_062", "instrument": 644, "sample_rate": 16000, "qualities_str": ["multiphonic"], "instrument_source": 0, "note_str": "mallet_acoustic_062-089-127", "instrument_family": 5, "instrument_family_str": "mallet"}, {"qualities": [0, 0, 0, 1, 0, 0, 0, 1, 1, 0], "pitch": 78, "note": 178823, "instrument_source_str": "acoustic", "velocity": 100, "instrument_str": "mallet_acoustic_047", "instrument": 488, "sample_rate": 16000, "qualities_str": ["fast_decay", "percussive", "reverb"], "instrument_source": 0, "note_str": "mallet_acoustic_047-078-100", "instrument_family": 5, "instrument_family_str": "mallet"}, {"qualities": [0, 0, 0, 1, 0, 0, 0, 1, 1, 0], "pitch": 90, "note": 126913, "instrument_source_str": "acoustic", "velocity": 50, "instrument_str": "mallet_acoustic_047", "instrument": 488, "sample_rate": 16000, "qualities_str": ["fast_decay", "percussive", "reverb"], "instrument_source": 0, "note_str": "mallet_acoustic_047-090-050", "instrument_family": 5, "instrument_family_str": "mallet"}, {"qualities": [0, 1, 0, 1, 0, 1, 0, 0, 0, 0], "pitch": 45, "note": 8036, "instrument_source_str": "acoustic", "velocity": 25, "instrument_str": "mallet_acoustic_062", "instrument": 644, "sample_rate": 16000, "qualities_str": ["dark", "fast_decay", "multiphonic"], "instrument_source": 0, "note_str": "mallet_acoustic_062-045-025", "instrument_family": 5, "instrument_family_str": "mallet"}, {"qualities": [0, 0, 0, 1, 0, 0, 0, 1, 1, 0], "pitch": 98, "note": 96802, "instrument_source_str": "acoustic", "velocity": 75, "instrument_str": "mallet_acoustic_047", "instrument": 488, "sample_rate": 16000, "qualities_str": ["fast_decay", "percussive", "reverb"], "instrument_source": 0, "note_str": "mallet_acoustic_047-098-075", "instrument_family": 5, "instrument_family_str": "mallet"}, {"qualities": [0, 0, 0, 1, 0, 1, 0, 0, 0, 0], "pitch": 89, "note": 155379, "instrument_source_str": "acoustic", "velocity": 50, "instrument_str": "mallet_acoustic_062", "instrument": 644, "sample_rate": 16000, "qualities_str": ["fast_decay", "multiphonic"], "instrument_source": 0, "note_str": "mallet_acoustic_062-089-050", "instrument_family": 5, "instrument_family_str": "mallet"}, {"qualities": [0, 0, 0, 0, 0, 0, 0, 1, 1, 0], "pitch": 80, "note": 64406, "instrument_source_str": "acoustic", "velocity": 25, "instrument_str": "mallet_acoustic_047", "instrument": 488, "sample_rate": 16000, "qualities_str": ["percussive", "reverb"], "instrument_source": 0, "note_str": "mallet_acoustic_047-080-025", "instrument_family": 5, "instrument_family_str": "mallet"}, {"qualities": [0, 1, 0, 1, 0, 1, 0, 0, 0, 0], "pitch": 70, "note": 93847, "instrument_source_str": "acoustic", "velocity": 25, "instrument_str": "mallet_acoustic_062", "instrument": 644, "sample_rate": 16000, "qualities_str": ["dark", "fast_decay", "multiphonic"], "instrument_source": 0, "note_str": "mallet_acoustic_062-070-025", "instrument_family": 5, "instrument_family_str": "mallet"}, {"qualities": [0, 0, 0, 1, 0, 0, 0, 1, 1, 0], "pitch": 99, "note": 113555, "instrument_source_str": "acoustic", "velocity": 75, "instrument_str": "mallet_acoustic_047", "instrument": 488, "sample_rate": 16000, "qualities_str": ["fast_decay", "percussive", "reverb"], "instrument_source": 0, "note_str": "mallet_acoustic_047-099-075", "instrument_family": 5, "instrument_family_str": "mallet"}, {"qualities": [0, 0, 0, 0, 0, 0, 0, 1, 1, 0], "pitch": 77, "note": 101199, "instrument_source_str": "acoustic", "velocity": 100, "instrument_str": "mallet_acoustic_047", "instrument": 488, "sample_rate": 16000, "qualities_str": ["percussive", "reverb"], "instrument_source": 0, "note_str": "mallet_acoustic_047-077-100", "instrument_family": 5, "instrument_family_str": "mallet"}, {"qualities": [0, 1, 0, 0, 0, 1, 0, 0, 0, 0], "pitch": 61, "note": 84375, "instrument_source_str": "acoustic", "velocity": 100, "instrument_str": "mallet_acoustic_062", "instrument": 644, "sample_rate": 16000, "qualities_str": ["dark", "multiphonic"], "instrument_source": 0, "note_str": "mallet_acoustic_062-061-100", "instrument_family": 5, "instrument_family_str": "mallet"}, {"qualities": [0, 1, 0, 0, 1, 1, 0, 0, 0, 0], "pitch": 43, "note": 163864, "instrument_source_str": "acoustic", "velocity": 100, "instrument_str": "mallet_acoustic_062", "instrument": 644, "sample_rate": 16000, "qualities_str": ["dark", "long_release", "multiphonic"], "instrument_source": 0, "note_str": "mallet_acoustic_062-043-100", "instrument_family": 5, "instrument_family_str": "mallet"}, {"qualities": [1, 0, 0, 1, 0, 0, 0, 1, 0, 0], "pitch": 49, "note": 145332, "instrument_source_str": "acoustic", "velocity": 127, "instrument_str": "mallet_acoustic_056", "instrument": 590, "sample_rate": 16000, "qualities_str": ["bright", "fast_decay", "percussive"], "instrument_source": 0, "note_str": "mallet_acoustic_056-049-127", "instrument_family": 5, "instrument_family_str": "mallet"}, {"qualities": [0, 0, 0, 0, 0, 1, 0, 0, 0, 0], "pitch": 81, "note": 15630, "instrument_source_str": "acoustic", "velocity": 127, "instrument_str": "mallet_acoustic_062", "instrument": 644, "sample_rate": 16000, "qualities_str": ["multiphonic"], "instrument_source": 0, "note_str": "mallet_acoustic_062-081-127", "instrument_family": 5, "instrument_family_str": "mallet"}, {"qualities": [0, 0, 0, 0, 0, 0, 0, 0, 0, 0], "pitch": 91, "note": 126441, "instrument_source_str": "acoustic", "velocity": 100, "instrument_str": "mallet_acoustic_056", "instrument": 590, "sample_rate": 16000, "qualities_str": [], "instrument_source": 0, "note_str": "mallet_acoustic_056-091-100", "instrument_family": 5, "instrument_family_str": "mallet"}, {"qualities": [0, 1, 0, 0, 0, 1, 0, 0, 0, 0], "pitch": 66, "note": 22555, "instrument_source_str": "acoustic", "velocity": 100, "instrument_str": "mallet_acoustic_062", "instrument": 644, "sample_rate": 16000, "qualities_str": ["dark", "multiphonic"], "instrument_source": 0, "note_str": "mallet_acoustic_062-066-100", "instrument_family": 5, "instrument_family_str": "mallet"}, {"qualities": [0, 0, 0, 1, 0, 1, 0, 0, 0, 0], "pitch": 88, "note": 151553, "instrument_source_str": "acoustic", "velocity": 50, "instrument_str": "mallet_acoustic_062", "instrument": 644, "sample_rate": 16000, "qualities_str": ["fast_decay", "multiphonic"], "instrument_source": 0, "note_str": "mallet_acoustic_062-088-050", "instrument_family": 5, "instrument_family_str": "mallet"}, {"qualities": [0, 1, 0, 0, 1, 1, 0, 0, 0, 0], "pitch": 37, "note": 42480, "instrument_source_str": "acoustic", "velocity": 127, "instrument_str": "mallet_acoustic_062", "instrument": 644, "sample_rate": 16000, "qualities_str": ["dark", "long_release", "multiphonic"], "instrument_source": 0, "note_str": "mallet_acoustic_062-037-127", "instrument_family": 5, "instrument_family_str": "mallet"}, {"qualities": [1, 0, 0, 0, 1, 0, 0, 0, 0, 0], "pitch": 119, "note": 114150, "instrument_source_str": "acoustic", "velocity": 25, "instrument_str": "mallet_acoustic_056", "instrument": 590, "sample_rate": 16000, "qualities_str": ["bright", "long_release"], "instrument_source": 0, "note_str": "mallet_acoustic_056-119-025", "instrument_family": 5, "instrument_family_str": "mallet"}, {"qualities": [0, 0, 0, 0, 0, 1, 0, 0, 0, 0], "pitch": 86, "note": 146474, "instrument_source_str": "acoustic", "velocity": 127, "instrument_str": "mallet_acoustic_062", "instrument": 644, "sample_rate": 16000, "qualities_str": ["multiphonic"], "instrument_source": 0, "note_str": "mallet_acoustic_062-086-127", "instrument_family": 5, "instrument_family_str": "mallet"}, {"qualities": [1, 0, 0, 0, 0, 0, 0, 0, 0, 0], "pitch": 101, "note": 176519, "instrument_source_str": "acoustic", "velocity": 50, "instrument_str": "mallet_acoustic_056", "instrument": 590, "sample_rate": 16000, "qualities_str": ["bright"], "instrument_source": 0, "note_str": "mallet_acoustic_056-101-050", "instrument_family": 5, "instrument_family_str": "mallet"}, {"qualities": [0, 1, 0, 0, 1, 1, 0, 0, 0, 0], "pitch": 52, "note": 122999, "instrument_source_str": "acoustic", "velocity": 127, "instrument_str": "mallet_acoustic_062", "instrument": 644, "sample_rate": 16000, "qualities_str": ["dark", "long_release", "multiphonic"], "instrument_source": 0, "note_str": "mallet_acoustic_062-052-127", "instrument_family": 5, "instrument_family_str": "mallet"}, {"qualities": [0, 0, 0, 1, 0, 1, 0, 0, 0, 0], "pitch": 95, "note": 184615, "instrument_source_str": "acoustic", "velocity": 50, "instrument_str": "mallet_acoustic_062", "instrument": 644, "sample_rate": 16000, "qualities_str": ["fast_decay", "multiphonic"], "instrument_source": 0, "note_str": "mallet_acoustic_062-095-050", "instrument_family": 5, "instrument_family_str": "mallet"}, {"qualities": [0, 1, 0, 0, 0, 1, 0, 0, 0, 0], "pitch": 37, "note": 97398, "instrument_source_str": "acoustic", "velocity": 75, "instrument_str": "mallet_acoustic_062", "instrument": 644, "sample_rate": 16000, "qualities_str": ["dark", "multiphonic"], "instrument_source": 0, "note_str": "mallet_acoustic_062-037-075", "instrument_family": 5, "instrument_family_str": "mallet"}, {"qualities": [1, 0, 0, 1, 0, 1, 0, 0, 0, 0], "pitch": 105, "note": 168433, "instrument_source_str": "acoustic", "velocity": 75, "instrument_str": "mallet_acoustic_062", "instrument": 644, "sample_rate": 16000, "qualities_str": ["bright", "fast_decay", "multiphonic"], "instrument_source": 0, "note_str": "mallet_acoustic_062-105-075", "instrument_family": 5, "instrument_family_str": "mallet"}, {"qualities": [0, 1, 0, 0, 0, 1, 0, 0, 0, 0], "pitch": 69, "note": 154805, "instrument_source_str": "acoustic", "velocity": 100, "instrument_str": "mallet_acoustic_062", "instrument": 644, "sample_rate": 16000, "qualities_str": ["dark", "multiphonic"], "instrument_source": 0, "note_str": "mallet_acoustic_062-069-100", "instrument_family": 5, "instrument_family_str": "mallet"}, {"qualities": [1, 0, 0, 1, 0, 0, 0, 1, 0, 0], "pitch": 48, "note": 108749, "instrument_source_str": "acoustic", "velocity": 127, "instrument_str": "mallet_acoustic_056", "instrument": 590, "sample_rate": 16000, "qualities_str": ["bright", "fast_decay", "percussive"], "instrument_source": 0, "note_str": "mallet_acoustic_056-048-127", "instrument_family": 5, "instrument_family_str": "mallet"}, {"qualities": [0, 0, 0, 1, 0, 0, 0, 1, 1, 0], "pitch": 70, "note": 170115, "instrument_source_str": "acoustic", "velocity": 75, "instrument_str": "mallet_acoustic_047", "instrument": 488, "sample_rate": 16000, "qualities_str": ["fast_decay", "percussive", "reverb"], "instrument_source": 0, "note_str": "mallet_acoustic_047-070-075", "instrument_family": 5, "instrument_family_str": "mallet"}, {"qualities": [1, 0, 0, 0, 0, 0, 0, 0, 0, 0], "pitch": 110, "note": 89663, "instrument_source_str": "acoustic", "velocity": 50, "instrument_str": "mallet_acoustic_056", "instrument": 590, "sample_rate": 16000, "qualities_str": ["bright"], "instrument_source": 0, "note_str": "mallet_acoustic_056-110-050", "instrument_family": 5, "instrument_family_str": "mallet"}, {"qualities": [0, 0, 0, 1, 0, 0, 0, 1, 1, 0], "pitch": 108, "note": 37440, "instrument_source_str": "acoustic", "velocity": 50, "instrument_str": "mallet_acoustic_047", "instrument": 488, "sample_rate": 16000, "qualities_str": ["fast_decay", "percussive", "reverb"], "instrument_source": 0, "note_str": "mallet_acoustic_047-108-050", "instrument_family": 5, "instrument_family_str": "mallet"}, {"qualities": [0, 1, 0, 0, 1, 1, 0, 0, 0, 0], "pitch": 28, "note": 70522, "instrument_source_str": "acoustic", "velocity": 75, "instrument_str": "mallet_acoustic_062", "instrument": 644, "sample_rate": 16000, "qualities_str": ["dark", "long_release", "multiphonic"], "instrument_source": 0, "note_str": "mallet_acoustic_062-028-075", "instrument_family": 5, "instrument_family_str": "mallet"}, {"qualities": [0, 0, 0, 1, 0, 0, 0, 0, 0, 0], "pitch": 65, "note": 128239, "instrument_source_str": "acoustic", "velocity": 75, "instrument_str": "mallet_acoustic_056", "instrument": 590, "sample_rate": 16000, "qualities_str": ["fast_decay"], "instrument_source": 0, "note_str": "mallet_acoustic_056-065-075", "instrument_family": 5, "instrument_family_str": "mallet"}, {"qualities": [0, 0, 0, 1, 0, 0, 0, 1, 1, 0], "pitch": 87, "note": 174000, "instrument_source_str": "acoustic", "velocity": 127, "instrument_str": "mallet_acoustic_047", "instrument": 488, "sample_rate": 16000, "qualities_str": ["fast_decay", "percussive", "reverb"], "instrument_source": 0, "note_str": "mallet_acoustic_047-087-127", "instrument_family": 5, "instrument_family_str": "mallet"}, {"qualities": [0, 1, 0, 0, 0, 1, 0, 0, 0, 0], "pitch": 73, "note": 181440, "instrument_source_str": "acoustic", "velocity": 75, "instrument_str": "mallet_acoustic_062", "instrument": 644, "sample_rate": 16000, "qualities_str": ["dark", "multiphonic"], "instrument_source": 0, "note_str": "mallet_acoustic_062-073-075", "instrument_family": 5, "instrument_family_str": "mallet"}, {"qualities": [0, 1, 0, 0, 0, 1, 0, 0, 0, 0], "pitch": 53, "note": 163734, "instrument_source_str": "acoustic", "velocity": 50, "instrument_str": "mallet_acoustic_062", "instrument": 644, "sample_rate": 16000, "qualities_str": ["dark", "multiphonic"], "instrument_source": 0, "note_str": "mallet_acoustic_062-053-050", "instrument_family": 5, "instrument_family_str": "mallet"}, {"qualities": [1, 0, 0, 0, 0, 0, 0, 0, 0, 0], "pitch": 104, "note": 53511, "instrument_source_str": "acoustic", "velocity": 127, "instrument_str": "mallet_acoustic_056", "instrument": 590, "sample_rate": 16000, "qualities_str": ["bright"], "instrument_source": 0, "note_str": "mallet_acoustic_056-104-127", "instrument_family": 5, "instrument_family_str": "mallet"}, {"qualities": [0, 0, 0, 0, 0, 1, 0, 0, 0, 0], "pitch": 90, "note": 70081, "instrument_source_str": "acoustic", "velocity": 100, "instrument_str": "mallet_acoustic_062", "instrument": 644, "sample_rate": 16000, "qualities_str": ["multiphonic"], "instrument_source": 0, "note_str": "mallet_acoustic_062-090-100", "instrument_family": 5, "instrument_family_str": "mallet"}, {"qualities": [0, 0, 0, 1, 0, 0, 0, 1, 1, 0], "pitch": 78, "note": 176438, "instrument_source_str": "acoustic", "velocity": 25, "instrument_str": "mallet_acoustic_047", "instrument": 488, "sample_rate": 16000, "qualities_str": ["fast_decay", "percussive", "reverb"], "instrument_source": 0, "note_str": "mallet_acoustic_047-078-025", "instrument_family": 5, "instrument_family_str": "mallet"}, {"qualities": [0, 0, 0, 0, 0, 0, 0, 0, 0, 0], "pitch": 91, "note": 27067, "instrument_source_str": "acoustic", "velocity": 127, "instrument_str": "mallet_acoustic_056", "instrument": 590, "sample_rate": 16000, "qualities_str": [], "instrument_source": 0, "note_str": "mallet_acoustic_056-091-127", "instrument_family": 5, "instrument_family_str": "mallet"}, {"qualities": [0, 1, 0, 0, 1, 1, 0, 0, 0, 0], "pitch": 66, "note": 112724, "instrument_source_str": "acoustic", "velocity": 127, "instrument_str": "mallet_acoustic_062", "instrument": 644, "sample_rate": 16000, "qualities_str": ["dark", "long_release", "multiphonic"], "instrument_source": 0, "note_str": "mallet_acoustic_062-066-127", "instrument_family": 5, "instrument_family_str": "mallet"}, {"qualities": [0, 1, 0, 0, 1, 1, 0, 0, 0, 0], "pitch": 40, "note": 180634, "instrument_source_str": "acoustic", "velocity": 100, "instrument_str": "mallet_acoustic_062", "instrument": 644, "sample_rate": 16000, "qualities_str": ["dark", "long_release", "multiphonic"], "instrument_source": 0, "note_str": "mallet_acoustic_062-040-100", "instrument_family": 5, "instrument_family_str": "mallet"}, {"qualities": [0, 0, 0, 1, 0, 0, 0, 0, 0, 0], "pitch": 82, "note": 96730, "instrument_source_str": "acoustic", "velocity": 100, "instrument_str": "mallet_acoustic_056", "instrument": 590, "sample_rate": 16000, "qualities_str": ["fast_decay"], "instrument_source": 0, "note_str": "mallet_acoustic_056-082-100", "instrument_family": 5, "instrument_family_str": "mallet"}, {"qualities": [1, 0, 0, 1, 0, 1, 0, 0, 0, 0], "pitch": 105, "note": 153347, "instrument_source_str": "acoustic", "velocity": 100, "instrument_str": "mallet_acoustic_062", "instrument": 644, "sample_rate": 16000, "qualities_str": ["bright", "fast_decay", "multiphonic"], "instrument_source": 0, "note_str": "mallet_acoustic_062-105-100", "instrument_family": 5, "instrument_family_str": "mallet"}, {"qualities": [0, 1, 0, 0, 1, 1, 0, 0, 0, 0], "pitch": 32, "note": 164460, "instrument_source_str": "acoustic", "velocity": 127, "instrument_str": "mallet_acoustic_062", "instrument": 644, "sample_rate": 16000, "qualities_str": ["dark", "long_release", "multiphonic"], "instrument_source": 0, "note_str": "mallet_acoustic_062-032-127", "instrument_family": 5, "instrument_family_str": "mallet"}, {"qualities": [0, 0, 0, 1, 0, 0, 0, 1, 1, 0], "pitch": 99, "note": 149677, "instrument_source_str": "acoustic", "velocity": 100, "instrument_str": "mallet_acoustic_047", "instrument": 488, "sample_rate": 16000, "qualities_str": ["fast_decay", "percussive", "reverb"], "instrument_source": 0, "note_str": "mallet_acoustic_047-099-100", "instrument_family": 5, "instrument_family_str": "mallet"}, {"qualities": [0, 0, 0, 1, 0, 0, 0, 1, 1, 0], "pitch": 93, "note": 174607, "instrument_source_str": "acoustic", "velocity": 127, "instrument_str": "mallet_acoustic_047", "instrument": 488, "sample_rate": 16000, "qualities_str": ["fast_decay", "percussive", "reverb"], "instrument_source": 0, "note_str": "mallet_acoustic_047-093-127", "instrument_family": 5, "instrument_family_str": "mallet"}, {"qualities": [0, 1, 0, 0, 1, 1, 0, 0, 0, 0], "pitch": 40, "note": 189333, "instrument_source_str": "acoustic", "velocity": 127, "instrument_str": "mallet_acoustic_062", "instrument": 644, "sample_rate": 16000, "qualities_str": ["dark", "long_release", "multiphonic"], "instrument_source": 0, "note_str": "mallet_acoustic_062-040-127", "instrument_family": 5, "instrument_family_str": "mallet"}, {"qualities": [0, 1, 0, 0, 0, 1, 0, 0, 0, 0], "pitch": 55, "note": 120142, "instrument_source_str": "acoustic", "velocity": 50, "instrument_str": "mallet_acoustic_062", "instrument": 644, "sample_rate": 16000, "qualities_str": ["dark", "multiphonic"], "instrument_source": 0, "note_str": "mallet_acoustic_062-055-050", "instrument_family": 5, "instrument_family_str": "mallet"}, {"qualities": [0, 0, 0, 1, 0, 1, 0, 1, 0, 0], "pitch": 78, "note": 140752, "instrument_source_str": "acoustic", "velocity": 25, "instrument_str": "mallet_acoustic_062", "instrument": 644, "sample_rate": 16000, "qualities_str": ["fast_decay", "multiphonic", "percussive"], "instrument_source": 0, "note_str": "mallet_acoustic_062-078-025", "instrument_family": 5, "instrument_family_str": "mallet"}, {"qualities": [1, 0, 0, 0, 0, 1, 0, 0, 0, 0], "pitch": 100, "note": 66516, "instrument_source_str": "acoustic", "velocity": 127, "instrument_str": "mallet_acoustic_062", "instrument": 644, "sample_rate": 16000, "qualities_str": ["bright", "multiphonic"], "instrument_source": 0, "note_str": "mallet_acoustic_062-100-127", "instrument_family": 5, "instrument_family_str": "mallet"}, {"qualities": [0, 0, 0, 1, 0, 0, 0, 1, 1, 0], "pitch": 86, "note": 160325, "instrument_source_str": "acoustic", "velocity": 127, "instrument_str": "mallet_acoustic_047", "instrument": 488, "sample_rate": 16000, "qualities_str": ["fast_decay", "percussive", "reverb"], "instrument_source": 0, "note_str": "mallet_acoustic_047-086-127", "instrument_family": 5, "instrument_family_str": "mallet"}, {"qualities": [0, 0, 0, 1, 0, 0, 0, 1, 1, 0], "pitch": 94, "note": 94000, "instrument_source_str": "acoustic", "velocity": 75, "instrument_str": "mallet_acoustic_047", "instrument": 488, "sample_rate": 16000, "qualities_str": ["fast_decay", "percussive", "reverb"], "instrument_source": 0, "note_str": "mallet_acoustic_047-094-075", "instrument_family": 5, "instrument_family_str": "mallet"}, {"qualities": [0, 0, 0, 1, 0, 1, 0, 0, 0, 0], "pitch": 95, "note": 92214, "instrument_source_str": "acoustic", "velocity": 75, "instrument_str": "mallet_acoustic_062", "instrument": 644, "sample_rate": 16000, "qualities_str": ["fast_decay", "multiphonic"], "instrument_source": 0, "note_str": "mallet_acoustic_062-095-075", "instrument_family": 5, "instrument_family_str": "mallet"}, {"qualities": [1, 0, 0, 1, 0, 0, 0, 1, 0, 0], "pitch": 45, "note": 160479, "instrument_source_str": "acoustic", "velocity": 127, "instrument_str": "mallet_acoustic_056", "instrument": 590, "sample_rate": 16000, "qualities_str": ["bright", "fast_decay", "percussive"], "instrument_source": 0, "note_str": "mallet_acoustic_056-045-127", "instrument_family": 5, "instrument_family_str": "mallet"}, {"qualities": [0, 0, 0, 1, 0, 1, 0, 0, 0, 0], "pitch": 86, "note": 130398, "instrument_source_str": "acoustic", "velocity": 75, "instrument_str": "mallet_acoustic_062", "instrument": 644, "sample_rate": 16000, "qualities_str": ["fast_decay", "multiphonic"], "instrument_source": 0, "note_str": "mallet_acoustic_062-086-075", "instrument_family": 5, "instrument_family_str": "mallet"}, {"qualities": [0, 0, 0, 1, 0, 0, 0, 1, 0, 0], "pitch": 65, "note": 184303, "instrument_source_str": "acoustic", "velocity": 25, "instrument_str": "mallet_acoustic_056", "instrument": 590, "sample_rate": 16000, "qualities_str": ["fast_decay", "percussive"], "instrument_source": 0, "note_str": "mallet_acoustic_056-065-025", "instrument_family": 5, "instrument_family_str": "mallet"}, {"qualities": [0, 0, 0, 1, 0, 0, 0, 1, 1, 0], "pitch": 66, "note": 159325, "instrument_source_str": "acoustic", "velocity": 25, "instrument_str": "mallet_acoustic_047", "instrument": 488, "sample_rate": 16000, "qualities_str": ["fast_decay", "percussive", "reverb"], "instrument_source": 0, "note_str": "mallet_acoustic_047-066-025", "instrument_family": 5, "instrument_family_str": "mallet"}, {"qualities": [1, 0, 0, 0, 1, 0, 0, 0, 0, 0], "pitch": 118, "note": 109163, "instrument_source_str": "acoustic", "velocity": 50, "instrument_str": "mallet_acoustic_056", "instrument": 590, "sample_rate": 16000, "qualities_str": ["bright", "long_release"], "instrument_source": 0, "note_str": "mallet_acoustic_056-118-050", "instrument_family": 5, "instrument_family_str": "mallet"}, {"qualities": [0, 1, 0, 1, 0, 1, 0, 1, 0, 0], "pitch": 75, "note": 68225, "instrument_source_str": "acoustic", "velocity": 25, "instrument_str": "mallet_acoustic_062", "instrument": 644, "sample_rate": 16000, "qualities_str": ["dark", "fast_decay", "multiphonic", "percussive"], "instrument_source": 0, "note_str": "mallet_acoustic_062-075-025", "instrument_family": 5, "instrument_family_str": "mallet"}, {"qualities": [1, 0, 0, 0, 0, 1, 0, 0, 0, 0], "pitch": 106, "note": 185279, "instrument_source_str": "acoustic", "velocity": 127, "instrument_str": "mallet_acoustic_062", "instrument": 644, "sample_rate": 16000, "qualities_str": ["bright", "multiphonic"], "instrument_source": 0, "note_str": "mallet_acoustic_062-106-127", "instrument_family": 5, "instrument_family_str": "mallet"}, {"qualities": [0, 0, 0, 1, 0, 1, 0, 0, 0, 0], "pitch": 90, "note": 121658, "instrument_source_str": "acoustic", "velocity": 50, "instrument_str": "mallet_acoustic_062", "instrument": 644, "sample_rate": 16000, "qualities_str": ["fast_decay", "multiphonic"], "instrument_source": 0, "note_str": "mallet_acoustic_062-090-050", "instrument_family": 5, "instrument_family_str": "mallet"}, {"qualities": [0, 0, 0, 0, 0, 1, 0, 0, 0, 0], "pitch": 78, "note": 11054, "instrument_source_str": "acoustic", "velocity": 100, "instrument_str": "mallet_acoustic_062", "instrument": 644, "sample_rate": 16000, "qualities_str": ["multiphonic"], "instrument_source": 0, "note_str": "mallet_acoustic_062-078-100", "instrument_family": 5, "instrument_family_str": "mallet"}, {"qualities": [1, 0, 0, 1, 0, 1, 0, 0, 0, 0], "pitch": 101, "note": 165521, "instrument_source_str": "acoustic", "velocity": 75, "instrument_str": "mallet_acoustic_062", "instrument": 644, "sample_rate": 16000, "qualities_str": ["bright", "fast_decay", "multiphonic"], "instrument_source": 0, "note_str": "mallet_acoustic_062-101-075", "instrument_family": 5, "instrument_family_str": "mallet"}, {"qualities": [0, 0, 0, 1, 0, 0, 0, 1, 1, 0], "pitch": 106, "note": 174786, "instrument_source_str": "acoustic", "velocity": 127, "instrument_str": "mallet_acoustic_047", "instrument": 488, "sample_rate": 16000, "qualities_str": ["fast_decay", "percussive", "reverb"], "instrument_source": 0, "note_str": "mallet_acoustic_047-106-127", "instrument_family": 5, "instrument_family_str": "mallet"}, {"qualities": [0, 0, 0, 1, 0, 0, 0, 1, 1, 0], "pitch": 102, "note": 96966, "instrument_source_str": "acoustic", "velocity": 50, "instrument_str": "mallet_acoustic_047", "instrument": 488, "sample_rate": 16000, "qualities_str": ["fast_decay", "percussive", "reverb"], "instrument_source": 0, "note_str": "mallet_acoustic_047-102-050", "instrument_family": 5, "instrument_family_str": "mallet"}, {"qualities": [0, 0, 0, 1, 0, 1, 0, 0, 0, 0], "pitch": 85, "note": 160178, "instrument_source_str": "acoustic", "velocity": 75, "instrument_str": "mallet_acoustic_062", "instrument": 644, "sample_rate": 16000, "qualities_str": ["fast_decay", "multiphonic"], "instrument_source": 0, "note_str": "mallet_acoustic_062-085-075", "instrument_family": 5, "instrument_family_str": "mallet"}, {"qualities": [0, 0, 0, 1, 0, 0, 0, 1, 1, 0], "pitch": 104, "note": 175595, "instrument_source_str": "acoustic", "velocity": 75, "instrument_str": "mallet_acoustic_047", "instrument": 488, "sample_rate": 16000, "qualities_str": ["fast_decay", "percussive", "reverb"], "instrument_source": 0, "note_str": "mallet_acoustic_047-104-075", "instrument_family": 5, "instrument_family_str": "mallet"}, {"qualities": [0, 0, 0, 0, 0, 1, 0, 0, 0, 0], "pitch": 90, "note": 146847, "instrument_source_str": "acoustic", "velocity": 127, "instrument_str": "mallet_acoustic_062", "instrument": 644, "sample_rate": 16000, "qualities_str": ["multiphonic"], "instrument_source": 0, "note_str": "mallet_acoustic_062-090-127", "instrument_family": 5, "instrument_family_str": "mallet"}, {"qualities": [0, 1, 0, 0, 0, 1, 0, 0, 0, 0], "pitch": 74, "note": 130148, "instrument_source_str": "acoustic", "velocity": 127, "instrument_str": "mallet_acoustic_062", "instrument": 644, "sample_rate": 16000, "qualities_str": ["dark", "multiphonic"], "instrument_source": 0, "note_str": "mallet_acoustic_062-074-127", "instrument_family": 5, "instrument_family_str": "mallet"}, {"qualities": [0, 0, 0, 1, 0, 0, 0, 1, 1, 0], "pitch": 103, "note": 153270, "instrument_source_str": "acoustic", "velocity": 25, "instrument_str": "mallet_acoustic_047", "instrument": 488, "sample_rate": 16000, "qualities_str": ["fast_decay", "percussive", "reverb"], "instrument_source": 0, "note_str": "mallet_acoustic_047-103-025", "instrument_family": 5, "instrument_family_str": "mallet"}, {"qualities": [1, 0, 0, 0, 1, 0, 0, 0, 0, 0], "pitch": 115, "note": 115601, "instrument_source_str": "acoustic", "velocity": 25, "instrument_str": "mallet_acoustic_056", "instrument": 590, "sample_rate": 16000, "qualities_str": ["bright", "long_release"], "instrument_source": 0, "note_str": "mallet_acoustic_056-115-025", "instrument_family": 5, "instrument_family_str": "mallet"}, {"qualities": [0, 0, 0, 1, 0, 0, 0, 1, 1, 0], "pitch": 76, "note": 175843, "instrument_source_str": "acoustic", "velocity": 25, "instrument_str": "mallet_acoustic_047", "instrument": 488, "sample_rate": 16000, "qualities_str": ["fast_decay", "percussive", "reverb"], "instrument_source": 0, "note_str": "mallet_acoustic_047-076-025", "instrument_family": 5, "instrument_family_str": "mallet"}, {"qualities": [0, 0, 0, 1, 0, 0, 0, 0, 0, 0], "pitch": 77, "note": 25184, "instrument_source_str": "acoustic", "velocity": 100, "instrument_str": "mallet_acoustic_056", "instrument": 590, "sample_rate": 16000, "qualities_str": ["fast_decay"], "instrument_source": 0, "note_str": "mallet_acoustic_056-077-100", "instrument_family": 5, "instrument_family_str": "mallet"}, {"qualities": [0, 1, 0, 0, 1, 1, 0, 0, 0, 0], "pitch": 55, "note": 127914, "instrument_source_str": "acoustic", "velocity": 127, "instrument_str": "mallet_acoustic_062", "instrument": 644, "sample_rate": 16000, "qualities_str": ["dark", "long_release", "multiphonic"], "instrument_source": 0, "note_str": "mallet_acoustic_062-055-127", "instrument_family": 5, "instrument_family_str": "mallet"}, {"qualities": [0, 1, 0, 0, 0, 1, 0, 0, 0, 0], "pitch": 72, "note": 69675, "instrument_source_str": "acoustic", "velocity": 75, "instrument_str": "mallet_acoustic_062", "instrument": 644, "sample_rate": 16000, "qualities_str": ["dark", "multiphonic"], "instrument_source": 0, "note_str": "mallet_acoustic_062-072-075", "instrument_family": 5, "instrument_family_str": "mallet"}]