[{"qualities": [0, 0, 0, 0, 0, 0, 0, 0, 1, 0], "pitch": 68, "note": 22259, "instrument_source_str": "acoustic", "velocity": 127, "instrument_str": "reed_acoustic_037", "instrument": 387, "sample_rate": 16000, "qualities_str": ["reverb"], "instrument_source": 0, "note_str": "reed_acoustic_037-068-127", "instrument_family": 7, "instrument_family_str": "reed"}, {"qualities": [0, 0, 0, 0, 0, 0, 0, 0, 1, 0], "pitch": 68, "note": 76159, "instrument_source_str": "acoustic", "velocity": 50, "instrument_str": "reed_acoustic_037", "instrument": 387, "sample_rate": 16000, "qualities_str": ["reverb"], "instrument_source": 0, "note_str": "reed_acoustic_037-068-050", "instrument_family": 7, "instrument_family_str": "reed"}, {"qualities": [0, 0, 0, 0, 1, 0, 0, 0, 1, 0], "pitch": 32, "note": 54475, "instrument_source_str": "acoustic", "velocity": 127, "instrument_str": "reed_acoustic_037", "instrument": 387, "sample_rate": 16000, "qualities_str": ["long_release", "reverb"], "instrument_source": 0, "note_str": "reed_acoustic_037-032-127", "instrument_family": 7, "instrument_family_str": "reed"}, {"qualities": [0, 0, 0, 0, 0, 0, 0, 0, 1, 0], "pitch": 38, "note": 1014, "instrument_source_str": "acoustic", "velocity": 100, "instrument_str": "reed_acoustic_037", "instrument": 387, "sample_rate": 16000, "qualities_str": ["reverb"], "instrument_source": 0, "note_str": "reed_acoustic_037-038-100", "instrument_family": 7, "instrument_family_str": "reed"}, {"qualities": [1, 0, 0, 1, 0, 1, 1, 0, 0, 0], "pitch": 39, "note": 76963, "instrument_source_str": "acoustic", "velocity": 127, "instrument_str": "reed_acoustic_023", "instrument": 224, "sample_rate": 16000, "qualities_str": ["bright", "fast_decay", "multiphonic", "nonlinear_env"], "instrument_source": 0, "note_str": "reed_acoustic_023-039-127", "instrument_family": 7, "instrument_family_str": "reed"}, {"qualities": [1, 0, 0, 1, 0, 1, 1, 0, 0, 0], "pitch": 58, "note": 118216, "instrument_source_str": "acoustic", "velocity": 25, "instrument_str": "reed_acoustic_023", "instrument": 224, "sample_rate": 16000, "qualities_str": ["bright", "fast_decay", "multiphonic", "nonlinear_env"], "instrument_source": 0, "note_str": "reed_acoustic_023-058-025", "instrument_family": 7, "instrument_family_str": "reed"}, {"qualities": [0, 0, 0, 0, 0, 0, 0, 0, 1, 0], "pitch": 35, "note": 62230, "instrument_source_str": "acoustic", "velocity": 100, "instrument_str": "reed_acoustic_037", "instrument": 387, "sample_rate": 16000, "qualities_str": ["reverb"], "instrument_source": 0, "note_str": "reed_acoustic_037-035-100", "instrument_family": 7, "instrument_family_str": "reed"}, {"qualities": [0, 0, 0, 0, 0, 0, 0, 0, 0, 0], "pitch": 72, "note": 123967, "instrument_source_str": "acoustic", "velocity": 50, "instrument_str": "reed_acoustic_018", "instrument": 183, "sample_rate": 16000, "qualities_str": [], "instrument_source": 0, "note_str": "reed_acoustic_018-072-050", "instrument_family": 7, "instrument_family_str": "reed"}, {"qualities": [0, 0, 0, 0, 0, 0, 0, 0, 0, 0], "pitch": 76, "note": 45858, "instrument_source_str": "acoustic", "velocity": 100, "instrument_str": "reed_acoustic_011", "instrument": 104, "sample_rate": 16000, "qualities_str": [], "instrument_source": 0, "note_str": "reed_acoustic_011-076-100", "instrument_family": 7, "instrument_family_str": "reed"}, {"qualities": [1, 0, 0, 1, 0, 1, 1, 0, 0, 0], "pitch": 46, "note": 122429, "instrument_source_str": "acoustic", "velocity": 100, "instrument_str": "reed_acoustic_023", "instrument": 224, "sample_rate": 16000, "qualities_str": ["bright", "fast_decay", "multiphonic", "nonlinear_env"], "instrument_source": 0, "note_str": "reed_acoustic_023-046-100", "instrument_family": 7, "instrument_family_str": "reed"}, {"qualities": [0, 0, 0, 0, 0, 0, 0, 0, 0, 0], "pitch": 66, "note": 111172, "instrument_source_str": "acoustic", "velocity": 25, "instrument_str": "reed_acoustic_011", "instrument": 104, "sample_rate": 16000, "qualities_str": [], "instrument_source": 0, "note_str": "reed_acoustic_011-066-025", "instrument_family": 7, "instrument_family_str": "reed"}, {"qualities": [1, 0, 0, 0, 0, 0, 0, 0, 0, 0], "pitch": 53, "note": 139629, "instrument_source_str": "acoustic", "velocity": 100, "instrument_str": "reed_acoustic_011", "instrument": 104, "sample_rate": 16000, "qualities_str": ["bright"], "instrument_source": 0, "note_str": "reed_acoustic_011-053-100", "instrument_family": 7, "instrument_family_str": "reed"}, {"qualities": [0, 0, 0, 0, 0, 0, 0, 0, 1, 0], "pitch": 56, "note": 127864, "instrument_source_str": "acoustic", "velocity": 25, "instrument_str": "reed_acoustic_037", "instrument": 387, "sample_rate": 16000, "qualities_str": ["reverb"], "instrument_source": 0, "note_str": "reed_acoustic_037-056-025", "instrument_family": 7, "instrument_family_str": "reed"}, {"qualities": [1, 0, 0, 0, 0, 0, 0, 0, 0, 0], "pitch": 43, "note": 102294, "instrument_source_str": "acoustic", "velocity": 127, "instrument_str": "reed_acoustic_011", "instrument": 104, "sample_rate": 16000, "qualities_str": ["bright"], "instrument_source": 0, "note_str": "reed_acoustic_011-043-127", "instrument_family": 7, "instrument_family_str": "reed"}, {"qualities": [0, 0, 0, 0, 0, 0, 0, 0, 1, 0], "pitch": 38, "note": 29176, "instrument_source_str": "acoustic", "velocity": 25, "instrument_str": "reed_acoustic_037", "instrument": 387, "sample_rate": 16000, "qualities_str": ["reverb"], "instrument_source": 0, "note_str": "reed_acoustic_037-038-025", "instrument_family": 7, "instrument_family_str": "reed"}, {"qualities": [0, 0, 0, 0, 0, 0, 0, 0, 1, 0], "pitch": 73, "note": 51638, "instrument_source_str": "acoustic", "velocity": 75, "instrument_str": "reed_acoustic_037", "instrument": 387, "sample_rate": 16000, "qualities_str": ["reverb"], "instrument_source": 0, "note_str": "reed_acoustic_037-073-075", "instrument_family": 7, "instrument_family_str": "reed"}, {"qualities": [0, 0, 0, 0, 0, 0, 0, 0, 0, 0], "pitch": 64, "note": 107919, "instrument_source_str": "acoustic", "velocity": 100, "instrument_str": "reed_acoustic_018", "instrument": 183, "sample_rate": 16000, "qualities_str": [], "instrument_source": 0, "note_str": "reed_acoustic_018-064-100", "instrument_family": 7, "instrument_family_str": "reed"}, {"qualities": [0, 0, 0, 0, 0, 0, 0, 0, 0, 0], "pitch": 63, "note": 3238, "instrument_source_str": "acoustic", "velocity": 50, "instrument_str": "reed_acoustic_018", "instrument": 183, "sample_rate": 16000, "qualities_str": [], "instrument_source": 0, "note_str": "reed_acoustic_018-063-050", "instrument_family": 7, "instrument_family_str": "reed"}, {"qualities": [1, 0, 0, 1, 0, 1, 1, 0, 0, 0], "pitch": 72, "note": 65244, "instrument_source_str": "acoustic", "velocity": 127, "instrument_str": "reed_acoustic_023", "instrument": 224, "sample_rate": 16000, "qualities_str": ["bright", "fast_decay", "multiphonic", "nonlinear_env"], "instrument_source": 0, "note_str": "reed_acoustic_023-072-127", "instrument_family": 7, "instrument_family_str": "reed"}, {"qualities": [0, 0, 0, 0, 0, 0, 0, 0, 0, 0], "pitch": 66, "note": 136422, "instrument_source_str": "acoustic", "velocity": 100, "instrument_str": "reed_acoustic_018", "instrument": 183, "sample_rate": 16000, "qualities_str": [], "instrument_source": 0, "note_str": "reed_acoustic_018-066-100", "instrument_family": 7, "instrument_family_str": "reed"}, {"qualities": [0, 0, 0, 0, 0, 0, 0, 0, 0, 0], "pitch": 76, "note": 34360, "instrument_source_str": "acoustic", "velocity": 127, "instrument_str": "reed_acoustic_018", "instrument": 183, "sample_rate": 16000, "qualities_str": [], "instrument_source": 0, "note_str": "reed_acoustic_018-076-127", "instrument_family": 7, "instrument_family_str": "reed"}, {"qualities": [0, 0, 0, 0, 0, 0, 0, 0, 0, 0], "pitch": 73, "note": 9054, "instrument_source_str": "acoustic", "velocity": 75, "instrument_str": "reed_acoustic_018", "instrument": 183, "sample_rate": 16000, "qualities_str": [], "instrument_source": 0, "note_str": "reed_acoustic_018-073-075", "instrument_family": 7, "instrument_family_str": "reed"}, {"qualities": [0, 0, 0, 1, 0, 1, 1, 0, 0, 0], "pitch": 92, "note": 43321, "instrument_source_str": "acoustic", "velocity": 25, "instrument_str": "reed_acoustic_023", "instrument": 224, "sample_rate": 16000, "qualities_str": ["fast_decay", "multiphonic", "nonlinear_env"], "instrument_source": 0, "note_str": "reed_acoustic_023-092-025", "instrument_family": 7, "instrument_family_str": "reed"}, {"qualities": [0, 0, 0, 0, 0, 0, 0, 0, 1, 0], "pitch": 75, "note": 54094, "instrument_source_str": "acoustic", "velocity": 50, "instrument_str": "reed_acoustic_037", "instrument": 387, "sample_rate": 16000, "qualities_str": ["reverb"], "instrument_source": 0, "note_str": "reed_acoustic_037-075-050", "instrument_family": 7, "instrument_family_str": "reed"}, {"qualities": [0, 0, 0, 0, 0, 0, 0, 0, 0, 0], "pitch": 39, "note": 77337, "instrument_source_str": "acoustic", "velocity": 75, "instrument_str": "reed_acoustic_011", "instrument": 104, "sample_rate": 16000, "qualities_str": [], "instrument_source": 0, "note_str": "reed_acoustic_011-039-075", "instrument_family": 7, "instrument_family_str": "reed"}, {"qualities": [0, 0, 0, 0, 1, 0, 0, 0, 1, 0], "pitch": 60, "note": 99452, "instrument_source_str": "acoustic", "velocity": 100, "instrument_str": "reed_acoustic_037", "instrument": 387, "sample_rate": 16000, "qualities_str": ["long_release", "reverb"], "instrument_source": 0, "note_str": "reed_acoustic_037-060-100", "instrument_family": 7, "instrument_family_str": "reed"}, {"qualities": [0, 0, 0, 0, 1, 0, 0, 0, 1, 0], "pitch": 50, "note": 108336, "instrument_source_str": "acoustic", "velocity": 127, "instrument_str": "reed_acoustic_037", "instrument": 387, "sample_rate": 16000, "qualities_str": ["long_release", "reverb"], "instrument_source": 0, "note_str": "reed_acoustic_037-050-127", "instrument_family": 7, "instrument_family_str": "reed"}, {"qualities": [0, 0, 0, 0, 0, 0, 0, 0, 1, 0], "pitch": 40, "note": 109819, "instrument_source_str": "acoustic", "velocity": 75, "instrument_str": "reed_acoustic_037", "instrument": 387, "sample_rate": 16000, "qualities_str": ["reverb"], "instrument_source": 0, "note_str": "reed_acoustic_037-040-075", "instrument_family": 7, "instrument_family_str": "reed"}, {"qualities": [1, 0, 0, 1, 0, 1, 1, 0, 0, 0], "pitch": 54, "note": 61752, "instrument_source_str": "acoustic", "velocity": 100, "instrument_str": "reed_acoustic_023", "instrument": 224, "sample_rate": 16000, "qualities_str": ["bright", "fast_decay", "multiphonic", "nonlinear_env"], "instrument_source": 0, "note_str": "reed_acoustic_023-054-100", "instrument_family": 7, "instrument_family_str": "reed"}, {"qualities": [0, 0, 0, 0, 0, 0, 0, 0, 0, 0], "pitch": 84, "note": 119580, "instrument_source_str": "acoustic", "velocity": 75, "instrument_str": "reed_acoustic_018", "instrument": 183, "sample_rate": 16000, "qualities_str": [], "instrument_source": 0, "note_str": "reed_acoustic_018-084-075", "instrument_family": 7, "instrument_family_str": "reed"}, {"qualities": [1, 0, 0, 0, 0, 0, 0, 0, 0, 0], "pitch": 56, "note": 58181, "instrument_source_str": "acoustic", "velocity": 127, "instrument_str": "reed_acoustic_011", "instrument": 104, "sample_rate": 16000, "qualities_str": ["bright"], "instrument_source": 0, "note_str": "reed_acoustic_011-056-127", "instrument_family": 7, "instrument_family_str": "reed"}, {"qualities": [0, 0, 0, 0, 1, 0, 0, 0, 1, 0], "pitch": 67, "note": 37375, "instrument_source_str": "acoustic", "velocity": 127, "instrument_str": "reed_acoustic_037", "instrument": 387, "sample_rate": 16000, "qualities_str": ["long_release", "reverb"], "instrument_source": 0, "note_str": "reed_acoustic_037-067-127", "instrument_family": 7, "instrument_family_str": "reed"}, {"qualities": [1, 0, 0, 0, 0, 0, 0, 0, 0, 0], "pitch": 39, "note": 85289, "instrument_source_str": "acoustic", "velocity": 127, "instrument_str": "reed_acoustic_011", "instrument": 104, "sample_rate": 16000, "qualities_str": ["bright"], "instrument_source": 0, "note_str": "reed_acoustic_011-039-127", "instrument_family": 7, "instrument_family_str": "reed"}, {"qualities": [1, 0, 0, 1, 0, 1, 1, 0, 0, 0], "pitch": 82, "note": 136435, "instrument_source_str": "acoustic", "velocity": 75, "instrument_str": "reed_acoustic_023", "instrument": 224, "sample_rate": 16000, "qualities_str": ["bright", "fast_decay", "multiphonic", "nonlinear_env"], "instrument_source": 0, "note_str": "reed_acoustic_023-082-075", "instrument_family": 7, "instrument_family_str": "reed"}, {"qualities": [0, 0, 0, 0, 0, 0, 0, 0, 1, 0], "pitch": 72, "note": 10801, "instrument_source_str": "acoustic", "velocity": 50, "instrument_str": "reed_acoustic_037", "instrument": 387, "sample_rate": 16000, "qualities_str": ["reverb"], "instrument_source": 0, "note_str": "reed_acoustic_037-072-050", "instrument_family": 7, "instrument_family_str": "reed"}, {"qualities": [0, 0, 0, 0, 0, 0, 0, 0, 0, 0], "pitch": 71, "note": 12589, "instrument_source_str": "acoustic", "velocity": 127, "instrument_str": "reed_acoustic_018", "instrument": 183, "sample_rate": 16000, "qualities_str": [], "instrument_source": 0, "note_str": "reed_acoustic_018-071-127", "instrument_family": 7, "instrument_family_str": "reed"}, {"qualities": [0, 0, 0, 1, 0, 1, 1, 0, 0, 0], "pitch": 88, "note": 60029, "instrument_source_str": "acoustic", "velocity": 50, "instrument_str": "reed_acoustic_023", "instrument": 224, "sample_rate": 16000, "qualities_str": ["fast_decay", "multiphonic", "nonlinear_env"], "instrument_source": 0, "note_str": "reed_acoustic_023-088-050", "instrument_family": 7, "instrument_family_str": "reed"}, {"qualities": [1, 0, 0, 1, 0, 1, 1, 0, 0, 0], "pitch": 52, "note": 5299, "instrument_source_str": "acoustic", "velocity": 100, "instrument_str": "reed_acoustic_023", "instrument": 224, "sample_rate": 16000, "qualities_str": ["bright", "fast_decay", "multiphonic", "nonlinear_env"], "instrument_source": 0, "note_str": "reed_acoustic_023-052-100", "instrument_family": 7, "instrument_family_str": "reed"}, {"qualities": [1, 0, 0, 1, 0, 1, 1, 0, 0, 0], "pitch": 73, "note": 131854, "instrument_source_str": "acoustic", "velocity": 50, "instrument_str": "reed_acoustic_023", "instrument": 224, "sample_rate": 16000, "qualities_str": ["bright", "fast_decay", "multiphonic", "nonlinear_env"], "instrument_source": 0, "note_str": "reed_acoustic_023-073-050", "instrument_family": 7, "instrument_family_str": "reed"}, {"qualities": [0, 0, 0, 0, 0, 0, 0, 0, 0, 0], "pitch": 62, "note": 54914, "instrument_source_str": "acoustic", "velocity": 75, "instrument_str": "reed_acoustic_011", "instrument": 104, "sample_rate": 16000, "qualities_str": [], "instrument_source": 0, "note_str": "reed_acoustic_011-062-075", "instrument_family": 7, "instrument_family_str": "reed"}, {"qualities": [0, 0, 0, 1, 0, 1, 1, 0, 0, 0], "pitch": 88, "note": 121052, "instrument_source_str": "acoustic", "velocity": 127, "instrument_str": "reed_acoustic_023", "instrument": 224, "sample_rate": 16000, "qualities_str": ["fast_decay", "multiphonic", "nonlinear_env"], "instrument_source": 0, "note_str": "reed_acoustic_023-088-127", "instrument_family": 7, "instrument_family_str": "reed"}, {"qualities": [1, 0, 0, 1, 0, 1, 1, 0, 0, 0], "pitch": 50, "note": 24317, "instrument_source_str": "acoustic", "velocity": 50, "instrument_str": "reed_acoustic_023", "instrument": 224, "sample_rate": 16000, "qualities_str": ["bright", "fast_decay", "multiphonic", "nonlinear_env"], "instrument_source": 0, "note_str": "reed_acoustic_023-050-050", "instrument_family": 7, "instrument_family_str": "reed"}, {"qualities": [0, 0, 0, 0, 0, 0, 0, 0, 1, 0], "pitch": 69, "note": 131839, "instrument_source_str": "acoustic", "velocity": 127, "instrument_str": "reed_acoustic_037", "instrument": 387, "sample_rate": 16000, "qualities_str": ["reverb"], "instrument_source": 0, "note_str": "reed_acoustic_037-069-127", "instrument_family": 7, "instrument_family_str": "reed"}, {"qualities": [0, 0, 0, 0, 0, 0, 0, 0, 0, 0], "pitch": 51, "note": 128253, "instrument_source_str": "acoustic", "velocity": 75, "instrument_str": "reed_acoustic_011", "instrument": 104, "sample_rate": 16000, "qualities_str": [], "instrument_source": 0, "note_str": "reed_acoustic_011-051-075", "instrument_family": 7, "instrument_family_str": "reed"}, {"qualities": [0, 0, 0, 0, 0, 0, 0, 0, 0, 0], "pitch": 86, "note": 125257, "instrument_source_str": "acoustic", "velocity": 127, "instrument_str": "reed_acoustic_018", "instrument": 183, "sample_rate": 16000, "qualities_str": [], "instrument_source": 0, "note_str": "reed_acoustic_018-086-127", "instrument_family": 7, "instrument_family_str": "reed"}, {"qualities": [1, 0, 0, 1, 0, 1, 1, 0, 0, 0], "pitch": 81, "note": 13543, "instrument_source_str": "acoustic", "velocity": 100, "instrument_str": "reed_acoustic_023", "instrument": 224, "sample_rate": 16000, "qualities_str": ["bright", "fast_decay", "multiphonic", "nonlinear_env"], "instrument_source": 0, "note_str": "reed_acoustic_023-081-100", "instrument_family": 7, "instrument_family_str": "reed"}, {"qualities": [0, 0, 0, 0, 0, 0, 0, 0, 1, 0], "pitch": 73, "note": 29793, "instrument_source_str": "acoustic", "velocity": 50, "instrument_str": "reed_acoustic_037", "instrument": 387, "sample_rate": 16000, "qualities_str": ["reverb"], "instrument_source": 0, "note_str": "reed_acoustic_037-073-050", "instrument_family": 7, "instrument_family_str": "reed"}, {"qualities": [0, 0, 0, 0, 0, 0, 0, 0, 1, 0], "pitch": 52, "note": 86134, "instrument_source_str": "acoustic", "velocity": 75, "instrument_str": "reed_acoustic_037", "instrument": 387, "sample_rate": 16000, "qualities_str": ["reverb"], "instrument_source": 0, "note_str": "reed_acoustic_037-052-075", "instrument_family": 7, "instrument_family_str": "reed"}, {"qualities": [1, 0, 0, 0, 0, 0, 0, 0, 0, 0], "pitch": 57, "note": 65558, "instrument_source_str": "acoustic", "velocity": 100, "instrument_str": "reed_acoustic_011", "instrument": 104, "sample_rate": 16000, "qualities_str": ["bright"], "instrument_source": 0, "note_str": "reed_acoustic_011-057-100", "instrument_family": 7, "instrument_family_str": "reed"}, {"qualities": [1, 0, 0, 1, 0, 1, 1, 0, 0, 0], "pitch": 33, "note": 99495, "instrument_source_str": "acoustic", "velocity": 127, "instrument_str": "reed_acoustic_023", "instrument": 224, "sample_rate": 16000, "qualities_str": ["bright", "fast_decay", "multiphonic", "nonlinear_env"], "instrument_source": 0, "note_str": "reed_acoustic_023-033-127", "instrument_family": 7, "instrument_family_str": "reed"}, {"qualities": [0, 0, 0, 0, 0, 0, 0, 0, 0, 0], "pitch": 77, "note": 42110, "instrument_source_str": "acoustic", "velocity": 25, "instrument_str": "reed_acoustic_011", "instrument": 104, "sample_rate": 16000, "qualities_str": [], "instrument_source": 0, "note_str": "reed_acoustic_011-077-025", "instrument_family": 7, "instrument_family_str": "reed"}, {"qualities": [0, 0, 0, 0, 0, 0, 0, 0, 0, 0], "pitch": 81, "note": 48075, "instrument_source_str": "acoustic", "velocity": 25, "instrument_str": "reed_acoustic_018", "instrument": 183, "sample_rate": 16000, "qualities_str": [], "instrument_source": 0, "note_str": "reed_acoustic_018-081-025", "instrument_family": 7, "instrument_family_str": "reed"}, {"qualities": [1, 0, 0, 1, 0, 1, 1, 0, 0, 0], "pitch": 75, "note": 105027, "instrument_source_str": "acoustic", "velocity": 25, "instrument_str": "reed_acoustic_023", "instrument": 224, "sample_rate": 16000, "qualities_str": ["bright", "fast_decay", "multiphonic", "nonlinear_env"], "instrument_source": 0, "note_str": "reed_acoustic_023-075-025", "instrument_family": 7, "instrument_family_str": "reed"}, {"qualities": [0, 0, 0, 0, 0, 0, 0, 0, 1, 0], "pitch": 70, "note": 95678, "instrument_source_str": "acoustic", "velocity": 50, "instrument_str": "reed_acoustic_037", "instrument": 387, "sample_rate": 16000, "qualities_str": ["reverb"], "instrument_source": 0, "note_str": "reed_acoustic_037-070-050", "instrument_family": 7, "instrument_family_str": "reed"}, {"qualities": [0, 0, 0, 0, 0, 0, 0, 0, 1, 0], "pitch": 60, "note": 124660, "instrument_source_str": "acoustic", "velocity": 127, "instrument_str": "reed_acoustic_037", "instrument": 387, "sample_rate": 16000, "qualities_str": ["reverb"], "instrument_source": 0, "note_str": "reed_acoustic_037-060-127", "instrument_family": 7, "instrument_family_str": "reed"}, {"qualities": [1, 0, 0, 1, 0, 1, 1, 0, 0, 0], "pitch": 53, "note": 62710, "instrument_source_str": "acoustic", "velocity": 100, "instrument_str": "reed_acoustic_023", "instrument": 224, "sample_rate": 16000, "qualities_str": ["bright", "fast_decay", "multiphonic", "nonlinear_env"], "instrument_source": 0, "note_str": "reed_acoustic_023-053-100", "instrument_family": 7, "instrument_family_str": "reed"}, {"qualities": [1, 0, 0, 1, 0, 1, 1, 0, 0, 0], "pitch": 44, "note": 56530, "instrument_source_str": "acoustic", "velocity": 127, "instrument_str": "reed_acoustic_023", "instrument": 224, "sample_rate": 16000, "qualities_str": ["bright", "fast_decay", "multiphonic", "nonlinear_env"], "instrument_source": 0, "note_str": "reed_acoustic_023-044-127", "instrument_family": 7, "instrument_family_str": "reed"}, {"qualities": [0, 0, 0, 0, 0, 0, 0, 0, 0, 0], "pitch": 45, "note": 71763, "instrument_source_str": "acoustic", "velocity": 50, "instrument_str": "reed_acoustic_011", "instrument": 104, "sample_rate": 16000, "qualities_str": [], "instrument_source": 0, "note_str": "reed_acoustic_011-045-050", "instrument_family": 7, "instrument_family_str": "reed"}, {"qualities": [1, 0, 0, 1, 0, 1, 1, 0, 0, 0], "pitch": 54, "note": 62695, "instrument_source_str": "acoustic", "velocity": 75, "instrument_str": "reed_acoustic_023", "instrument": 224, "sample_rate": 16000, "qualities_str": ["bright", "fast_decay", "multiphonic", "nonlinear_env"], "instrument_source": 0, "note_str": "reed_acoustic_023-054-075", "instrument_family": 7, "instrument_family_str": "reed"}, {"qualities": [1, 0, 0, 1, 0, 1, 1, 0, 0, 0], "pitch": 77, "note": 117071, "instrument_source_str": "acoustic", "velocity": 75, "instrument_str": "reed_acoustic_023", "instrument": 224, "sample_rate": 16000, "qualities_str": ["bright", "fast_decay", "multiphonic", "nonlinear_env"], "instrument_source": 0, "note_str": "reed_acoustic_023-077-075", "instrument_family": 7, "instrument_family_str": "reed"}, {"qualities": [1, 0, 0, 1, 0, 1, 1, 0, 0, 0], "pitch": 43, "note": 65167, "instrument_source_str": "acoustic", "velocity": 25, "instrument_str": "reed_acoustic_023", "instrument": 224, "sample_rate": 16000, "qualities_str": ["bright", "fast_decay", "multiphonic", "nonlinear_env"], "instrument_source": 0, "note_str": "reed_acoustic_023-043-025", "instrument_family": 7, "instrument_family_str": "reed"}, {"qualities": [1, 0, 0, 1, 0, 1, 1, 0, 0, 0], "pitch": 74, "note": 96893, "instrument_source_str": "acoustic", "velocity": 127, "instrument_str": "reed_acoustic_023", "instrument": 224, "sample_rate": 16000, "qualities_str": ["bright", "fast_decay", "multiphonic", "nonlinear_env"], "instrument_source": 0, "note_str": "reed_acoustic_023-074-127", "instrument_family": 7, "instrument_family_str": "reed"}, {"qualities": [1, 0, 0, 1, 0, 1, 1, 0, 0, 0], "pitch": 57, "note": 95857, "instrument_source_str": "acoustic", "velocity": 75, "instrument_str": "reed_acoustic_023", "instrument": 224, "sample_rate": 16000, "qualities_str": ["bright", "fast_decay", "multiphonic", "nonlinear_env"], "instrument_source": 0, "note_str": "reed_acoustic_023-057-075", "instrument_family": 7, "instrument_family_str": "reed"}, {"qualities": [0, 0, 0, 0, 0, 0, 0, 0, 0, 0], "pitch": 57, "note": 9973, "instrument_source_str": "acoustic", "velocity": 75, "instrument_str": "reed_acoustic_011", "instrument": 104, "sample_rate": 16000, "qualities_str": [], "instrument_source": 0, "note_str": "reed_acoustic_011-057-075", "instrument_family": 7, "instrument_family_str": "reed"}, {"qualities": [1, 0, 0, 0, 0, 0, 0, 0, 0, 0], "pitch": 39, "note": 143764, "instrument_source_str": "acoustic", "velocity": 100, "instrument_str": "reed_acoustic_011", "instrument": 104, "sample_rate": 16000, "qualities_str": ["bright"], "instrument_source": 0, "note_str": "reed_acoustic_011-039-100", "instrument_family": 7, "instrument_family_str": "reed"}, {"qualities": [1, 0, 0, 1, 0, 1, 1, 0, 0, 0], "pitch": 48, "note": 111946, "instrument_source_str": "acoustic", "velocity": 100, "instrument_str": "reed_acoustic_023", "instrument": 224, "sample_rate": 16000, "qualities_str": ["bright", "fast_decay", "multiphonic", "nonlinear_env"], "instrument_source": 0, "note_str": "reed_acoustic_023-048-100", "instrument_family": 7, "instrument_family_str": "reed"}, {"qualities": [1, 0, 0, 1, 0, 1, 1, 0, 0, 0], "pitch": 79, "note": 125064, "instrument_source_str": "acoustic", "velocity": 100, "instrument_str": "reed_acoustic_023", "instrument": 224, "sample_rate": 16000, "qualities_str": ["bright", "fast_decay", "multiphonic", "nonlinear_env"], "instrument_source": 0, "note_str": "reed_acoustic_023-079-100", "instrument_family": 7, "instrument_family_str": "reed"}, {"qualities": [1, 0, 0, 0, 0, 0, 0, 0, 0, 0], "pitch": 55, "note": 49970, "instrument_source_str": "acoustic", "velocity": 127, "instrument_str": "reed_acoustic_011", "instrument": 104, "sample_rate": 16000, "qualities_str": ["bright"], "instrument_source": 0, "note_str": "reed_acoustic_011-055-127", "instrument_family": 7, "instrument_family_str": "reed"}, {"qualities": [0, 0, 0, 0, 0, 0, 0, 0, 0, 0], "pitch": 59, "note": 49318, "instrument_source_str": "acoustic", "velocity": 25, "instrument_str": "reed_acoustic_011", "instrument": 104, "sample_rate": 16000, "qualities_str": [], "instrument_source": 0, "note_str": "reed_acoustic_011-059-025", "instrument_family": 7, "instrument_family_str": "reed"}, {"qualities": [0, 0, 0, 0, 0, 0, 0, 0, 0, 0], "pitch": 62, "note": 23113, "instrument_source_str": "acoustic", "velocity": 127, "instrument_str": "reed_acoustic_011", "instrument": 104, "sample_rate": 16000, "qualities_str": [], "instrument_source": 0, "note_str": "reed_acoustic_011-062-127", "instrument_family": 7, "instrument_family_str": "reed"}, {"qualities": [0, 0, 0, 0, 0, 0, 0, 0, 0, 0], "pitch": 75, "note": 29933, "instrument_source_str": "acoustic", "velocity": 100, "instrument_str": "reed_acoustic_011", "instrument": 104, "sample_rate": 16000, "qualities_str": [], "instrument_source": 0, "note_str": "reed_acoustic_011-075-100", "instrument_family": 7, "instrument_family_str": "reed"}, {"qualities": [0, 0, 0, 0, 0, 0, 0, 0, 0, 0], "pitch": 58, "note": 46611, "instrument_source_str": "acoustic", "velocity": 25, "instrument_str": "reed_acoustic_011", "instrument": 104, "sample_rate": 16000, "qualities_str": [], "instrument_source": 0, "note_str": "reed_acoustic_011-058-025", "instrument_family": 7, "instrument_family_str": "reed"}, {"qualities": [0, 0, 0, 0, 0, 0, 0, 0, 0, 0], "pitch": 78, "note": 81830, "instrument_source_str": "acoustic", "velocity": 25, "instrument_str": "reed_acoustic_018", "instrument": 183, "sample_rate": 16000, "qualities_str": [], "instrument_source": 0, "note_str": "reed_acoustic_018-078-025", "instrument_family": 7, "instrument_family_str": "reed"}, {"qualities": [0, 0, 0, 0, 0, 0, 0, 0, 0, 0], "pitch": 69, "note": 15604, "instrument_source_str": "acoustic", "velocity": 100, "instrument_str": "reed_acoustic_011", "instrument": 104, "sample_rate": 16000, "qualities_str": [], "instrument_source": 0, "note_str": "reed_acoustic_011-069-100", "instrument_family": 7, "instrument_family_str": "reed"}, {"qualities": [1, 0, 0, 1, 0, 1, 1, 0, 0, 0], "pitch": 36, "note": 108789, "instrument_source_str": "acoustic", "velocity": 75, "instrument_str": "reed_acoustic_023", "instrument": 224, "sample_rate": 16000, "qualities_str": ["bright", "fast_decay", "multiphonic", "nonlinear_env"], "instrument_source": 0, "note_str": "reed_acoustic_023-036-075", "instrument_family": 7, "instrument_family_str": "reed"}, {"qualities": [0, 0, 0, 0, 0, 0, 0, 0, 1, 0], "pitch": 44, "note": 134627, "instrument_source_str": "acoustic", "velocity": 100, "instrument_str": "reed_acoustic_037", "instrument": 387, "sample_rate": 16000, "qualities_str": ["reverb"], "instrument_source": 0, "note_str": "reed_acoustic_037-044-100", "instrument_family": 7, "instrument_family_str": "reed"}, {"qualities": [0, 0, 0, 0, 0, 0, 0, 0, 0, 0], "pitch": 52, "note": 73721, "instrument_source_str": "acoustic", "velocity": 100, "instrument_str": "reed_acoustic_018", "instrument": 183, "sample_rate": 16000, "qualities_str": [], "instrument_source": 0, "note_str": "reed_acoustic_018-052-100", "instrument_family": 7, "instrument_family_str": "reed"}, {"qualities": [0, 0, 0, 0, 0, 0, 0, 0, 1, 0], "pitch": 31, "note": 50759, "instrument_source_str": "acoustic", "velocity": 50, "instrument_str": "reed_acoustic_037", "instrument": 387, "sample_rate": 16000, "qualities_str": ["reverb"], "instrument_source": 0, "note_str": "reed_acoustic_037-031-050", "instrument_family": 7, "instrument_family_str": "reed"}, {"qualities": [1, 0, 0, 0, 0, 0, 0, 0, 0, 0], "pitch": 36, "note": 32946, "instrument_source_str": "acoustic", "velocity": 127, "instrument_str": "reed_acoustic_011", "instrument": 104, "sample_rate": 16000, "qualities_str": ["bright"], "instrument_source": 0, "note_str": "reed_acoustic_011-036-127", "instrument_family": 7, "instrument_family_str": "reed"}, {"qualities": [0, 0, 0, 0, 0, 0, 0, 0, 0, 0], "pitch": 66, "note": 27624, "instrument_source_str": "acoustic", "velocity": 75, "instrument_str": "reed_acoustic_018", "instrument": 183, "sample_rate": 16000, "qualities_str": [], "instrument_source": 0, "note_str": "reed_acoustic_018-066-075", "instrument_family": 7, "instrument_family_str": "reed"}, {"qualities": [0, 0, 0, 0, 1, 0, 0, 0, 1, 0], "pitch": 31, "note": 20264, "instrument_source_str": "acoustic", "velocity": 75, "instrument_str": "reed_acoustic_037", "instrument": 387, "sample_rate": 16000, "qualities_str": ["long_release", "reverb"], "instrument_source": 0, "note_str": "reed_acoustic_037-031-075", "instrument_family": 7, "instrument_family_str": "reed"}, {"qualities": [1, 0, 0, 1, 0, 1, 1, 0, 0, 0], "pitch": 59, "note": 98525, "instrument_source_str": "acoustic", "velocity": 25, "instrument_str": "reed_acoustic_023", "instrument": 224, "sample_rate": 16000, "qualities_str": ["bright", "fast_decay", "multiphonic", "nonlinear_env"], "instrument_source": 0, "note_str": "reed_acoustic_023-059-025", "instrument_family": 7, "instrument_family_str": "reed"}, {"qualities": [0, 0, 0, 0, 0, 0, 0, 0, 0, 0], "pitch": 72, "note": 111772, "instrument_source_str": "acoustic", "velocity": 127, "instrument_str": "reed_acoustic_011", "instrument": 104, "sample_rate": 16000, "qualities_str": [], "instrument_source": 0, "note_str": "reed_acoustic_011-072-127", "instrument_family": 7, "instrument_family_str": "reed"}, {"qualities": [0, 0, 0, 0, 0, 0, 0, 0, 0, 0], "pitch": 45, "note": 142265, "instrument_source_str": "acoustic", "velocity": 75, "instrument_str": "reed_acoustic_011", "instrument": 104, "sample_rate": 16000, "qualities_str": [], "instrument_source": 0, "note_str": "reed_acoustic_011-045-075", "instrument_family": 7, "instrument_family_str": "reed"}, {"qualities": [1, 0, 0, 1, 0, 1, 1, 0, 0, 0], "pitch": 82, "note": 112404, "instrument_source_str": "acoustic", "velocity": 25, "instrument_str": "reed_acoustic_023", "instrument": 224, "sample_rate": 16000, "qualities_str": ["bright", "fast_decay", "multiphonic", "nonlinear_env"], "instrument_source": 0, "note_str": "reed_acoustic_023-082-025", "instrument_family": 7, "instrument_family_str": "reed"}, {"qualities": [0, 0, 0, 0, 0, 0, 0, 0, 1, 0], "pitch": 35, "note": 130856, "instrument_source_str": "acoustic", "velocity": 25, "instrument_str": "reed_acoustic_037", "instrument": 387, "sample_rate": 16000, "qualities_str": ["reverb"], "instrument_source": 0, "note_str": "reed_acoustic_037-035-025", "instrument_family": 7, "instrument_family_str": "reed"}, {"qualities": [0, 0, 0, 0, 0, 0, 0, 0, 0, 0], "pitch": 86, "note": 108728, "instrument_source_str": "acoustic", "velocity": 50, "instrument_str": "reed_acoustic_018", "instrument": 183, "sample_rate": 16000, "qualities_str": [], "instrument_source": 0, "note_str": "reed_acoustic_018-086-050", "instrument_family": 7, "instrument_family_str": "reed"}, {"qualities": [1, 0, 0, 1, 0, 1, 1, 0, 0, 0], "pitch": 35, "note": 140854, "instrument_source_str": "acoustic", "velocity": 50, "instrument_str": "reed_acoustic_023", "instrument": 224, "sample_rate": 16000, "qualities_str": ["bright", "fast_decay", "multiphonic", "nonlinear_env"], "instrument_source": 0, "note_str": "reed_acoustic_023-035-050", "instrument_family": 7, "instrument_family_str": "reed"}, {"qualities": [0, 0, 0, 0, 0, 0, 0, 0, 0, 0], "pitch": 67, "note": 117226, "instrument_source_str": "acoustic", "velocity": 25, "instrument_str": "reed_acoustic_018", "instrument": 183, "sample_rate": 16000, "qualities_str": [], "instrument_source": 0, "note_str": "reed_acoustic_018-067-025", "instrument_family": 7, "instrument_family_str": "reed"}, {"qualities": [1, 0, 0, 1, 0, 1, 1, 0, 0, 0], "pitch": 84, "note": 42304, "instrument_source_str": "acoustic", "velocity": 100, "instrument_str": "reed_acoustic_023", "instrument": 224, "sample_rate": 16000, "qualities_str": ["bright", "fast_decay", "multiphonic", "nonlinear_env"], "instrument_source": 0, "note_str": "reed_acoustic_023-084-100", "instrument_family": 7, "instrument_family_str": "reed"}, {"qualities": [0, 0, 0, 0, 0, 0, 0, 0, 1, 0], "pitch": 37, "note": 84414, "instrument_source_str": "acoustic", "velocity": 100, "instrument_str": "reed_acoustic_037", "instrument": 387, "sample_rate": 16000, "qualities_str": ["reverb"], "instrument_source": 0, "note_str": "reed_acoustic_037-037-100", "instrument_family": 7, "instrument_family_str": "reed"}, {"qualities": [0, 0, 0, 0, 1, 0, 0, 0, 1, 0], "pitch": 54, "note": 65188, "instrument_source_str": "acoustic", "velocity": 127, "instrument_str": "reed_acoustic_037", "instrument": 387, "sample_rate": 16000, "qualities_str": ["long_release", "reverb"], "instrument_source": 0, "note_str": "reed_acoustic_037-054-127", "instrument_family": 7, "instrument_family_str": "reed"}, {"qualities": [0, 0, 0, 0, 0, 0, 0, 0, 0, 0], "pitch": 69, "note": 59780, "instrument_source_str": "acoustic", "velocity": 50, "instrument_str": "reed_acoustic_018", "instrument": 183, "sample_rate": 16000, "qualities_str": [], "instrument_source": 0, "note_str": "reed_acoustic_018-069-050", "instrument_family": 7, "instrument_family_str": "reed"}, {"qualities": [0, 0, 0, 1, 0, 1, 1, 0, 0, 0], "pitch": 92, "note": 13222, "instrument_source_str": "acoustic", "velocity": 100, "instrument_str": "reed_acoustic_023", "instrument": 224, "sample_rate": 16000, "qualities_str": ["fast_decay", "multiphonic", "nonlinear_env"], "instrument_source": 0, "note_str": "reed_acoustic_023-092-100", "instrument_family": 7, "instrument_family_str": "reed"}, {"qualities": [1, 0, 0, 0, 0, 0, 0, 0, 0, 0], "pitch": 36, "note": 26583, "instrument_source_str": "acoustic", "velocity": 100, "instrument_str": "reed_acoustic_011", "instrument": 104, "sample_rate": 16000, "qualities_str": ["bright"], "instrument_source": 0, "note_str": "reed_acoustic_011-036-100", "instrument_family": 7, "instrument_family_str": "reed"}, {"qualities": [0, 0, 0, 0, 1, 0, 0, 0, 1, 0], "pitch": 31, "note": 143727, "instrument_source_str": "acoustic", "velocity": 127, "instrument_str": "reed_acoustic_037", "instrument": 387, "sample_rate": 16000, "qualities_str": ["long_release", "reverb"], "instrument_source": 0, "note_str": "reed_acoustic_037-031-127", "instrument_family": 7, "instrument_family_str": "reed"}, {"qualities": [0, 0, 0, 0, 0, 0, 0, 0, 1, 0], "pitch": 43, "note": 117849, "instrument_source_str": "acoustic", "velocity": 100, "instrument_str": "reed_acoustic_037", "instrument": 387, "sample_rate": 16000, "qualities_str": ["reverb"], "instrument_source": 0, "note_str": "reed_acoustic_037-043-100", "instrument_family": 7, "instrument_family_str": "reed"}, {"qualities": [0, 0, 0, 0, 0, 0, 0, 0, 1, 0], "pitch": 66, "note": 94322, "instrument_source_str": "acoustic", "velocity": 25, "instrument_str": "reed_acoustic_037", "instrument": 387, "sample_rate": 16000, "qualities_str": ["reverb"], "instrument_source": 0, "note_str": "reed_acoustic_037-066-025", "instrument_family": 7, "instrument_family_str": "reed"}, {"qualities": [1, 0, 0, 1, 0, 1, 1, 0, 0, 0], "pitch": 41, "note": 9855, "instrument_source_str": "acoustic", "velocity": 75, "instrument_str": "reed_acoustic_023", "instrument": 224, "sample_rate": 16000, "qualities_str": ["bright", "fast_decay", "multiphonic", "nonlinear_env"], "instrument_source": 0, "note_str": "reed_acoustic_023-041-075", "instrument_family": 7, "instrument_family_str": "reed"}, {"qualities": [0, 0, 0, 0, 0, 0, 0, 0, 0, 0], "pitch": 55, "note": 9558, "instrument_source_str": "acoustic", "velocity": 50, "instrument_str": "reed_acoustic_018", "instrument": 183, "sample_rate": 16000, "qualities_str": [], "instrument_source": 0, "note_str": "reed_acoustic_018-055-050", "instrument_family": 7, "instrument_family_str": "reed"}, {"qualities": [1, 0, 0, 0, 0, 0, 0, 0, 0, 0], "pitch": 57, "note": 97022, "instrument_source_str": "acoustic", "velocity": 127, "instrument_str": "reed_acoustic_011", "instrument": 104, "sample_rate": 16000, "qualities_str": ["bright"], "instrument_source": 0, "note_str": "reed_acoustic_011-057-127", "instrument_family": 7, "instrument_family_str": "reed"}, {"qualities": [1, 0, 0, 1, 0, 1, 1, 0, 0, 0], "pitch": 68, "note": 78889, "instrument_source_str": "acoustic", "velocity": 50, "instrument_str": "reed_acoustic_023", "instrument": 224, "sample_rate": 16000, "qualities_str": ["bright", "fast_decay", "multiphonic", "nonlinear_env"], "instrument_source": 0, "note_str": "reed_acoustic_023-068-050", "instrument_family": 7, "instrument_family_str": "reed"}, {"qualities": [0, 0, 0, 0, 0, 0, 0, 0, 1, 0], "pitch": 36, "note": 51324, "instrument_source_str": "acoustic", "velocity": 75, "instrument_str": "reed_acoustic_037", "instrument": 387, "sample_rate": 16000, "qualities_str": ["reverb"], "instrument_source": 0, "note_str": "reed_acoustic_037-036-075", "instrument_family": 7, "instrument_family_str": "reed"}, {"qualities": [1, 0, 0, 1, 0, 1, 1, 0, 0, 0], "pitch": 70, "note": 46916, "instrument_source_str": "acoustic", "velocity": 50, "instrument_str": "reed_acoustic_023", "instrument": 224, "sample_rate": 16000, "qualities_str": ["bright", "fast_decay", "multiphonic", "nonlinear_env"], "instrument_source": 0, "note_str": "reed_acoustic_023-070-050", "instrument_family": 7, "instrument_family_str": "reed"}, {"qualities": [0, 0, 0, 0, 0, 0, 0, 0, 1, 0], "pitch": 55, "note": 118131, "instrument_source_str": "acoustic", "velocity": 50, "instrument_str": "reed_acoustic_037", "instrument": 387, "sample_rate": 16000, "qualities_str": ["reverb"], "instrument_source": 0, "note_str": "reed_acoustic_037-055-050", "instrument_family": 7, "instrument_family_str": "reed"}, {"qualities": [0, 0, 0, 0, 0, 0, 0, 0, 1, 0], "pitch": 39, "note": 102444, "instrument_source_str": "acoustic", "velocity": 75, "instrument_str": "reed_acoustic_037", "instrument": 387, "sample_rate": 16000, "qualities_str": ["reverb"], "instrument_source": 0, "note_str": "reed_acoustic_037-039-075", "instrument_family": 7, "instrument_family_str": "reed"}, {"qualities": [0, 0, 0, 0, 0, 0, 0, 0, 0, 0], "pitch": 55, "note": 55068, "instrument_source_str": "acoustic", "velocity": 100, "instrument_str": "reed_acoustic_018", "instrument": 183, "sample_rate": 16000, "qualities_str": [], "instrument_source": 0, "note_str": "reed_acoustic_018-055-100", "instrument_family": 7, "instrument_family_str": "reed"}, {"qualities": [1, 0, 0, 1, 0, 1, 1, 0, 0, 0], "pitch": 72, "note": 73393, "instrument_source_str": "acoustic", "velocity": 100, "instrument_str": "reed_acoustic_023", "instrument": 224, "sample_rate": 16000, "qualities_str": ["bright", "fast_decay", "multiphonic", "nonlinear_env"], "instrument_source": 0, "note_str": "reed_acoustic_023-072-100", "instrument_family": 7, "instrument_family_str": "reed"}, {"qualities": [0, 0, 0, 0, 0, 0, 0, 0, 0, 0], "pitch": 39, "note": 89787, "instrument_source_str": "acoustic", "velocity": 25, "instrument_str": "reed_acoustic_011", "instrument": 104, "sample_rate": 16000, "qualities_str": [], "instrument_source": 0, "note_str": "reed_acoustic_011-039-025", "instrument_family": 7, "instrument_family_str": "reed"}, {"qualities": [0, 0, 0, 0, 0, 0, 0, 0, 1, 0], "pitch": 44, "note": 94843, "instrument_source_str": "acoustic", "velocity": 75, "instrument_str": "reed_acoustic_037", "instrument": 387, "sample_rate": 16000, "qualities_str": ["reverb"], "instrument_source": 0, "note_str": "reed_acoustic_037-044-075", "instrument_family": 7, "instrument_family_str": "reed"}, {"qualities": [1, 0, 0, 1, 0, 1, 1, 0, 0, 0], "pitch": 69, "note": 128510, "instrument_source_str": "acoustic", "velocity": 127, "instrument_str": "reed_acoustic_023", "instrument": 224, "sample_rate": 16000, "qualities_str": ["bright", "fast_decay", "multiphonic", "nonlinear_env"], "instrument_source": 0, "note_str": "reed_acoustic_023-069-127", "instrument_family": 7, "instrument_family_str": "reed"}, {"qualities": [0, 0, 0, 0, 0, 0, 0, 0, 0, 0], "pitch": 62, "note": 128137, "instrument_source_str": "acoustic", "velocity": 100, "instrument_str": "reed_acoustic_011", "instrument": 104, "sample_rate": 16000, "qualities_str": [], "instrument_source": 0, "note_str": "reed_acoustic_011-062-100", "instrument_family": 7, "instrument_family_str": "reed"}, {"qualities": [0, 0, 0, 0, 0, 0, 0, 0, 0, 0], "pitch": 65, "note": 13354, "instrument_source_str": "acoustic", "velocity": 50, "instrument_str": "reed_acoustic_018", "instrument": 183, "sample_rate": 16000, "qualities_str": [], "instrument_source": 0, "note_str": "reed_acoustic_018-065-050", "instrument_family": 7, "instrument_family_str": "reed"}, {"qualities": [1, 0, 0, 1, 0, 1, 1, 0, 0, 0], "pitch": 46, "note": 134243, "instrument_source_str": "acoustic", "velocity": 75, "instrument_str": "reed_acoustic_023", "instrument": 224, "sample_rate": 16000, "qualities_str": ["bright", "fast_decay", "multiphonic", "nonlinear_env"], "instrument_source": 0, "note_str": "reed_acoustic_023-046-075", "instrument_family": 7, "instrument_family_str": "reed"}, {"qualities": [0, 0, 0, 1, 0, 1, 1, 0, 0, 0], "pitch": 89, "note": 141669, "instrument_source_str": "acoustic", "velocity": 25, "instrument_str": "reed_acoustic_023", "instrument": 224, "sample_rate": 16000, "qualities_str": ["fast_decay", "multiphonic", "nonlinear_env"], "instrument_source": 0, "note_str": "reed_acoustic_023-089-025", "instrument_family": 7, "instrument_family_str": "reed"}, {"qualities": [0, 0, 0, 0, 0, 0, 0, 0, 0, 0], "pitch": 52, "note": 82807, "instrument_source_str": "acoustic", "velocity": 25, "instrument_str": "reed_acoustic_011", "instrument": 104, "sample_rate": 16000, "qualities_str": [], "instrument_source": 0, "note_str": "reed_acoustic_011-052-025", "instrument_family": 7, "instrument_family_str": "reed"}, {"qualities": [0, 0, 0, 1, 0, 1, 1, 1, 0, 0], "pitch": 97, "note": 53240, "instrument_source_str": "acoustic", "velocity": 100, "instrument_str": "reed_acoustic_023", "instrument": 224, "sample_rate": 16000, "qualities_str": ["fast_decay", "multiphonic", "nonlinear_env", "percussive"], "instrument_source": 0, "note_str": "reed_acoustic_023-097-100", "instrument_family": 7, "instrument_family_str": "reed"}, {"qualities": [0, 0, 0, 0, 0, 0, 0, 0, 1, 0], "pitch": 32, "note": 140272, "instrument_source_str": "acoustic", "velocity": 25, "instrument_str": "reed_acoustic_037", "instrument": 387, "sample_rate": 16000, "qualities_str": ["reverb"], "instrument_source": 0, "note_str": "reed_acoustic_037-032-025", "instrument_family": 7, "instrument_family_str": "reed"}, {"qualities": [0, 0, 0, 0, 0, 0, 0, 0, 0, 0], "pitch": 61, "note": 61293, "instrument_source_str": "acoustic", "velocity": 100, "instrument_str": "reed_acoustic_011", "instrument": 104, "sample_rate": 16000, "qualities_str": [], "instrument_source": 0, "note_str": "reed_acoustic_011-061-100", "instrument_family": 7, "instrument_family_str": "reed"}, {"qualities": [0, 0, 0, 0, 0, 0, 0, 0, 0, 0], "pitch": 74, "note": 21727, "instrument_source_str": "acoustic", "velocity": 25, "instrument_str": "reed_acoustic_011", "instrument": 104, "sample_rate": 16000, "qualities_str": [], "instrument_source": 0, "note_str": "reed_acoustic_011-074-025", "instrument_family": 7, "instrument_family_str": "reed"}, {"qualities": [1, 0, 0, 1, 0, 1, 1, 0, 0, 0], "pitch": 83, "note": 139288, "instrument_source_str": "acoustic", "velocity": 50, "instrument_str": "reed_acoustic_023", "instrument": 224, "sample_rate": 16000, "qualities_str": ["bright", "fast_decay", "multiphonic", "nonlinear_env"], "instrument_source": 0, "note_str": "reed_acoustic_023-083-050", "instrument_family": 7, "instrument_family_str": "reed"}, {"qualities": [0, 0, 0, 0, 0, 0, 0, 0, 1, 0], "pitch": 69, "note": 74987, "instrument_source_str": "acoustic", "velocity": 75, "instrument_str": "reed_acoustic_037", "instrument": 387, "sample_rate": 16000, "qualities_str": ["reverb"], "instrument_source": 0, "note_str": "reed_acoustic_037-069-075", "instrument_family": 7, "instrument_family_str": "reed"}, {"qualities": [0, 0, 0, 0, 0, 0, 0, 0, 1, 0], "pitch": 42, "note": 75688, "instrument_source_str": "acoustic", "velocity": 75, "instrument_str": "reed_acoustic_037", "instrument": 387, "sample_rate": 16000, "qualities_str": ["reverb"], "instrument_source": 0, "note_str": "reed_acoustic_037-042-075", "instrument_family": 7, "instrument_family_str": "reed"}, {"qualities": [1, 0, 0, 1, 0, 1, 1, 0, 0, 0], "pitch": 34, "note": 123255, "instrument_source_str": "acoustic", "velocity": 75, "instrument_str": "reed_acoustic_023", "instrument": 224, "sample_rate": 16000, "qualities_str": ["bright", "fast_decay", "multiphonic", "nonlinear_env"], "instrument_source": 0, "note_str": "reed_acoustic_023-034-075", "instrument_family": 7, "instrument_family_str": "reed"}, {"qualities": [1, 0, 0, 0, 0, 0, 0, 0, 0, 0], "pitch": 35, "note": 137945, "instrument_source_str": "acoustic", "velocity": 127, "instrument_str": "reed_acoustic_011", "instrument": 104, "sample_rate": 16000, "qualities_str": ["bright"], "instrument_source": 0, "note_str": "reed_acoustic_011-035-127", "instrument_family": 7, "instrument_family_str": "reed"}, {"qualities": [0, 0, 0, 0, 0, 0, 0, 0, 0, 0], "pitch": 43, "note": 22699, "instrument_source_str": "acoustic", "velocity": 50, "instrument_str": "reed_acoustic_011", "instrument": 104, "sample_rate": 16000, "qualities_str": [], "instrument_source": 0, "note_str": "reed_acoustic_011-043-050", "instrument_family": 7, "instrument_family_str": "reed"}, {"qualities": [1, 0, 0, 1, 0, 1, 1, 0, 0, 0], "pitch": 39, "note": 110220, "instrument_source_str": "acoustic", "velocity": 75, "instrument_str": "reed_acoustic_023", "instrument": 224, "sample_rate": 16000, "qualities_str": ["bright", "fast_decay", "multiphonic", "nonlinear_env"], "instrument_source": 0, "note_str": "reed_acoustic_023-039-075", "instrument_family": 7, "instrument_family_str": "reed"}, {"qualities": [0, 0, 0, 0, 0, 0, 0, 0, 0, 0], "pitch": 64, "note": 108801, "instrument_source_str": "acoustic", "velocity": 100, "instrument_str": "reed_acoustic_011", "instrument": 104, "sample_rate": 16000, "qualities_str": [], "instrument_source": 0, "note_str": "reed_acoustic_011-064-100", "instrument_family": 7, "instrument_family_str": "reed"}, {"qualities": [0, 0, 0, 0, 0, 0, 0, 0, 1, 0], "pitch": 49, "note": 133967, "instrument_source_str": "acoustic", "velocity": 25, "instrument_str": "reed_acoustic_037", "instrument": 387, "sample_rate": 16000, "qualities_str": ["reverb"], "instrument_source": 0, "note_str": "reed_acoustic_037-049-025", "instrument_family": 7, "instrument_family_str": "reed"}, {"qualities": [0, 0, 0, 0, 0, 0, 0, 0, 0, 0], "pitch": 65, "note": 136377, "instrument_source_str": "acoustic", "velocity": 75, "instrument_str": "reed_acoustic_011", "instrument": 104, "sample_rate": 16000, "qualities_str": [], "instrument_source": 0, "note_str": "reed_acoustic_011-065-075", "instrument_family": 7, "instrument_family_str": "reed"}, {"qualities": [0, 0, 0, 1, 0, 1, 1, 0, 0, 0], "pitch": 95, "note": 290, "instrument_source_str": "acoustic", "velocity": 25, "instrument_str": "reed_acoustic_023", "instrument": 224, "sample_rate": 16000, "qualities_str": ["fast_decay", "multiphonic", "nonlinear_env"], "instrument_source": 0, "note_str": "reed_acoustic_023-095-025", "instrument_family": 7, "instrument_family_str": "reed"}, {"qualities": [1, 0, 0, 1, 0, 1, 1, 0, 0, 0], "pitch": 42, "note": 64603, "instrument_source_str": "acoustic", "velocity": 75, "instrument_str": "reed_acoustic_023", "instrument": 224, "sample_rate": 16000, "qualities_str": ["bright", "fast_decay", "multiphonic", "nonlinear_env"], "instrument_source": 0, "note_str": "reed_acoustic_023-042-075", "instrument_family": 7, "instrument_family_str": "reed"}, {"qualities": [1, 0, 0, 1, 0, 1, 1, 0, 0, 0], "pitch": 50, "note": 129525, "instrument_source_str": "acoustic", "velocity": 25, "instrument_str": "reed_acoustic_023", "instrument": 224, "sample_rate": 16000, "qualities_str": ["bright", "fast_decay", "multiphonic", "nonlinear_env"], "instrument_source": 0, "note_str": "reed_acoustic_023-050-025", "instrument_family": 7, "instrument_family_str": "reed"}, {"qualities": [0, 0, 0, 0, 0, 0, 0, 0, 0, 0], "pitch": 86, "note": 80014, "instrument_source_str": "acoustic", "velocity": 25, "instrument_str": "reed_acoustic_018", "instrument": 183, "sample_rate": 16000, "qualities_str": [], "instrument_source": 0, "note_str": "reed_acoustic_018-086-025", "instrument_family": 7, "instrument_family_str": "reed"}, {"qualities": [1, 0, 0, 1, 0, 1, 1, 0, 0, 0], "pitch": 77, "note": 65596, "instrument_source_str": "acoustic", "velocity": 25, "instrument_str": "reed_acoustic_023", "instrument": 224, "sample_rate": 16000, "qualities_str": ["bright", "fast_decay", "multiphonic", "nonlinear_env"], "instrument_source": 0, "note_str": "reed_acoustic_023-077-025", "instrument_family": 7, "instrument_family_str": "reed"}, {"qualities": [0, 0, 0, 0, 1, 0, 0, 0, 1, 0], "pitch": 33, "note": 97069, "instrument_source_str": "acoustic", "velocity": 127, "instrument_str": "reed_acoustic_037", "instrument": 387, "sample_rate": 16000, "qualities_str": ["long_release", "reverb"], "instrument_source": 0, "note_str": "reed_acoustic_037-033-127", "instrument_family": 7, "instrument_family_str": "reed"}, {"qualities": [0, 0, 0, 0, 0, 0, 0, 0, 0, 0], "pitch": 68, "note": 72348, "instrument_source_str": "acoustic", "velocity": 127, "instrument_str": "reed_acoustic_018", "instrument": 183, "sample_rate": 16000, "qualities_str": [], "instrument_source": 0, "note_str": "reed_acoustic_018-068-127", "instrument_family": 7, "instrument_family_str": "reed"}, {"qualities": [0, 0, 0, 0, 0, 0, 0, 0, 1, 0], "pitch": 75, "note": 88667, "instrument_source_str": "acoustic", "velocity": 25, "instrument_str": "reed_acoustic_037", "instrument": 387, "sample_rate": 16000, "qualities_str": ["reverb"], "instrument_source": 0, "note_str": "reed_acoustic_037-075-025", "instrument_family": 7, "instrument_family_str": "reed"}, {"qualities": [0, 0, 0, 1, 0, 1, 1, 0, 0, 0], "pitch": 95, "note": 81703, "instrument_source_str": "acoustic", "velocity": 127, "instrument_str": "reed_acoustic_023", "instrument": 224, "sample_rate": 16000, "qualities_str": ["fast_decay", "multiphonic", "nonlinear_env"], "instrument_source": 0, "note_str": "reed_acoustic_023-095-127", "instrument_family": 7, "instrument_family_str": "reed"}, {"qualities": [0, 0, 0, 0, 0, 0, 0, 0, 0, 0], "pitch": 37, "note": 120948, "instrument_source_str": "acoustic", "velocity": 75, "instrument_str": "reed_acoustic_011", "instrument": 104, "sample_rate": 16000, "qualities_str": [], "instrument_source": 0, "note_str": "reed_acoustic_011-037-075", "instrument_family": 7, "instrument_family_str": "reed"}, {"qualities": [0, 0, 0, 0, 0, 0, 0, 0, 1, 0], "pitch": 65, "note": 48813, "instrument_source_str": "acoustic", "velocity": 50, "instrument_str": "reed_acoustic_037", "instrument": 387, "sample_rate": 16000, "qualities_str": ["reverb"], "instrument_source": 0, "note_str": "reed_acoustic_037-065-050", "instrument_family": 7, "instrument_family_str": "reed"}, {"qualities": [0, 0, 0, 0, 0, 0, 0, 0, 1, 0], "pitch": 57, "note": 93948, "instrument_source_str": "acoustic", "velocity": 50, "instrument_str": "reed_acoustic_037", "instrument": 387, "sample_rate": 16000, "qualities_str": ["reverb"], "instrument_source": 0, "note_str": "reed_acoustic_037-057-050", "instrument_family": 7, "instrument_family_str": "reed"}, {"qualities": [1, 0, 0, 0, 0, 0, 0, 0, 0, 0], "pitch": 47, "note": 104208, "instrument_source_str": "acoustic", "velocity": 100, "instrument_str": "reed_acoustic_011", "instrument": 104, "sample_rate": 16000, "qualities_str": ["bright"], "instrument_source": 0, "note_str": "reed_acoustic_011-047-100", "instrument_family": 7, "instrument_family_str": "reed"}, {"qualities": [1, 0, 0, 0, 0, 0, 0, 0, 0, 0], "pitch": 50, "note": 119928, "instrument_source_str": "acoustic", "velocity": 127, "instrument_str": "reed_acoustic_011", "instrument": 104, "sample_rate": 16000, "qualities_str": ["bright"], "instrument_source": 0, "note_str": "reed_acoustic_011-050-127", "instrument_family": 7, "instrument_family_str": "reed"}, {"qualities": [0, 0, 0, 0, 0, 0, 0, 0, 0, 0], "pitch": 68, "note": 78901, "instrument_source_str": "acoustic", "velocity": 75, "instrument_str": "reed_acoustic_018", "instrument": 183, "sample_rate": 16000, "qualities_str": [], "instrument_source": 0, "note_str": "reed_acoustic_018-068-075", "instrument_family": 7, "instrument_family_str": "reed"}, {"qualities": [0, 0, 0, 0, 0, 0, 0, 0, 0, 0], "pitch": 80, "note": 87955, "instrument_source_str": "acoustic", "velocity": 127, "instrument_str": "reed_acoustic_018", "instrument": 183, "sample_rate": 16000, "qualities_str": [], "instrument_source": 0, "note_str": "reed_acoustic_018-080-127", "instrument_family": 7, "instrument_family_str": "reed"}, {"qualities": [0, 0, 0, 0, 0, 0, 0, 0, 1, 0], "pitch": 37, "note": 37539, "instrument_source_str": "acoustic", "velocity": 50, "instrument_str": "reed_acoustic_037", "instrument": 387, "sample_rate": 16000, "qualities_str": ["reverb"], "instrument_source": 0, "note_str": "reed_acoustic_037-037-050", "instrument_family": 7, "instrument_family_str": "reed"}, {"qualities": [1, 0, 0, 1, 0, 1, 1, 0, 0, 0], "pitch": 40, "note": 137941, "instrument_source_str": "acoustic", "velocity": 50, "instrument_str": "reed_acoustic_023", "instrument": 224, "sample_rate": 16000, "qualities_str": ["bright", "fast_decay", "multiphonic", "nonlinear_env"], "instrument_source": 0, "note_str": "reed_acoustic_023-040-050", "instrument_family": 7, "instrument_family_str": "reed"}, {"qualities": [0, 0, 0, 1, 0, 1, 1, 0, 0, 0], "pitch": 90, "note": 143391, "instrument_source_str": "acoustic", "velocity": 50, "instrument_str": "reed_acoustic_023", "instrument": 224, "sample_rate": 16000, "qualities_str": ["fast_decay", "multiphonic", "nonlinear_env"], "instrument_source": 0, "note_str": "reed_acoustic_023-090-050", "instrument_family": 7, "instrument_family_str": "reed"}, {"qualities": [0, 0, 0, 0, 0, 0, 0, 0, 1, 0], "pitch": 42, "note": 134318, "instrument_source_str": "acoustic", "velocity": 50, "instrument_str": "reed_acoustic_037", "instrument": 387, "sample_rate": 16000, "qualities_str": ["reverb"], "instrument_source": 0, "note_str": "reed_acoustic_037-042-050", "instrument_family": 7, "instrument_family_str": "reed"}, {"qualities": [0, 0, 0, 0, 0, 0, 0, 0, 0, 0], "pitch": 62, "note": 20713, "instrument_source_str": "acoustic", "velocity": 25, "instrument_str": "reed_acoustic_018", "instrument": 183, "sample_rate": 16000, "qualities_str": [], "instrument_source": 0, "note_str": "reed_acoustic_018-062-025", "instrument_family": 7, "instrument_family_str": "reed"}, {"qualities": [1, 0, 0, 1, 0, 1, 1, 0, 0, 0], "pitch": 62, "note": 36454, "instrument_source_str": "acoustic", "velocity": 100, "instrument_str": "reed_acoustic_023", "instrument": 224, "sample_rate": 16000, "qualities_str": ["bright", "fast_decay", "multiphonic", "nonlinear_env"], "instrument_source": 0, "note_str": "reed_acoustic_023-062-100", "instrument_family": 7, "instrument_family_str": "reed"}, {"qualities": [0, 0, 0, 0, 0, 0, 0, 0, 0, 0], "pitch": 44, "note": 94189, "instrument_source_str": "acoustic", "velocity": 25, "instrument_str": "reed_acoustic_011", "instrument": 104, "sample_rate": 16000, "qualities_str": [], "instrument_source": 0, "note_str": "reed_acoustic_011-044-025", "instrument_family": 7, "instrument_family_str": "reed"}, {"qualities": [1, 0, 0, 1, 0, 1, 1, 0, 0, 0], "pitch": 49, "note": 49764, "instrument_source_str": "acoustic", "velocity": 50, "instrument_str": "reed_acoustic_023", "instrument": 224, "sample_rate": 16000, "qualities_str": ["bright", "fast_decay", "multiphonic", "nonlinear_env"], "instrument_source": 0, "note_str": "reed_acoustic_023-049-050", "instrument_family": 7, "instrument_family_str": "reed"}, {"qualities": [0, 0, 0, 0, 0, 0, 0, 0, 0, 0], "pitch": 49, "note": 92578, "instrument_source_str": "acoustic", "velocity": 50, "instrument_str": "reed_acoustic_011", "instrument": 104, "sample_rate": 16000, "qualities_str": [], "instrument_source": 0, "note_str": "reed_acoustic_011-049-050", "instrument_family": 7, "instrument_family_str": "reed"}, {"qualities": [0, 0, 0, 0, 0, 0, 0, 0, 0, 0], "pitch": 64, "note": 108901, "instrument_source_str": "acoustic", "velocity": 25, "instrument_str": "reed_acoustic_011", "instrument": 104, "sample_rate": 16000, "qualities_str": [], "instrument_source": 0, "note_str": "reed_acoustic_011-064-025", "instrument_family": 7, "instrument_family_str": "reed"}, {"qualities": [0, 0, 0, 0, 0, 0, 0, 0, 1, 0], "pitch": 50, "note": 94673, "instrument_source_str": "acoustic", "velocity": 50, "instrument_str": "reed_acoustic_037", "instrument": 387, "sample_rate": 16000, "qualities_str": ["reverb"], "instrument_source": 0, "note_str": "reed_acoustic_037-050-050", "instrument_family": 7, "instrument_family_str": "reed"}, {"qualities": [0, 0, 0, 1, 0, 1, 1, 1, 0, 0], "pitch": 97, "note": 71140, "instrument_source_str": "acoustic", "velocity": 127, "instrument_str": "reed_acoustic_023", "instrument": 224, "sample_rate": 16000, "qualities_str": ["fast_decay", "multiphonic", "nonlinear_env", "percussive"], "instrument_source": 0, "note_str": "reed_acoustic_023-097-127", "instrument_family": 7, "instrument_family_str": "reed"}, {"qualities": [0, 0, 0, 0, 0, 0, 0, 0, 0, 0], "pitch": 73, "note": 93884, "instrument_source_str": "acoustic", "velocity": 127, "instrument_str": "reed_acoustic_018", "instrument": 183, "sample_rate": 16000, "qualities_str": [], "instrument_source": 0, "note_str": "reed_acoustic_018-073-127", "instrument_family": 7, "instrument_family_str": "reed"}, {"qualities": [0, 0, 0, 0, 0, 0, 0, 0, 0, 0], "pitch": 65, "note": 27030, "instrument_source_str": "acoustic", "velocity": 25, "instrument_str": "reed_acoustic_018", "instrument": 183, "sample_rate": 16000, "qualities_str": [], "instrument_source": 0, "note_str": "reed_acoustic_018-065-025", "instrument_family": 7, "instrument_family_str": "reed"}, {"qualities": [0, 0, 0, 0, 0, 0, 0, 0, 0, 0], "pitch": 53, "note": 140906, "instrument_source_str": "acoustic", "velocity": 25, "instrument_str": "reed_acoustic_018", "instrument": 183, "sample_rate": 16000, "qualities_str": [], "instrument_source": 0, "note_str": "reed_acoustic_018-053-025", "instrument_family": 7, "instrument_family_str": "reed"}, {"qualities": [0, 0, 0, 0, 0, 0, 0, 0, 0, 0], "pitch": 62, "note": 29967, "instrument_source_str": "acoustic", "velocity": 50, "instrument_str": "reed_acoustic_018", "instrument": 183, "sample_rate": 16000, "qualities_str": [], "instrument_source": 0, "note_str": "reed_acoustic_018-062-050", "instrument_family": 7, "instrument_family_str": "reed"}, {"qualities": [0, 0, 0, 0, 0, 0, 0, 0, 1, 0], "pitch": 61, "note": 142021, "instrument_source_str": "acoustic", "velocity": 127, "instrument_str": "reed_acoustic_037", "instrument": 387, "sample_rate": 16000, "qualities_str": ["reverb"], "instrument_source": 0, "note_str": "reed_acoustic_037-061-127", "instrument_family": 7, "instrument_family_str": "reed"}, {"qualities": [0, 0, 0, 0, 0, 0, 0, 0, 0, 0], "pitch": 73, "note": 56684, "instrument_source_str": "acoustic", "velocity": 75, "instrument_str": "reed_acoustic_011", "instrument": 104, "sample_rate": 16000, "qualities_str": [], "instrument_source": 0, "note_str": "reed_acoustic_011-073-075", "instrument_family": 7, "instrument_family_str": "reed"}, {"qualities": [1, 0, 0, 1, 0, 1, 1, 0, 0, 0], "pitch": 70, "note": 136310, "instrument_source_str": "acoustic", "velocity": 25, "instrument_str": "reed_acoustic_023", "instrument": 224, "sample_rate": 16000, "qualities_str": ["bright", "fast_decay", "multiphonic", "nonlinear_env"], "instrument_source": 0, "note_str": "reed_acoustic_023-070-025", "instrument_family": 7, "instrument_family_str": "reed"}, {"qualities": [1, 0, 0, 1, 0, 1, 1, 0, 0, 0], "pitch": 32, "note": 104655, "instrument_source_str": "acoustic", "velocity": 25, "instrument_str": "reed_acoustic_023", "instrument": 224, "sample_rate": 16000, "qualities_str": ["bright", "fast_decay", "multiphonic", "nonlinear_env"], "instrument_source": 0, "note_str": "reed_acoustic_023-032-025", "instrument_family": 7, "instrument_family_str": "reed"}, {"qualities": [1, 0, 0, 1, 0, 1, 1, 0, 0, 0], "pitch": 71, "note": 54163, "instrument_source_str": "acoustic", "velocity": 25, "instrument_str": "reed_acoustic_023", "instrument": 224, "sample_rate": 16000, "qualities_str": ["bright", "fast_decay", "multiphonic", "nonlinear_env"], "instrument_source": 0, "note_str": "reed_acoustic_023-071-025", "instrument_family": 7, "instrument_family_str": "reed"}, {"qualities": [0, 0, 0, 0, 0, 0, 0, 0, 0, 0], "pitch": 60, "note": 24598, "instrument_source_str": "acoustic", "velocity": 75, "instrument_str": "reed_acoustic_011", "instrument": 104, "sample_rate": 16000, "qualities_str": [], "instrument_source": 0, "note_str": "reed_acoustic_011-060-075", "instrument_family": 7, "instrument_family_str": "reed"}, {"qualities": [1, 0, 0, 1, 0, 1, 1, 0, 0, 0], "pitch": 83, "note": 113923, "instrument_source_str": "acoustic", "velocity": 25, "instrument_str": "reed_acoustic_023", "instrument": 224, "sample_rate": 16000, "qualities_str": ["bright", "fast_decay", "multiphonic", "nonlinear_env"], "instrument_source": 0, "note_str": "reed_acoustic_023-083-025", "instrument_family": 7, "instrument_family_str": "reed"}, {"qualities": [0, 0, 0, 0, 0, 0, 0, 0, 0, 0], "pitch": 61, "note": 143265, "instrument_source_str": "acoustic", "velocity": 100, "instrument_str": "reed_acoustic_018", "instrument": 183, "sample_rate": 16000, "qualities_str": [], "instrument_source": 0, "note_str": "reed_acoustic_018-061-100", "instrument_family": 7, "instrument_family_str": "reed"}, {"qualities": [0, 0, 0, 0, 0, 0, 0, 0, 0, 0], "pitch": 61, "note": 40897, "instrument_source_str": "acoustic", "velocity": 75, "instrument_str": "reed_acoustic_018", "instrument": 183, "sample_rate": 16000, "qualities_str": [], "instrument_source": 0, "note_str": "reed_acoustic_018-061-075", "instrument_family": 7, "instrument_family_str": "reed"}, {"qualities": [1, 0, 0, 1, 0, 1, 1, 0, 0, 0], "pitch": 69, "note": 97943, "instrument_source_str": "acoustic", "velocity": 75, "instrument_str": "reed_acoustic_023", "instrument": 224, "sample_rate": 16000, "qualities_str": ["bright", "fast_decay", "multiphonic", "nonlinear_env"], "instrument_source": 0, "note_str": "reed_acoustic_023-069-075", "instrument_family": 7, "instrument_family_str": "reed"}, {"qualities": [0, 0, 0, 0, 0, 0, 0, 0, 0, 0], "pitch": 63, "note": 27347, "instrument_source_str": "acoustic", "velocity": 50, "instrument_str": "reed_acoustic_011", "instrument": 104, "sample_rate": 16000, "qualities_str": [], "instrument_source": 0, "note_str": "reed_acoustic_011-063-050", "instrument_family": 7, "instrument_family_str": "reed"}, {"qualities": [0, 0, 0, 0, 0, 0, 0, 0, 0, 0], "pitch": 75, "note": 10473, "instrument_source_str": "acoustic", "velocity": 50, "instrument_str": "reed_acoustic_011", "instrument": 104, "sample_rate": 16000, "qualities_str": [], "instrument_source": 0, "note_str": "reed_acoustic_011-075-050", "instrument_family": 7, "instrument_family_str": "reed"}, {"qualities": [0, 0, 0, 1, 0, 1, 1, 0, 0, 0], "pitch": 93, "note": 76116, "instrument_source_str": "acoustic", "velocity": 100, "instrument_str": "reed_acoustic_023", "instrument": 224, "sample_rate": 16000, "qualities_str": ["fast_decay", "multiphonic", "nonlinear_env"], "instrument_source": 0, "note_str": "reed_acoustic_023-093-100", "instrument_family": 7, "instrument_family_str": "reed"}, {"qualities": [1, 0, 0, 1, 0, 1, 1, 0, 0, 0], "pitch": 57, "note": 42154, "instrument_source_str": "acoustic", "velocity": 50, "instrument_str": "reed_acoustic_023", "instrument": 224, "sample_rate": 16000, "qualities_str": ["bright", "fast_decay", "multiphonic", "nonlinear_env"], "instrument_source": 0, "note_str": "reed_acoustic_023-057-050", "instrument_family": 7, "instrument_family_str": "reed"}, {"qualities": [0, 0, 0, 0, 0, 0, 0, 0, 1, 0], "pitch": 65, "note": 50043, "instrument_source_str": "acoustic", "velocity": 75, "instrument_str": "reed_acoustic_037", "instrument": 387, "sample_rate": 16000, "qualities_str": ["reverb"], "instrument_source": 0, "note_str": "reed_acoustic_037-065-075", "instrument_family": 7, "instrument_family_str": "reed"}, {"qualities": [0, 0, 0, 0, 0, 0, 0, 0, 0, 0], "pitch": 85, "note": 65870, "instrument_source_str": "acoustic", "velocity": 100, "instrument_str": "reed_acoustic_018", "instrument": 183, "sample_rate": 16000, "qualities_str": [], "instrument_source": 0, "note_str": "reed_acoustic_018-085-100", "instrument_family": 7, "instrument_family_str": "reed"}, {"qualities": [1, 0, 0, 0, 0, 0, 0, 0, 0, 0], "pitch": 38, "note": 6079, "instrument_source_str": "acoustic", "velocity": 127, "instrument_str": "reed_acoustic_011", "instrument": 104, "sample_rate": 16000, "qualities_str": ["bright"], "instrument_source": 0, "note_str": "reed_acoustic_011-038-127", "instrument_family": 7, "instrument_family_str": "reed"}, {"qualities": [0, 0, 0, 0, 0, 0, 0, 0, 1, 0], "pitch": 74, "note": 141361, "instrument_source_str": "acoustic", "velocity": 100, "instrument_str": "reed_acoustic_037", "instrument": 387, "sample_rate": 16000, "qualities_str": ["reverb"], "instrument_source": 0, "note_str": "reed_acoustic_037-074-100", "instrument_family": 7, "instrument_family_str": "reed"}, {"qualities": [0, 0, 0, 0, 0, 0, 0, 0, 0, 0], "pitch": 70, "note": 101673, "instrument_source_str": "acoustic", "velocity": 25, "instrument_str": "reed_acoustic_018", "instrument": 183, "sample_rate": 16000, "qualities_str": [], "instrument_source": 0, "note_str": "reed_acoustic_018-070-025", "instrument_family": 7, "instrument_family_str": "reed"}, {"qualities": [0, 0, 0, 0, 0, 0, 0, 0, 1, 0], "pitch": 54, "note": 140592, "instrument_source_str": "acoustic", "velocity": 25, "instrument_str": "reed_acoustic_037", "instrument": 387, "sample_rate": 16000, "qualities_str": ["reverb"], "instrument_source": 0, "note_str": "reed_acoustic_037-054-025", "instrument_family": 7, "instrument_family_str": "reed"}, {"qualities": [0, 0, 0, 0, 0, 0, 0, 0, 0, 0], "pitch": 60, "note": 99961, "instrument_source_str": "acoustic", "velocity": 127, "instrument_str": "reed_acoustic_011", "instrument": 104, "sample_rate": 16000, "qualities_str": [], "instrument_source": 0, "note_str": "reed_acoustic_011-060-127", "instrument_family": 7, "instrument_family_str": "reed"}, {"qualities": [1, 0, 0, 1, 0, 1, 1, 0, 0, 0], "pitch": 31, "note": 54818, "instrument_source_str": "acoustic", "velocity": 75, "instrument_str": "reed_acoustic_023", "instrument": 224, "sample_rate": 16000, "qualities_str": ["bright", "fast_decay", "multiphonic", "nonlinear_env"], "instrument_source": 0, "note_str": "reed_acoustic_023-031-075", "instrument_family": 7, "instrument_family_str": "reed"}, {"qualities": [0, 0, 0, 0, 0, 0, 0, 0, 1, 0], "pitch": 33, "note": 34830, "instrument_source_str": "acoustic", "velocity": 75, "instrument_str": "reed_acoustic_037", "instrument": 387, "sample_rate": 16000, "qualities_str": ["reverb"], "instrument_source": 0, "note_str": "reed_acoustic_037-033-075", "instrument_family": 7, "instrument_family_str": "reed"}, {"qualities": [0, 0, 0, 0, 0, 0, 0, 0, 0, 0], "pitch": 67, "note": 144962, "instrument_source_str": "acoustic", "velocity": 127, "instrument_str": "reed_acoustic_011", "instrument": 104, "sample_rate": 16000, "qualities_str": [], "instrument_source": 0, "note_str": "reed_acoustic_011-067-127", "instrument_family": 7, "instrument_family_str": "reed"}, {"qualities": [0, 0, 0, 0, 0, 0, 0, 0, 0, 0], "pitch": 83, "note": 111638, "instrument_source_str": "acoustic", "velocity": 127, "instrument_str": "reed_acoustic_018", "instrument": 183, "sample_rate": 16000, "qualities_str": [], "instrument_source": 0, "note_str": "reed_acoustic_018-083-127", "instrument_family": 7, "instrument_family_str": "reed"}, {"qualities": [1, 0, 0, 1, 0, 1, 1, 0, 0, 0], "pitch": 55, "note": 28018, "instrument_source_str": "acoustic", "velocity": 50, "instrument_str": "reed_acoustic_023", "instrument": 224, "sample_rate": 16000, "qualities_str": ["bright", "fast_decay", "multiphonic", "nonlinear_env"], "instrument_source": 0, "note_str": "reed_acoustic_023-055-050", "instrument_family": 7, "instrument_family_str": "reed"}, {"qualities": [0, 0, 0, 0, 0, 0, 0, 0, 1, 0], "pitch": 33, "note": 71680, "instrument_source_str": "acoustic", "velocity": 100, "instrument_str": "reed_acoustic_037", "instrument": 387, "sample_rate": 16000, "qualities_str": ["reverb"], "instrument_source": 0, "note_str": "reed_acoustic_037-033-100", "instrument_family": 7, "instrument_family_str": "reed"}, {"qualities": [0, 0, 0, 0, 0, 0, 0, 0, 0, 0], "pitch": 65, "note": 102970, "instrument_source_str": "acoustic", "velocity": 100, "instrument_str": "reed_acoustic_018", "instrument": 183, "sample_rate": 16000, "qualities_str": [], "instrument_source": 0, "note_str": "reed_acoustic_018-065-100", "instrument_family": 7, "instrument_family_str": "reed"}, {"qualities": [0, 0, 0, 0, 0, 0, 0, 0, 1, 0], "pitch": 62, "note": 45271, "instrument_source_str": "acoustic", "velocity": 25, "instrument_str": "reed_acoustic_037", "instrument": 387, "sample_rate": 16000, "qualities_str": ["reverb"], "instrument_source": 0, "note_str": "reed_acoustic_037-062-025", "instrument_family": 7, "instrument_family_str": "reed"}, {"qualities": [0, 0, 0, 0, 1, 0, 0, 0, 1, 0], "pitch": 57, "note": 36437, "instrument_source_str": "acoustic", "velocity": 127, "instrument_str": "reed_acoustic_037", "instrument": 387, "sample_rate": 16000, "qualities_str": ["long_release", "reverb"], "instrument_source": 0, "note_str": "reed_acoustic_037-057-127", "instrument_family": 7, "instrument_family_str": "reed"}, {"qualities": [1, 0, 0, 1, 0, 1, 1, 0, 0, 0], "pitch": 74, "note": 46020, "instrument_source_str": "acoustic", "velocity": 75, "instrument_str": "reed_acoustic_023", "instrument": 224, "sample_rate": 16000, "qualities_str": ["bright", "fast_decay", "multiphonic", "nonlinear_env"], "instrument_source": 0, "note_str": "reed_acoustic_023-074-075", "instrument_family": 7, "instrument_family_str": "reed"}, {"qualities": [0, 0, 0, 1, 0, 1, 1, 0, 0, 0], "pitch": 90, "note": 98677, "instrument_source_str": "acoustic", "velocity": 75, "instrument_str": "reed_acoustic_023", "instrument": 224, "sample_rate": 16000, "qualities_str": ["fast_decay", "multiphonic", "nonlinear_env"], "instrument_source": 0, "note_str": "reed_acoustic_023-090-075", "instrument_family": 7, "instrument_family_str": "reed"}, {"qualities": [1, 0, 0, 1, 0, 1, 1, 0, 0, 0], "pitch": 40, "note": 135766, "instrument_source_str": "acoustic", "velocity": 100, "instrument_str": "reed_acoustic_023", "instrument": 224, "sample_rate": 16000, "qualities_str": ["bright", "fast_decay", "multiphonic", "nonlinear_env"], "instrument_source": 0, "note_str": "reed_acoustic_023-040-100", "instrument_family": 7, "instrument_family_str": "reed"}, {"qualities": [0, 0, 0, 0, 0, 0, 0, 0, 0, 0], "pitch": 71, "note": 47606, "instrument_source_str": "acoustic", "velocity": 127, "instrument_str": "reed_acoustic_011", "instrument": 104, "sample_rate": 16000, "qualities_str": [], "instrument_source": 0, "note_str": "reed_acoustic_011-071-127", "instrument_family": 7, "instrument_family_str": "reed"}, {"qualities": [0, 0, 0, 0, 0, 0, 0, 0, 0, 0], "pitch": 38, "note": 27472, "instrument_source_str": "acoustic", "velocity": 50, "instrument_str": "reed_acoustic_011", "instrument": 104, "sample_rate": 16000, "qualities_str": [], "instrument_source": 0, "note_str": "reed_acoustic_011-038-050", "instrument_family": 7, "instrument_family_str": "reed"}, {"qualities": [0, 0, 0, 0, 0, 0, 0, 0, 0, 0], "pitch": 84, "note": 123485, "instrument_source_str": "acoustic", "velocity": 50, "instrument_str": "reed_acoustic_018", "instrument": 183, "sample_rate": 16000, "qualities_str": [], "instrument_source": 0, "note_str": "reed_acoustic_018-084-050", "instrument_family": 7, "instrument_family_str": "reed"}, {"qualities": [0, 0, 0, 0, 0, 0, 0, 0, 0, 0], "pitch": 42, "note": 51732, "instrument_source_str": "acoustic", "velocity": 50, "instrument_str": "reed_acoustic_011", "instrument": 104, "sample_rate": 16000, "qualities_str": [], "instrument_source": 0, "note_str": "reed_acoustic_011-042-050", "instrument_family": 7, "instrument_family_str": "reed"}, {"qualities": [0, 0, 0, 0, 0, 0, 0, 0, 0, 0], "pitch": 58, "note": 40065, "instrument_source_str": "acoustic", "velocity": 100, "instrument_str": "reed_acoustic_018", "instrument": 183, "sample_rate": 16000, "qualities_str": [], "instrument_source": 0, "note_str": "reed_acoustic_018-058-100", "instrument_family": 7, "instrument_family_str": "reed"}, {"qualities": [1, 0, 0, 1, 0, 1, 1, 0, 0, 0], "pitch": 57, "note": 135344, "instrument_source_str": "acoustic", "velocity": 100, "instrument_str": "reed_acoustic_023", "instrument": 224, "sample_rate": 16000, "qualities_str": ["bright", "fast_decay", "multiphonic", "nonlinear_env"], "instrument_source": 0, "note_str": "reed_acoustic_023-057-100", "instrument_family": 7, "instrument_family_str": "reed"}, {"qualities": [0, 0, 0, 0, 0, 0, 0, 0, 1, 0], "pitch": 56, "note": 142628, "instrument_source_str": "acoustic", "velocity": 100, "instrument_str": "reed_acoustic_037", "instrument": 387, "sample_rate": 16000, "qualities_str": ["reverb"], "instrument_source": 0, "note_str": "reed_acoustic_037-056-100", "instrument_family": 7, "instrument_family_str": "reed"}, {"qualities": [0, 0, 0, 0, 0, 0, 0, 0, 1, 0], "pitch": 52, "note": 112365, "instrument_source_str": "acoustic", "velocity": 25, "instrument_str": "reed_acoustic_037", "instrument": 387, "sample_rate": 16000, "qualities_str": ["reverb"], "instrument_source": 0, "note_str": "reed_acoustic_037-052-025", "instrument_family": 7, "instrument_family_str": "reed"}, {"qualities": [1, 0, 0, 1, 0, 1, 1, 0, 0, 0], "pitch": 55, "note": 76641, "instrument_source_str": "acoustic", "velocity": 75, "instrument_str": "reed_acoustic_023", "instrument": 224, "sample_rate": 16000, "qualities_str": ["bright", "fast_decay", "multiphonic", "nonlinear_env"], "instrument_source": 0, "note_str": "reed_acoustic_023-055-075", "instrument_family": 7, "instrument_family_str": "reed"}, {"qualities": [0, 0, 0, 0, 0, 0, 0, 0, 0, 0], "pitch": 76, "note": 59243, "instrument_source_str": "acoustic", "velocity": 25, "instrument_str": "reed_acoustic_018", "instrument": 183, "sample_rate": 16000, "qualities_str": [], "instrument_source": 0, "note_str": "reed_acoustic_018-076-025", "instrument_family": 7, "instrument_family_str": "reed"}, {"qualities": [0, 0, 0, 0, 0, 0, 0, 0, 0, 0], "pitch": 60, "note": 68462, "instrument_source_str": "acoustic", "velocity": 50, "instrument_str": "reed_acoustic_011", "instrument": 104, "sample_rate": 16000, "qualities_str": [], "instrument_source": 0, "note_str": "reed_acoustic_011-060-050", "instrument_family": 7, "instrument_family_str": "reed"}, {"qualities": [0, 0, 0, 0, 0, 0, 0, 0, 0, 0], "pitch": 71, "note": 132785, "instrument_source_str": "acoustic", "velocity": 25, "instrument_str": "reed_acoustic_011", "instrument": 104, "sample_rate": 16000, "qualities_str": [], "instrument_source": 0, "note_str": "reed_acoustic_011-071-025", "instrument_family": 7, "instrument_family_str": "reed"}, {"qualities": [0, 0, 0, 0, 0, 0, 0, 0, 0, 0], "pitch": 77, "note": 24665, "instrument_source_str": "acoustic", "velocity": 50, "instrument_str": "reed_acoustic_018", "instrument": 183, "sample_rate": 16000, "qualities_str": [], "instrument_source": 0, "note_str": "reed_acoustic_018-077-050", "instrument_family": 7, "instrument_family_str": "reed"}, {"qualities": [0, 0, 0, 0, 0, 0, 0, 0, 0, 0], "pitch": 60, "note": 37025, "instrument_source_str": "acoustic", "velocity": 75, "instrument_str": "reed_acoustic_018", "instrument": 183, "sample_rate": 16000, "qualities_str": [], "instrument_source": 0, "note_str": "reed_acoustic_018-060-075", "instrument_family": 7, "instrument_family_str": "reed"}, {"qualities": [0, 0, 0, 0, 1, 0, 0, 0, 1, 0], "pitch": 49, "note": 68398, "instrument_source_str": "acoustic", "velocity": 127, "instrument_str": "reed_acoustic_037", "instrument": 387, "sample_rate": 16000, "qualities_str": ["long_release", "reverb"], "instrument_source": 0, "note_str": "reed_acoustic_037-049-127", "instrument_family": 7, "instrument_family_str": "reed"}, {"qualities": [0, 0, 0, 0, 0, 0, 0, 0, 0, 0], "pitch": 69, "note": 33114, "instrument_source_str": "acoustic", "velocity": 50, "instrument_str": "reed_acoustic_011", "instrument": 104, "sample_rate": 16000, "qualities_str": [], "instrument_source": 0, "note_str": "reed_acoustic_011-069-050", "instrument_family": 7, "instrument_family_str": "reed"}, {"qualities": [0, 0, 0, 0, 0, 0, 0, 0, 0, 0], "pitch": 58, "note": 20376, "instrument_source_str": "acoustic", "velocity": 127, "instrument_str": "reed_acoustic_011", "instrument": 104, "sample_rate": 16000, "qualities_str": [], "instrument_source": 0, "note_str": "reed_acoustic_011-058-127", "instrument_family": 7, "instrument_family_str": "reed"}, {"qualities": [0, 0, 0, 0, 0, 0, 0, 0, 0, 0], "pitch": 64, "note": 131947, "instrument_source_str": "acoustic", "velocity": 75, "instrument_str": "reed_acoustic_011", "instrument": 104, "sample_rate": 16000, "qualities_str": [], "instrument_source": 0, "note_str": "reed_acoustic_011-064-075", "instrument_family": 7, "instrument_family_str": "reed"}, {"qualities": [1, 0, 0, 1, 0, 1, 1, 0, 0, 0], "pitch": 67, "note": 119310, "instrument_source_str": "acoustic", "velocity": 50, "instrument_str": "reed_acoustic_023", "instrument": 224, "sample_rate": 16000, "qualities_str": ["bright", "fast_decay", "multiphonic", "nonlinear_env"], "instrument_source": 0, "note_str": "reed_acoustic_023-067-050", "instrument_family": 7, "instrument_family_str": "reed"}, {"qualities": [0, 0, 0, 0, 0, 0, 0, 0, 0, 0], "pitch": 46, "note": 109266, "instrument_source_str": "acoustic", "velocity": 25, "instrument_str": "reed_acoustic_011", "instrument": 104, "sample_rate": 16000, "qualities_str": [], "instrument_source": 0, "note_str": "reed_acoustic_011-046-025", "instrument_family": 7, "instrument_family_str": "reed"}, {"qualities": [0, 0, 0, 0, 0, 0, 0, 0, 0, 0], "pitch": 72, "note": 24529, "instrument_source_str": "acoustic", "velocity": 75, "instrument_str": "reed_acoustic_018", "instrument": 183, "sample_rate": 16000, "qualities_str": [], "instrument_source": 0, "note_str": "reed_acoustic_018-072-075", "instrument_family": 7, "instrument_family_str": "reed"}, {"qualities": [0, 0, 0, 0, 0, 0, 0, 0, 0, 0], "pitch": 58, "note": 78336, "instrument_source_str": "acoustic", "velocity": 75, "instrument_str": "reed_acoustic_018", "instrument": 183, "sample_rate": 16000, "qualities_str": [], "instrument_source": 0, "note_str": "reed_acoustic_018-058-075", "instrument_family": 7, "instrument_family_str": "reed"}, {"qualities": [0, 0, 0, 0, 0, 0, 0, 0, 0, 0], "pitch": 74, "note": 65531, "instrument_source_str": "acoustic", "velocity": 75, "instrument_str": "reed_acoustic_018", "instrument": 183, "sample_rate": 16000, "qualities_str": [], "instrument_source": 0, "note_str": "reed_acoustic_018-074-075", "instrument_family": 7, "instrument_family_str": "reed"}, {"qualities": [1, 0, 0, 1, 0, 1, 1, 0, 0, 0], "pitch": 85, "note": 138447, "instrument_source_str": "acoustic", "velocity": 75, "instrument_str": "reed_acoustic_023", "instrument": 224, "sample_rate": 16000, "qualities_str": ["bright", "fast_decay", "multiphonic", "nonlinear_env"], "instrument_source": 0, "note_str": "reed_acoustic_023-085-075", "instrument_family": 7, "instrument_family_str": "reed"}, {"qualities": [1, 0, 0, 1, 0, 1, 1, 0, 0, 0], "pitch": 67, "note": 129117, "instrument_source_str": "acoustic", "velocity": 127, "instrument_str": "reed_acoustic_023", "instrument": 224, "sample_rate": 16000, "qualities_str": ["bright", "fast_decay", "multiphonic", "nonlinear_env"], "instrument_source": 0, "note_str": "reed_acoustic_023-067-127", "instrument_family": 7, "instrument_family_str": "reed"}, {"qualities": [0, 0, 0, 0, 0, 0, 0, 0, 1, 0], "pitch": 74, "note": 136351, "instrument_source_str": "acoustic", "velocity": 75, "instrument_str": "reed_acoustic_037", "instrument": 387, "sample_rate": 16000, "qualities_str": ["reverb"], "instrument_source": 0, "note_str": "reed_acoustic_037-074-075", "instrument_family": 7, "instrument_family_str": "reed"}, {"qualities": [0, 0, 0, 0, 0, 0, 0, 0, 0, 0], "pitch": 73, "note": 133695, "instrument_source_str": "acoustic", "velocity": 100, "instrument_str": "reed_acoustic_018", "instrument": 183, "sample_rate": 16000, "qualities_str": [], "instrument_source": 0, "note_str": "reed_acoustic_018-073-100", "instrument_family": 7, "instrument_family_str": "reed"}, {"qualities": [1, 0, 0, 1, 0, 1, 1, 0, 0, 0], "pitch": 60, "note": 19430, "instrument_source_str": "acoustic", "velocity": 127, "instrument_str": "reed_acoustic_023", "instrument": 224, "sample_rate": 16000, "qualities_str": ["bright", "fast_decay", "multiphonic", "nonlinear_env"], "instrument_source": 0, "note_str": "reed_acoustic_023-060-127", "instrument_family": 7, "instrument_family_str": "reed"}, {"qualities": [0, 0, 0, 0, 0, 0, 0, 0, 1, 0], "pitch": 33, "note": 65236, "instrument_source_str": "acoustic", "velocity": 50, "instrument_str": "reed_acoustic_037", "instrument": 387, "sample_rate": 16000, "qualities_str": ["reverb"], "instrument_source": 0, "note_str": "reed_acoustic_037-033-050", "instrument_family": 7, "instrument_family_str": "reed"}, {"qualities": [0, 0, 0, 0, 0, 0, 0, 0, 0, 0], "pitch": 79, "note": 144583, "instrument_source_str": "acoustic", "velocity": 50, "instrument_str": "reed_acoustic_018", "instrument": 183, "sample_rate": 16000, "qualities_str": [], "instrument_source": 0, "note_str": "reed_acoustic_018-079-050", "instrument_family": 7, "instrument_family_str": "reed"}, {"qualities": [1, 0, 0, 1, 0, 1, 1, 0, 0, 0], "pitch": 54, "note": 92338, "instrument_source_str": "acoustic", "velocity": 127, "instrument_str": "reed_acoustic_023", "instrument": 224, "sample_rate": 16000, "qualities_str": ["bright", "fast_decay", "multiphonic", "nonlinear_env"], "instrument_source": 0, "note_str": "reed_acoustic_023-054-127", "instrument_family": 7, "instrument_family_str": "reed"}, {"qualities": [1, 0, 0, 1, 0, 1, 1, 0, 0, 0], "pitch": 75, "note": 40760, "instrument_source_str": "acoustic", "velocity": 50, "instrument_str": "reed_acoustic_023", "instrument": 224, "sample_rate": 16000, "qualities_str": ["bright", "fast_decay", "multiphonic", "nonlinear_env"], "instrument_source": 0, "note_str": "reed_acoustic_023-075-050", "instrument_family": 7, "instrument_family_str": "reed"}, {"qualities": [0, 0, 0, 0, 0, 0, 0, 0, 0, 0], "pitch": 74, "note": 648, "instrument_source_str": "acoustic", "velocity": 100, "instrument_str": "reed_acoustic_018", "instrument": 183, "sample_rate": 16000, "qualities_str": [], "instrument_source": 0, "note_str": "reed_acoustic_018-074-100", "instrument_family": 7, "instrument_family_str": "reed"}, {"qualities": [1, 0, 0, 0, 0, 0, 0, 0, 0, 0], "pitch": 48, "note": 43877, "instrument_source_str": "acoustic", "velocity": 100, "instrument_str": "reed_acoustic_011", "instrument": 104, "sample_rate": 16000, "qualities_str": ["bright"], "instrument_source": 0, "note_str": "reed_acoustic_011-048-100", "instrument_family": 7, "instrument_family_str": "reed"}, {"qualities": [0, 0, 0, 1, 0, 1, 1, 0, 0, 0], "pitch": 91, "note": 21564, "instrument_source_str": "acoustic", "velocity": 25, "instrument_str": "reed_acoustic_023", "instrument": 224, "sample_rate": 16000, "qualities_str": ["fast_decay", "multiphonic", "nonlinear_env"], "instrument_source": 0, "note_str": "reed_acoustic_023-091-025", "instrument_family": 7, "instrument_family_str": "reed"}, {"qualities": [0, 0, 0, 0, 0, 0, 0, 0, 1, 0], "pitch": 47, "note": 118824, "instrument_source_str": "acoustic", "velocity": 75, "instrument_str": "reed_acoustic_037", "instrument": 387, "sample_rate": 16000, "qualities_str": ["reverb"], "instrument_source": 0, "note_str": "reed_acoustic_037-047-075", "instrument_family": 7, "instrument_family_str": "reed"}, {"qualities": [0, 0, 0, 0, 1, 0, 0, 0, 1, 0], "pitch": 71, "note": 101445, "instrument_source_str": "acoustic", "velocity": 127, "instrument_str": "reed_acoustic_037", "instrument": 387, "sample_rate": 16000, "qualities_str": ["long_release", "reverb"], "instrument_source": 0, "note_str": "reed_acoustic_037-071-127", "instrument_family": 7, "instrument_family_str": "reed"}, {"qualities": [0, 0, 0, 0, 0, 0, 0, 0, 0, 0], "pitch": 60, "note": 94894, "instrument_source_str": "acoustic", "velocity": 25, "instrument_str": "reed_acoustic_018", "instrument": 183, "sample_rate": 16000, "qualities_str": [], "instrument_source": 0, "note_str": "reed_acoustic_018-060-025", "instrument_family": 7, "instrument_family_str": "reed"}, {"qualities": [1, 0, 0, 1, 0, 1, 1, 0, 0, 0], "pitch": 78, "note": 45102, "instrument_source_str": "acoustic", "velocity": 25, "instrument_str": "reed_acoustic_023", "instrument": 224, "sample_rate": 16000, "qualities_str": ["bright", "fast_decay", "multiphonic", "nonlinear_env"], "instrument_source": 0, "note_str": "reed_acoustic_023-078-025", "instrument_family": 7, "instrument_family_str": "reed"}, {"qualities": [0, 0, 0, 0, 0, 0, 0, 0, 0, 0], "pitch": 62, "note": 72627, "instrument_source_str": "acoustic", "velocity": 127, "instrument_str": "reed_acoustic_018", "instrument": 183, "sample_rate": 16000, "qualities_str": [], "instrument_source": 0, "note_str": "reed_acoustic_018-062-127", "instrument_family": 7, "instrument_family_str": "reed"}]