[{"qualities": [1, 0, 1, 0, 1, 0, 1, 0, 0, 0], "pitch": 88, "note": 22833, "instrument_source_str": "synthetic", "velocity": 25, "instrument_str": "vocal_synthetic_003", "instrument": 37, "sample_rate": 16000, "qualities_str": ["bright", "distortion", "long_release", "nonlinear_env"], "instrument_source": 2, "note_str": "vocal_synthetic_003-088-025", "instrument_family": 10, "instrument_family_str": "vocal"}, {"qualities": [0, 0, 1, 0, 1, 0, 1, 0, 0, 0], "pitch": 27, "note": 16979, "instrument_source_str": "synthetic", "velocity": 50, "instrument_str": "vocal_synthetic_003", "instrument": 37, "sample_rate": 16000, "qualities_str": ["distortion", "long_release", "nonlinear_env"], "instrument_source": 2, "note_str": "vocal_synthetic_003-027-050", "instrument_family": 10, "instrument_family_str": "vocal"}, {"qualities": [1, 0, 1, 0, 1, 0, 1, 0, 0, 0], "pitch": 76, "note": 17395, "instrument_source_str": "synthetic", "velocity": 75, "instrument_str": "vocal_synthetic_003", "instrument": 37, "sample_rate": 16000, "qualities_str": ["bright", "distortion", "long_release", "nonlinear_env"], "instrument_source": 2, "note_str": "vocal_synthetic_003-076-075", "instrument_family": 10, "instrument_family_str": "vocal"}, {"qualities": [0, 0, 1, 0, 1, 0, 1, 0, 0, 0], "pitch": 53, "note": 8669, "instrument_source_str": "synthetic", "velocity": 50, "instrument_str": "vocal_synthetic_003", "instrument": 37, "sample_rate": 16000, "qualities_str": ["distortion", "long_release", "nonlinear_env"], "instrument_source": 2, "note_str": "vocal_synthetic_003-053-050", "instrument_family": 10, "instrument_family_str": "vocal"}, {"qualities": [0, 0, 0, 0, 0, 0, 0, 0, 1, 0], "pitch": 64, "note": 17569, "instrument_source_str": "acoustic", "velocity": 127, "instrument_str": "vocal_acoustic_000", "instrument": 46, "sample_rate": 16000, "qualities_str": ["reverb"], "instrument_source": 0, "note_str": "vocal_acoustic_000-064-127", "instrument_family": 10, "instrument_family_str": "vocal"}, {"qualities": [1, 0, 1, 0, 1, 0, 1, 0, 0, 0], "pitch": 104, "note": 12264, "instrument_source_str": "synthetic", "velocity": 75, "instrument_str": "vocal_synthetic_003", "instrument": 37, "sample_rate": 16000, "qualities_str": ["bright", "distortion", "long_release", "nonlinear_env"], "instrument_source": 2, "note_str": "vocal_synthetic_003-104-075", "instrument_family": 10, "instrument_family_str": "vocal"}, {"qualities": [0, 0, 1, 0, 1, 0, 1, 0, 0, 0], "pitch": 24, "note": 46821, "instrument_source_str": "synthetic", "velocity": 25, "instrument_str": "vocal_synthetic_003", "instrument": 37, "sample_rate": 16000, "qualities_str": ["distortion", "long_release", "nonlinear_env"], "instrument_source": 2, "note_str": "vocal_synthetic_003-024-025", "instrument_family": 10, "instrument_family_str": "vocal"}, {"qualities": [0, 0, 1, 0, 1, 0, 1, 0, 0, 0], "pitch": 57, "note": 12819, "instrument_source_str": "synthetic", "velocity": 25, "instrument_str": "vocal_synthetic_003", "instrument": 37, "sample_rate": 16000, "qualities_str": ["distortion", "long_release", "nonlinear_env"], "instrument_source": 2, "note_str": "vocal_synthetic_003-057-025", "instrument_family": 10, "instrument_family_str": "vocal"}, {"qualities": [0, 0, 1, 0, 1, 0, 1, 0, 0, 0], "pitch": 29, "note": 7670, "instrument_source_str": "synthetic", "velocity": 50, "instrument_str": "vocal_synthetic_003", "instrument": 37, "sample_rate": 16000, "qualities_str": ["distortion", "long_release", "nonlinear_env"], "instrument_source": 2, "note_str": "vocal_synthetic_003-029-050", "instrument_family": 10, "instrument_family_str": "vocal"}, {"qualities": [1, 0, 1, 0, 1, 0, 1, 0, 0, 0], "pitch": 33, "note": 51406, "instrument_source_str": "synthetic", "velocity": 127, "instrument_str": "vocal_synthetic_003", "instrument": 37, "sample_rate": 16000, "qualities_str": ["bright", "distortion", "long_release", "nonlinear_env"], "instrument_source": 2, "note_str": "vocal_synthetic_003-033-127", "instrument_family": 10, "instrument_family_str": "vocal"}, {"qualities": [1, 0, 1, 0, 1, 0, 1, 0, 0, 0], "pitch": 63, "note": 38920, "instrument_source_str": "synthetic", "velocity": 100, "instrument_str": "vocal_synthetic_003", "instrument": 37, "sample_rate": 16000, "qualities_str": ["bright", "distortion", "long_release", "nonlinear_env"], "instrument_source": 2, "note_str": "vocal_synthetic_003-063-100", "instrument_family": 10, "instrument_family_str": "vocal"}, {"qualities": [0, 0, 1, 0, 1, 0, 1, 0, 0, 0], "pitch": 33, "note": 51864, "instrument_source_str": "synthetic", "velocity": 50, "instrument_str": "vocal_synthetic_003", "instrument": 37, "sample_rate": 16000, "qualities_str": ["distortion", "long_release", "nonlinear_env"], "instrument_source": 2, "note_str": "vocal_synthetic_003-033-050", "instrument_family": 10, "instrument_family_str": "vocal"}, {"qualities": [1, 0, 1, 0, 1, 0, 1, 0, 0, 0], "pitch": 22, "note": 35109, "instrument_source_str": "synthetic", "velocity": 100, "instrument_str": "vocal_synthetic_003", "instrument": 37, "sample_rate": 16000, "qualities_str": ["bright", "distortion", "long_release", "nonlinear_env"], "instrument_source": 2, "note_str": "vocal_synthetic_003-022-100", "instrument_family": 10, "instrument_family_str": "vocal"}, {"qualities": [1, 0, 1, 0, 1, 0, 1, 0, 0, 0], "pitch": 82, "note": 15131, "instrument_source_str": "synthetic", "velocity": 75, "instrument_str": "vocal_synthetic_003", "instrument": 37, "sample_rate": 16000, "qualities_str": ["bright", "distortion", "long_release", "nonlinear_env"], "instrument_source": 2, "note_str": "vocal_synthetic_003-082-075", "instrument_family": 10, "instrument_family_str": "vocal"}, {"qualities": [1, 0, 1, 0, 1, 0, 1, 0, 0, 0], "pitch": 41, "note": 418, "instrument_source_str": "synthetic", "velocity": 127, "instrument_str": "vocal_synthetic_003", "instrument": 37, "sample_rate": 16000, "qualities_str": ["bright", "distortion", "long_release", "nonlinear_env"], "instrument_source": 2, "note_str": "vocal_synthetic_003-041-127", "instrument_family": 10, "instrument_family_str": "vocal"}, {"qualities": [1, 0, 1, 0, 1, 0, 1, 0, 0, 0], "pitch": 85, "note": 3525, "instrument_source_str": "synthetic", "velocity": 100, "instrument_str": "vocal_synthetic_003", "instrument": 37, "sample_rate": 16000, "qualities_str": ["bright", "distortion", "long_release", "nonlinear_env"], "instrument_source": 2, "note_str": "vocal_synthetic_003-085-100", "instrument_family": 10, "instrument_family_str": "vocal"}, {"qualities": [1, 0, 1, 0, 1, 0, 1, 0, 0, 0], "pitch": 85, "note": 16028, "instrument_source_str": "synthetic", "velocity": 127, "instrument_str": "vocal_synthetic_003", "instrument": 37, "sample_rate": 16000, "qualities_str": ["bright", "distortion", "long_release", "nonlinear_env"], "instrument_source": 2, "note_str": "vocal_synthetic_003-085-127", "instrument_family": 10, "instrument_family_str": "vocal"}, {"qualities": [1, 0, 1, 0, 1, 0, 1, 0, 0, 0], "pitch": 64, "note": 17930, "instrument_source_str": "synthetic", "velocity": 50, "instrument_str": "vocal_synthetic_003", "instrument": 37, "sample_rate": 16000, "qualities_str": ["bright", "distortion", "long_release", "nonlinear_env"], "instrument_source": 2, "note_str": "vocal_synthetic_003-064-050", "instrument_family": 10, "instrument_family_str": "vocal"}, {"qualities": [0, 0, 0, 0, 1, 0, 1, 0, 0, 0], "pitch": 93, "note": 20315, "instrument_source_str": "synthetic", "velocity": 75, "instrument_str": "vocal_synthetic_003", "instrument": 37, "sample_rate": 16000, "qualities_str": ["long_release", "nonlinear_env"], "instrument_source": 2, "note_str": "vocal_synthetic_003-093-075", "instrument_family": 10, "instrument_family_str": "vocal"}, {"qualities": [1, 0, 1, 0, 1, 0, 1, 0, 0, 0], "pitch": 44, "note": 49106, "instrument_source_str": "synthetic", "velocity": 127, "instrument_str": "vocal_synthetic_003", "instrument": 37, "sample_rate": 16000, "qualities_str": ["bright", "distortion", "long_release", "nonlinear_env"], "instrument_source": 2, "note_str": "vocal_synthetic_003-044-127", "instrument_family": 10, "instrument_family_str": "vocal"}, {"qualities": [0, 0, 1, 0, 1, 0, 1, 0, 0, 0], "pitch": 41, "note": 48042, "instrument_source_str": "synthetic", "velocity": 75, "instrument_str": "vocal_synthetic_003", "instrument": 37, "sample_rate": 16000, "qualities_str": ["distortion", "long_release", "nonlinear_env"], "instrument_source": 2, "note_str": "vocal_synthetic_003-041-075", "instrument_family": 10, "instrument_family_str": "vocal"}, {"qualities": [0, 0, 0, 0, 0, 0, 0, 0, 1, 0], "pitch": 58, "note": 40890, "instrument_source_str": "acoustic", "velocity": 127, "instrument_str": "vocal_acoustic_000", "instrument": 46, "sample_rate": 16000, "qualities_str": ["reverb"], "instrument_source": 0, "note_str": "vocal_acoustic_000-058-127", "instrument_family": 10, "instrument_family_str": "vocal"}, {"qualities": [1, 0, 1, 0, 1, 0, 1, 0, 0, 0], "pitch": 107, "note": 42995, "instrument_source_str": "synthetic", "velocity": 50, "instrument_str": "vocal_synthetic_003", "instrument": 37, "sample_rate": 16000, "qualities_str": ["bright", "distortion", "long_release", "nonlinear_env"], "instrument_source": 2, "note_str": "vocal_synthetic_003-107-050", "instrument_family": 10, "instrument_family_str": "vocal"}, {"qualities": [0, 0, 1, 0, 1, 0, 1, 0, 0, 0], "pitch": 28, "note": 58992, "instrument_source_str": "synthetic", "velocity": 25, "instrument_str": "vocal_synthetic_003", "instrument": 37, "sample_rate": 16000, "qualities_str": ["distortion", "long_release", "nonlinear_env"], "instrument_source": 2, "note_str": "vocal_synthetic_003-028-025", "instrument_family": 10, "instrument_family_str": "vocal"}, {"qualities": [1, 0, 1, 0, 1, 0, 1, 0, 0, 0], "pitch": 66, "note": 8270, "instrument_source_str": "synthetic", "velocity": 100, "instrument_str": "vocal_synthetic_003", "instrument": 37, "sample_rate": 16000, "qualities_str": ["bright", "distortion", "long_release", "nonlinear_env"], "instrument_source": 2, "note_str": "vocal_synthetic_003-066-100", "instrument_family": 10, "instrument_family_str": "vocal"}, {"qualities": [1, 0, 1, 0, 1, 0, 1, 0, 0, 0], "pitch": 63, "note": 35980, "instrument_source_str": "synthetic", "velocity": 25, "instrument_str": "vocal_synthetic_003", "instrument": 37, "sample_rate": 16000, "qualities_str": ["bright", "distortion", "long_release", "nonlinear_env"], "instrument_source": 2, "note_str": "vocal_synthetic_003-063-025", "instrument_family": 10, "instrument_family_str": "vocal"}, {"qualities": [1, 0, 1, 0, 1, 0, 1, 0, 0, 0], "pitch": 105, "note": 23069, "instrument_source_str": "synthetic", "velocity": 25, "instrument_str": "vocal_synthetic_003", "instrument": 37, "sample_rate": 16000, "qualities_str": ["bright", "distortion", "long_release", "nonlinear_env"], "instrument_source": 2, "note_str": "vocal_synthetic_003-105-025", "instrument_family": 10, "instrument_family_str": "vocal"}, {"qualities": [1, 0, 1, 0, 1, 0, 1, 0, 0, 0], "pitch": 97, "note": 26622, "instrument_source_str": "synthetic", "velocity": 127, "instrument_str": "vocal_synthetic_003", "instrument": 37, "sample_rate": 16000, "qualities_str": ["bright", "distortion", "long_release", "nonlinear_env"], "instrument_source": 2, "note_str": "vocal_synthetic_003-097-127", "instrument_family": 10, "instrument_family_str": "vocal"}, {"qualities": [0, 0, 0, 0, 0, 0, 0, 0, 1, 0], "pitch": 60, "note": 39008, "instrument_source_str": "acoustic", "velocity": 75, "instrument_str": "vocal_acoustic_000", "instrument": 46, "sample_rate": 16000, "qualities_str": ["reverb"], "instrument_source": 0, "note_str": "vocal_acoustic_000-060-075", "instrument_family": 10, "instrument_family_str": "vocal"}, {"qualities": [1, 0, 1, 0, 1, 0, 1, 0, 0, 0], "pitch": 108, "note": 56894, "instrument_source_str": "synthetic", "velocity": 75, "instrument_str": "vocal_synthetic_003", "instrument": 37, "sample_rate": 16000, "qualities_str": ["bright", "distortion", "long_release", "nonlinear_env"], "instrument_source": 2, "note_str": "vocal_synthetic_003-108-075", "instrument_family": 10, "instrument_family_str": "vocal"}, {"qualities": [0, 0, 0, 0, 0, 0, 0, 0, 1, 0], "pitch": 70, "note": 25283, "instrument_source_str": "acoustic", "velocity": 75, "instrument_str": "vocal_acoustic_000", "instrument": 46, "sample_rate": 16000, "qualities_str": ["reverb"], "instrument_source": 0, "note_str": "vocal_acoustic_000-070-075", "instrument_family": 10, "instrument_family_str": "vocal"}, {"qualities": [0, 0, 1, 0, 1, 0, 1, 0, 0, 0], "pitch": 56, "note": 17597, "instrument_source_str": "synthetic", "velocity": 50, "instrument_str": "vocal_synthetic_003", "instrument": 37, "sample_rate": 16000, "qualities_str": ["distortion", "long_release", "nonlinear_env"], "instrument_source": 2, "note_str": "vocal_synthetic_003-056-050", "instrument_family": 10, "instrument_family_str": "vocal"}, {"qualities": [1, 0, 1, 0, 1, 0, 1, 0, 0, 0], "pitch": 104, "note": 44798, "instrument_source_str": "synthetic", "velocity": 50, "instrument_str": "vocal_synthetic_003", "instrument": 37, "sample_rate": 16000, "qualities_str": ["bright", "distortion", "long_release", "nonlinear_env"], "instrument_source": 2, "note_str": "vocal_synthetic_003-104-050", "instrument_family": 10, "instrument_family_str": "vocal"}, {"qualities": [1, 0, 1, 0, 1, 0, 1, 0, 0, 0], "pitch": 39, "note": 16138, "instrument_source_str": "synthetic", "velocity": 127, "instrument_str": "vocal_synthetic_003", "instrument": 37, "sample_rate": 16000, "qualities_str": ["bright", "distortion", "long_release", "nonlinear_env"], "instrument_source": 2, "note_str": "vocal_synthetic_003-039-127", "instrument_family": 10, "instrument_family_str": "vocal"}, {"qualities": [0, 0, 1, 0, 1, 0, 1, 0, 0, 0], "pitch": 50, "note": 58858, "instrument_source_str": "synthetic", "velocity": 75, "instrument_str": "vocal_synthetic_003", "instrument": 37, "sample_rate": 16000, "qualities_str": ["distortion", "long_release", "nonlinear_env"], "instrument_source": 2, "note_str": "vocal_synthetic_003-050-075", "instrument_family": 10, "instrument_family_str": "vocal"}, {"qualities": [1, 0, 1, 0, 1, 0, 1, 0, 0, 0], "pitch": 36, "note": 49889, "instrument_source_str": "synthetic", "velocity": 127, "instrument_str": "vocal_synthetic_003", "instrument": 37, "sample_rate": 16000, "qualities_str": ["bright", "distortion", "long_release", "nonlinear_env"], "instrument_source": 2, "note_str": "vocal_synthetic_003-036-127", "instrument_family": 10, "instrument_family_str": "vocal"}, {"qualities": [0, 0, 0, 0, 1, 0, 1, 0, 0, 0], "pitch": 95, "note": 25139, "instrument_source_str": "synthetic", "velocity": 75, "instrument_str": "vocal_synthetic_003", "instrument": 37, "sample_rate": 16000, "qualities_str": ["long_release", "nonlinear_env"], "instrument_source": 2, "note_str": "vocal_synthetic_003-095-075", "instrument_family": 10, "instrument_family_str": "vocal"}, {"qualities": [1, 0, 1, 0, 1, 0, 1, 0, 0, 0], "pitch": 30, "note": 58209, "instrument_source_str": "synthetic", "velocity": 127, "instrument_str": "vocal_synthetic_003", "instrument": 37, "sample_rate": 16000, "qualities_str": ["bright", "distortion", "long_release", "nonlinear_env"], "instrument_source": 2, "note_str": "vocal_synthetic_003-030-127", "instrument_family": 10, "instrument_family_str": "vocal"}, {"qualities": [1, 0, 1, 0, 1, 0, 1, 0, 0, 0], "pitch": 63, "note": 20259, "instrument_source_str": "synthetic", "velocity": 127, "instrument_str": "vocal_synthetic_003", "instrument": 37, "sample_rate": 16000, "qualities_str": ["bright", "distortion", "long_release", "nonlinear_env"], "instrument_source": 2, "note_str": "vocal_synthetic_003-063-127", "instrument_family": 10, "instrument_family_str": "vocal"}, {"qualities": [1, 0, 1, 0, 1, 0, 1, 0, 0, 0], "pitch": 94, "note": 26938, "instrument_source_str": "synthetic", "velocity": 50, "instrument_str": "vocal_synthetic_003", "instrument": 37, "sample_rate": 16000, "qualities_str": ["bright", "distortion", "long_release", "nonlinear_env"], "instrument_source": 2, "note_str": "vocal_synthetic_003-094-050", "instrument_family": 10, "instrument_family_str": "vocal"}, {"qualities": [0, 0, 1, 0, 1, 0, 1, 0, 0, 0], "pitch": 34, "note": 19501, "instrument_source_str": "synthetic", "velocity": 25, "instrument_str": "vocal_synthetic_003", "instrument": 37, "sample_rate": 16000, "qualities_str": ["distortion", "long_release", "nonlinear_env"], "instrument_source": 2, "note_str": "vocal_synthetic_003-034-025", "instrument_family": 10, "instrument_family_str": "vocal"}, {"qualities": [1, 0, 1, 0, 1, 0, 1, 0, 0, 0], "pitch": 54, "note": 38141, "instrument_source_str": "synthetic", "velocity": 127, "instrument_str": "vocal_synthetic_003", "instrument": 37, "sample_rate": 16000, "qualities_str": ["bright", "distortion", "long_release", "nonlinear_env"], "instrument_source": 2, "note_str": "vocal_synthetic_003-054-127", "instrument_family": 10, "instrument_family_str": "vocal"}, {"qualities": [1, 0, 1, 0, 1, 0, 1, 0, 0, 0], "pitch": 105, "note": 45827, "instrument_source_str": "synthetic", "velocity": 50, "instrument_str": "vocal_synthetic_003", "instrument": 37, "sample_rate": 16000, "qualities_str": ["bright", "distortion", "long_release", "nonlinear_env"], "instrument_source": 2, "note_str": "vocal_synthetic_003-105-050", "instrument_family": 10, "instrument_family_str": "vocal"}, {"qualities": [1, 0, 1, 0, 1, 0, 1, 0, 0, 0], "pitch": 96, "note": 19668, "instrument_source_str": "synthetic", "velocity": 50, "instrument_str": "vocal_synthetic_003", "instrument": 37, "sample_rate": 16000, "qualities_str": ["bright", "distortion", "long_release", "nonlinear_env"], "instrument_source": 2, "note_str": "vocal_synthetic_003-096-050", "instrument_family": 10, "instrument_family_str": "vocal"}, {"qualities": [1, 0, 1, 0, 1, 0, 1, 0, 0, 0], "pitch": 75, "note": 15606, "instrument_source_str": "synthetic", "velocity": 127, "instrument_str": "vocal_synthetic_003", "instrument": 37, "sample_rate": 16000, "qualities_str": ["bright", "distortion", "long_release", "nonlinear_env"], "instrument_source": 2, "note_str": "vocal_synthetic_003-075-127", "instrument_family": 10, "instrument_family_str": "vocal"}, {"qualities": [1, 0, 1, 0, 1, 0, 1, 0, 0, 0], "pitch": 71, "note": 678, "instrument_source_str": "synthetic", "velocity": 75, "instrument_str": "vocal_synthetic_003", "instrument": 37, "sample_rate": 16000, "qualities_str": ["bright", "distortion", "long_release", "nonlinear_env"], "instrument_source": 2, "note_str": "vocal_synthetic_003-071-075", "instrument_family": 10, "instrument_family_str": "vocal"}, {"qualities": [1, 0, 1, 0, 1, 0, 1, 0, 0, 0], "pitch": 82, "note": 52303, "instrument_source_str": "synthetic", "velocity": 25, "instrument_str": "vocal_synthetic_003", "instrument": 37, "sample_rate": 16000, "qualities_str": ["bright", "distortion", "long_release", "nonlinear_env"], "instrument_source": 2, "note_str": "vocal_synthetic_003-082-025", "instrument_family": 10, "instrument_family_str": "vocal"}, {"qualities": [0, 0, 1, 0, 1, 0, 1, 0, 0, 0], "pitch": 42, "note": 50254, "instrument_source_str": "synthetic", "velocity": 50, "instrument_str": "vocal_synthetic_003", "instrument": 37, "sample_rate": 16000, "qualities_str": ["distortion", "long_release", "nonlinear_env"], "instrument_source": 2, "note_str": "vocal_synthetic_003-042-050", "instrument_family": 10, "instrument_family_str": "vocal"}, {"qualities": [1, 0, 1, 0, 1, 0, 1, 0, 0, 0], "pitch": 73, "note": 7177, "instrument_source_str": "synthetic", "velocity": 50, "instrument_str": "vocal_synthetic_003", "instrument": 37, "sample_rate": 16000, "qualities_str": ["bright", "distortion", "long_release", "nonlinear_env"], "instrument_source": 2, "note_str": "vocal_synthetic_003-073-050", "instrument_family": 10, "instrument_family_str": "vocal"}, {"qualities": [0, 0, 0, 0, 0, 0, 0, 0, 1, 0], "pitch": 50, "note": 34488, "instrument_source_str": "acoustic", "velocity": 25, "instrument_str": "vocal_acoustic_000", "instrument": 46, "sample_rate": 16000, "qualities_str": ["reverb"], "instrument_source": 0, "note_str": "vocal_acoustic_000-050-025", "instrument_family": 10, "instrument_family_str": "vocal"}, {"qualities": [1, 0, 1, 0, 1, 0, 1, 0, 0, 0], "pitch": 80, "note": 46950, "instrument_source_str": "synthetic", "velocity": 50, "instrument_str": "vocal_synthetic_003", "instrument": 37, "sample_rate": 16000, "qualities_str": ["bright", "distortion", "long_release", "nonlinear_env"], "instrument_source": 2, "note_str": "vocal_synthetic_003-080-050", "instrument_family": 10, "instrument_family_str": "vocal"}, {"qualities": [1, 0, 1, 0, 1, 0, 1, 0, 0, 0], "pitch": 77, "note": 43438, "instrument_source_str": "synthetic", "velocity": 25, "instrument_str": "vocal_synthetic_003", "instrument": 37, "sample_rate": 16000, "qualities_str": ["bright", "distortion", "long_release", "nonlinear_env"], "instrument_source": 2, "note_str": "vocal_synthetic_003-077-025", "instrument_family": 10, "instrument_family_str": "vocal"}, {"qualities": [1, 0, 1, 0, 1, 0, 1, 0, 0, 0], "pitch": 90, "note": 439, "instrument_source_str": "synthetic", "velocity": 50, "instrument_str": "vocal_synthetic_003", "instrument": 37, "sample_rate": 16000, "qualities_str": ["bright", "distortion", "long_release", "nonlinear_env"], "instrument_source": 2, "note_str": "vocal_synthetic_003-090-050", "instrument_family": 10, "instrument_family_str": "vocal"}, {"qualities": [0, 0, 0, 0, 0, 0, 0, 0, 1, 0], "pitch": 64, "note": 12425, "instrument_source_str": "acoustic", "velocity": 75, "instrument_str": "vocal_acoustic_000", "instrument": 46, "sample_rate": 16000, "qualities_str": ["reverb"], "instrument_source": 0, "note_str": "vocal_acoustic_000-064-075", "instrument_family": 10, "instrument_family_str": "vocal"}, {"qualities": [0, 0, 1, 0, 1, 0, 1, 0, 0, 0], "pitch": 27, "note": 39701, "instrument_source_str": "synthetic", "velocity": 75, "instrument_str": "vocal_synthetic_003", "instrument": 37, "sample_rate": 16000, "qualities_str": ["distortion", "long_release", "nonlinear_env"], "instrument_source": 2, "note_str": "vocal_synthetic_003-027-075", "instrument_family": 10, "instrument_family_str": "vocal"}, {"qualities": [1, 0, 1, 0, 1, 0, 1, 0, 0, 0], "pitch": 40, "note": 25540, "instrument_source_str": "synthetic", "velocity": 127, "instrument_str": "vocal_synthetic_003", "instrument": 37, "sample_rate": 16000, "qualities_str": ["bright", "distortion", "long_release", "nonlinear_env"], "instrument_source": 2, "note_str": "vocal_synthetic_003-040-127", "instrument_family": 10, "instrument_family_str": "vocal"}, {"qualities": [1, 0, 1, 0, 1, 0, 1, 0, 0, 0], "pitch": 65, "note": 47404, "instrument_source_str": "synthetic", "velocity": 127, "instrument_str": "vocal_synthetic_003", "instrument": 37, "sample_rate": 16000, "qualities_str": ["bright", "distortion", "long_release", "nonlinear_env"], "instrument_source": 2, "note_str": "vocal_synthetic_003-065-127", "instrument_family": 10, "instrument_family_str": "vocal"}, {"qualities": [1, 0, 1, 0, 1, 0, 1, 0, 0, 0], "pitch": 108, "note": 52076, "instrument_source_str": "synthetic", "velocity": 50, "instrument_str": "vocal_synthetic_003", "instrument": 37, "sample_rate": 16000, "qualities_str": ["bright", "distortion", "long_release", "nonlinear_env"], "instrument_source": 2, "note_str": "vocal_synthetic_003-108-050", "instrument_family": 10, "instrument_family_str": "vocal"}, {"qualities": [1, 0, 1, 0, 1, 0, 1, 0, 0, 0], "pitch": 78, "note": 11250, "instrument_source_str": "synthetic", "velocity": 100, "instrument_str": "vocal_synthetic_003", "instrument": 37, "sample_rate": 16000, "qualities_str": ["bright", "distortion", "long_release", "nonlinear_env"], "instrument_source": 2, "note_str": "vocal_synthetic_003-078-100", "instrument_family": 10, "instrument_family_str": "vocal"}, {"qualities": [1, 0, 1, 0, 1, 0, 1, 0, 0, 0], "pitch": 58, "note": 50976, "instrument_source_str": "synthetic", "velocity": 100, "instrument_str": "vocal_synthetic_003", "instrument": 37, "sample_rate": 16000, "qualities_str": ["bright", "distortion", "long_release", "nonlinear_env"], "instrument_source": 2, "note_str": "vocal_synthetic_003-058-100", "instrument_family": 10, "instrument_family_str": "vocal"}, {"qualities": [1, 0, 1, 0, 1, 0, 1, 0, 0, 0], "pitch": 36, "note": 33654, "instrument_source_str": "synthetic", "velocity": 100, "instrument_str": "vocal_synthetic_003", "instrument": 37, "sample_rate": 16000, "qualities_str": ["bright", "distortion", "long_release", "nonlinear_env"], "instrument_source": 2, "note_str": "vocal_synthetic_003-036-100", "instrument_family": 10, "instrument_family_str": "vocal"}, {"qualities": [1, 0, 1, 0, 1, 0, 1, 0, 0, 0], "pitch": 48, "note": 4068, "instrument_source_str": "synthetic", "velocity": 127, "instrument_str": "vocal_synthetic_003", "instrument": 37, "sample_rate": 16000, "qualities_str": ["bright", "distortion", "long_release", "nonlinear_env"], "instrument_source": 2, "note_str": "vocal_synthetic_003-048-127", "instrument_family": 10, "instrument_family_str": "vocal"}, {"qualities": [0, 0, 0, 0, 0, 0, 0, 0, 1, 0], "pitch": 60, "note": 20373, "instrument_source_str": "acoustic", "velocity": 50, "instrument_str": "vocal_acoustic_000", "instrument": 46, "sample_rate": 16000, "qualities_str": ["reverb"], "instrument_source": 0, "note_str": "vocal_acoustic_000-060-050", "instrument_family": 10, "instrument_family_str": "vocal"}, {"qualities": [0, 0, 1, 0, 1, 0, 1, 0, 0, 0], "pitch": 22, "note": 58113, "instrument_source_str": "synthetic", "velocity": 25, "instrument_str": "vocal_synthetic_003", "instrument": 37, "sample_rate": 16000, "qualities_str": ["distortion", "long_release", "nonlinear_env"], "instrument_source": 2, "note_str": "vocal_synthetic_003-022-025", "instrument_family": 10, "instrument_family_str": "vocal"}, {"qualities": [1, 0, 1, 0, 1, 0, 1, 0, 0, 0], "pitch": 101, "note": 1773, "instrument_source_str": "synthetic", "velocity": 25, "instrument_str": "vocal_synthetic_003", "instrument": 37, "sample_rate": 16000, "qualities_str": ["bright", "distortion", "long_release", "nonlinear_env"], "instrument_source": 2, "note_str": "vocal_synthetic_003-101-025", "instrument_family": 10, "instrument_family_str": "vocal"}, {"qualities": [0, 0, 0, 0, 0, 0, 0, 0, 1, 0], "pitch": 57, "note": 46401, "instrument_source_str": "acoustic", "velocity": 127, "instrument_str": "vocal_acoustic_000", "instrument": 46, "sample_rate": 16000, "qualities_str": ["reverb"], "instrument_source": 0, "note_str": "vocal_acoustic_000-057-127", "instrument_family": 10, "instrument_family_str": "vocal"}, {"qualities": [0, 0, 0, 0, 0, 0, 0, 0, 1, 0], "pitch": 65, "note": 40294, "instrument_source_str": "acoustic", "velocity": 100, "instrument_str": "vocal_acoustic_000", "instrument": 46, "sample_rate": 16000, "qualities_str": ["reverb"], "instrument_source": 0, "note_str": "vocal_acoustic_000-065-100", "instrument_family": 10, "instrument_family_str": "vocal"}, {"qualities": [1, 0, 1, 0, 1, 0, 1, 0, 0, 0], "pitch": 81, "note": 57097, "instrument_source_str": "synthetic", "velocity": 127, "instrument_str": "vocal_synthetic_003", "instrument": 37, "sample_rate": 16000, "qualities_str": ["bright", "distortion", "long_release", "nonlinear_env"], "instrument_source": 2, "note_str": "vocal_synthetic_003-081-127", "instrument_family": 10, "instrument_family_str": "vocal"}, {"qualities": [1, 0, 1, 0, 1, 0, 1, 0, 0, 0], "pitch": 23, "note": 54272, "instrument_source_str": "synthetic", "velocity": 100, "instrument_str": "vocal_synthetic_003", "instrument": 37, "sample_rate": 16000, "qualities_str": ["bright", "distortion", "long_release", "nonlinear_env"], "instrument_source": 2, "note_str": "vocal_synthetic_003-023-100", "instrument_family": 10, "instrument_family_str": "vocal"}, {"qualities": [1, 0, 1, 0, 1, 0, 1, 0, 0, 0], "pitch": 100, "note": 47303, "instrument_source_str": "synthetic", "velocity": 50, "instrument_str": "vocal_synthetic_003", "instrument": 37, "sample_rate": 16000, "qualities_str": ["bright", "distortion", "long_release", "nonlinear_env"], "instrument_source": 2, "note_str": "vocal_synthetic_003-100-050", "instrument_family": 10, "instrument_family_str": "vocal"}, {"qualities": [0, 0, 1, 0, 1, 0, 1, 0, 0, 0], "pitch": 47, "note": 34952, "instrument_source_str": "synthetic", "velocity": 50, "instrument_str": "vocal_synthetic_003", "instrument": 37, "sample_rate": 16000, "qualities_str": ["distortion", "long_release", "nonlinear_env"], "instrument_source": 2, "note_str": "vocal_synthetic_003-047-050", "instrument_family": 10, "instrument_family_str": "vocal"}, {"qualities": [0, 0, 1, 0, 1, 0, 1, 0, 0, 0], "pitch": 36, "note": 35170, "instrument_source_str": "synthetic", "velocity": 25, "instrument_str": "vocal_synthetic_003", "instrument": 37, "sample_rate": 16000, "qualities_str": ["distortion", "long_release", "nonlinear_env"], "instrument_source": 2, "note_str": "vocal_synthetic_003-036-025", "instrument_family": 10, "instrument_family_str": "vocal"}, {"qualities": [0, 0, 0, 0, 1, 0, 1, 0, 0, 0], "pitch": 90, "note": 10959, "instrument_source_str": "synthetic", "velocity": 75, "instrument_str": "vocal_synthetic_003", "instrument": 37, "sample_rate": 16000, "qualities_str": ["long_release", "nonlinear_env"], "instrument_source": 2, "note_str": "vocal_synthetic_003-090-075", "instrument_family": 10, "instrument_family_str": "vocal"}, {"qualities": [0, 0, 0, 0, 0, 0, 0, 0, 1, 0], "pitch": 64, "note": 44014, "instrument_source_str": "acoustic", "velocity": 50, "instrument_str": "vocal_acoustic_000", "instrument": 46, "sample_rate": 16000, "qualities_str": ["reverb"], "instrument_source": 0, "note_str": "vocal_acoustic_000-064-050", "instrument_family": 10, "instrument_family_str": "vocal"}, {"qualities": [1, 0, 1, 0, 1, 0, 1, 0, 0, 0], "pitch": 85, "note": 12332, "instrument_source_str": "synthetic", "velocity": 50, "instrument_str": "vocal_synthetic_003", "instrument": 37, "sample_rate": 16000, "qualities_str": ["bright", "distortion", "long_release", "nonlinear_env"], "instrument_source": 2, "note_str": "vocal_synthetic_003-085-050", "instrument_family": 10, "instrument_family_str": "vocal"}, {"qualities": [0, 0, 0, 0, 0, 0, 0, 0, 1, 0], "pitch": 69, "note": 1455, "instrument_source_str": "acoustic", "velocity": 50, "instrument_str": "vocal_acoustic_000", "instrument": 46, "sample_rate": 16000, "qualities_str": ["reverb"], "instrument_source": 0, "note_str": "vocal_acoustic_000-069-050", "instrument_family": 10, "instrument_family_str": "vocal"}, {"qualities": [1, 0, 1, 0, 1, 0, 1, 0, 0, 0], "pitch": 103, "note": 24259, "instrument_source_str": "synthetic", "velocity": 25, "instrument_str": "vocal_synthetic_003", "instrument": 37, "sample_rate": 16000, "qualities_str": ["bright", "distortion", "long_release", "nonlinear_env"], "instrument_source": 2, "note_str": "vocal_synthetic_003-103-025", "instrument_family": 10, "instrument_family_str": "vocal"}, {"qualities": [0, 0, 1, 0, 1, 0, 1, 0, 0, 0], "pitch": 97, "note": 20339, "instrument_source_str": "synthetic", "velocity": 75, "instrument_str": "vocal_synthetic_003", "instrument": 37, "sample_rate": 16000, "qualities_str": ["distortion", "long_release", "nonlinear_env"], "instrument_source": 2, "note_str": "vocal_synthetic_003-097-075", "instrument_family": 10, "instrument_family_str": "vocal"}, {"qualities": [1, 0, 1, 0, 1, 0, 1, 0, 0, 0], "pitch": 108, "note": 1322, "instrument_source_str": "synthetic", "velocity": 127, "instrument_str": "vocal_synthetic_003", "instrument": 37, "sample_rate": 16000, "qualities_str": ["bright", "distortion", "long_release", "nonlinear_env"], "instrument_source": 2, "note_str": "vocal_synthetic_003-108-127", "instrument_family": 10, "instrument_family_str": "vocal"}, {"qualities": [1, 0, 1, 0, 1, 0, 1, 0, 0, 0], "pitch": 105, "note": 3513, "instrument_source_str": "synthetic", "velocity": 100, "instrument_str": "vocal_synthetic_003", "instrument": 37, "sample_rate": 16000, "qualities_str": ["bright", "distortion", "long_release", "nonlinear_env"], "instrument_source": 2, "note_str": "vocal_synthetic_003-105-100", "instrument_family": 10, "instrument_family_str": "vocal"}, {"qualities": [1, 0, 1, 0, 1, 0, 1, 0, 0, 0], "pitch": 56, "note": 49536, "instrument_source_str": "synthetic", "velocity": 100, "instrument_str": "vocal_synthetic_003", "instrument": 37, "sample_rate": 16000, "qualities_str": ["bright", "distortion", "long_release", "nonlinear_env"], "instrument_source": 2, "note_str": "vocal_synthetic_003-056-100", "instrument_family": 10, "instrument_family_str": "vocal"}, {"qualities": [1, 0, 1, 0, 1, 0, 1, 0, 0, 0], "pitch": 60, "note": 37828, "instrument_source_str": "synthetic", "velocity": 100, "instrument_str": "vocal_synthetic_003", "instrument": 37, "sample_rate": 16000, "qualities_str": ["bright", "distortion", "long_release", "nonlinear_env"], "instrument_source": 2, "note_str": "vocal_synthetic_003-060-100", "instrument_family": 10, "instrument_family_str": "vocal"}, {"qualities": [1, 0, 1, 0, 1, 0, 1, 0, 0, 0], "pitch": 55, "note": 30164, "instrument_source_str": "synthetic", "velocity": 127, "instrument_str": "vocal_synthetic_003", "instrument": 37, "sample_rate": 16000, "qualities_str": ["bright", "distortion", "long_release", "nonlinear_env"], "instrument_source": 2, "note_str": "vocal_synthetic_003-055-127", "instrument_family": 10, "instrument_family_str": "vocal"}, {"qualities": [0, 0, 1, 0, 1, 0, 1, 0, 0, 0], "pitch": 55, "note": 271, "instrument_source_str": "synthetic", "velocity": 50, "instrument_str": "vocal_synthetic_003", "instrument": 37, "sample_rate": 16000, "qualities_str": ["distortion", "long_release", "nonlinear_env"], "instrument_source": 2, "note_str": "vocal_synthetic_003-055-050", "instrument_family": 10, "instrument_family_str": "vocal"}, {"qualities": [1, 0, 1, 0, 1, 0, 1, 0, 0, 0], "pitch": 95, "note": 56725, "instrument_source_str": "synthetic", "velocity": 25, "instrument_str": "vocal_synthetic_003", "instrument": 37, "sample_rate": 16000, "qualities_str": ["bright", "distortion", "long_release", "nonlinear_env"], "instrument_source": 2, "note_str": "vocal_synthetic_003-095-025", "instrument_family": 10, "instrument_family_str": "vocal"}, {"qualities": [1, 0, 1, 0, 1, 0, 1, 0, 0, 0], "pitch": 68, "note": 8755, "instrument_source_str": "synthetic", "velocity": 25, "instrument_str": "vocal_synthetic_003", "instrument": 37, "sample_rate": 16000, "qualities_str": ["bright", "distortion", "long_release", "nonlinear_env"], "instrument_source": 2, "note_str": "vocal_synthetic_003-068-025", "instrument_family": 10, "instrument_family_str": "vocal"}, {"qualities": [1, 0, 1, 0, 1, 0, 1, 0, 0, 0], "pitch": 94, "note": 21394, "instrument_source_str": "synthetic", "velocity": 127, "instrument_str": "vocal_synthetic_003", "instrument": 37, "sample_rate": 16000, "qualities_str": ["bright", "distortion", "long_release", "nonlinear_env"], "instrument_source": 2, "note_str": "vocal_synthetic_003-094-127", "instrument_family": 10, "instrument_family_str": "vocal"}, {"qualities": [1, 0, 1, 0, 1, 0, 1, 0, 0, 0], "pitch": 70, "note": 49946, "instrument_source_str": "synthetic", "velocity": 75, "instrument_str": "vocal_synthetic_003", "instrument": 37, "sample_rate": 16000, "qualities_str": ["bright", "distortion", "long_release", "nonlinear_env"], "instrument_source": 2, "note_str": "vocal_synthetic_003-070-075", "instrument_family": 10, "instrument_family_str": "vocal"}, {"qualities": [1, 0, 1, 0, 1, 0, 1, 0, 0, 0], "pitch": 86, "note": 5594, "instrument_source_str": "synthetic", "velocity": 50, "instrument_str": "vocal_synthetic_003", "instrument": 37, "sample_rate": 16000, "qualities_str": ["bright", "distortion", "long_release", "nonlinear_env"], "instrument_source": 2, "note_str": "vocal_synthetic_003-086-050", "instrument_family": 10, "instrument_family_str": "vocal"}, {"qualities": [0, 0, 1, 0, 1, 0, 1, 0, 0, 0], "pitch": 45, "note": 47460, "instrument_source_str": "synthetic", "velocity": 25, "instrument_str": "vocal_synthetic_003", "instrument": 37, "sample_rate": 16000, "qualities_str": ["distortion", "long_release", "nonlinear_env"], "instrument_source": 2, "note_str": "vocal_synthetic_003-045-025", "instrument_family": 10, "instrument_family_str": "vocal"}, {"qualities": [1, 0, 1, 0, 1, 0, 1, 0, 0, 0], "pitch": 91, "note": 31646, "instrument_source_str": "synthetic", "velocity": 25, "instrument_str": "vocal_synthetic_003", "instrument": 37, "sample_rate": 16000, "qualities_str": ["bright", "distortion", "long_release", "nonlinear_env"], "instrument_source": 2, "note_str": "vocal_synthetic_003-091-025", "instrument_family": 10, "instrument_family_str": "vocal"}, {"qualities": [1, 0, 1, 0, 1, 0, 1, 0, 0, 0], "pitch": 65, "note": 19875, "instrument_source_str": "synthetic", "velocity": 100, "instrument_str": "vocal_synthetic_003", "instrument": 37, "sample_rate": 16000, "qualities_str": ["bright", "distortion", "long_release", "nonlinear_env"], "instrument_source": 2, "note_str": "vocal_synthetic_003-065-100", "instrument_family": 10, "instrument_family_str": "vocal"}, {"qualities": [1, 0, 1, 0, 1, 0, 1, 0, 0, 0], "pitch": 78, "note": 2335, "instrument_source_str": "synthetic", "velocity": 127, "instrument_str": "vocal_synthetic_003", "instrument": 37, "sample_rate": 16000, "qualities_str": ["bright", "distortion", "long_release", "nonlinear_env"], "instrument_source": 2, "note_str": "vocal_synthetic_003-078-127", "instrument_family": 10, "instrument_family_str": "vocal"}, {"qualities": [0, 0, 0, 0, 0, 0, 0, 0, 1, 0], "pitch": 67, "note": 42808, "instrument_source_str": "acoustic", "velocity": 75, "instrument_str": "vocal_acoustic_000", "instrument": 46, "sample_rate": 16000, "qualities_str": ["reverb"], "instrument_source": 0, "note_str": "vocal_acoustic_000-067-075", "instrument_family": 10, "instrument_family_str": "vocal"}, {"qualities": [0, 0, 0, 0, 1, 0, 1, 0, 0, 0], "pitch": 96, "note": 15946, "instrument_source_str": "synthetic", "velocity": 75, "instrument_str": "vocal_synthetic_003", "instrument": 37, "sample_rate": 16000, "qualities_str": ["long_release", "nonlinear_env"], "instrument_source": 2, "note_str": "vocal_synthetic_003-096-075", "instrument_family": 10, "instrument_family_str": "vocal"}, {"qualities": [1, 0, 1, 0, 1, 0, 1, 0, 0, 0], "pitch": 70, "note": 24989, "instrument_source_str": "synthetic", "velocity": 127, "instrument_str": "vocal_synthetic_003", "instrument": 37, "sample_rate": 16000, "qualities_str": ["bright", "distortion", "long_release", "nonlinear_env"], "instrument_source": 2, "note_str": "vocal_synthetic_003-070-127", "instrument_family": 10, "instrument_family_str": "vocal"}, {"qualities": [0, 0, 1, 0, 1, 0, 1, 0, 0, 0], "pitch": 50, "note": 27670, "instrument_source_str": "synthetic", "velocity": 50, "instrument_str": "vocal_synthetic_003", "instrument": 37, "sample_rate": 16000, "qualities_str": ["distortion", "long_release", "nonlinear_env"], "instrument_source": 2, "note_str": "vocal_synthetic_003-050-050", "instrument_family": 10, "instrument_family_str": "vocal"}, {"qualities": [1, 0, 1, 0, 1, 0, 1, 0, 0, 0], "pitch": 83, "note": 59459, "instrument_source_str": "synthetic", "velocity": 25, "instrument_str": "vocal_synthetic_003", "instrument": 37, "sample_rate": 16000, "qualities_str": ["bright", "distortion", "long_release", "nonlinear_env"], "instrument_source": 2, "note_str": "vocal_synthetic_003-083-025", "instrument_family": 10, "instrument_family_str": "vocal"}, {"qualities": [0, 0, 1, 0, 1, 0, 1, 0, 0, 0], "pitch": 45, "note": 56157, "instrument_source_str": "synthetic", "velocity": 50, "instrument_str": "vocal_synthetic_003", "instrument": 37, "sample_rate": 16000, "qualities_str": ["distortion", "long_release", "nonlinear_env"], "instrument_source": 2, "note_str": "vocal_synthetic_003-045-050", "instrument_family": 10, "instrument_family_str": "vocal"}, {"qualities": [1, 0, 1, 0, 1, 0, 1, 0, 0, 0], "pitch": 84, "note": 38740, "instrument_source_str": "synthetic", "velocity": 75, "instrument_str": "vocal_synthetic_003", "instrument": 37, "sample_rate": 16000, "qualities_str": ["bright", "distortion", "long_release", "nonlinear_env"], "instrument_source": 2, "note_str": "vocal_synthetic_003-084-075", "instrument_family": 10, "instrument_family_str": "vocal"}, {"qualities": [1, 0, 1, 0, 1, 0, 1, 0, 0, 0], "pitch": 100, "note": 9309, "instrument_source_str": "synthetic", "velocity": 127, "instrument_str": "vocal_synthetic_003", "instrument": 37, "sample_rate": 16000, "qualities_str": ["bright", "distortion", "long_release", "nonlinear_env"], "instrument_source": 2, "note_str": "vocal_synthetic_003-100-127", "instrument_family": 10, "instrument_family_str": "vocal"}, {"qualities": [1, 0, 1, 0, 1, 0, 1, 0, 0, 0], "pitch": 67, "note": 6220, "instrument_source_str": "synthetic", "velocity": 100, "instrument_str": "vocal_synthetic_003", "instrument": 37, "sample_rate": 16000, "qualities_str": ["bright", "distortion", "long_release", "nonlinear_env"], "instrument_source": 2, "note_str": "vocal_synthetic_003-067-100", "instrument_family": 10, "instrument_family_str": "vocal"}, {"qualities": [1, 0, 1, 0, 1, 0, 1, 0, 0, 0], "pitch": 42, "note": 58427, "instrument_source_str": "synthetic", "velocity": 127, "instrument_str": "vocal_synthetic_003", "instrument": 37, "sample_rate": 16000, "qualities_str": ["bright", "distortion", "long_release", "nonlinear_env"], "instrument_source": 2, "note_str": "vocal_synthetic_003-042-127", "instrument_family": 10, "instrument_family_str": "vocal"}, {"qualities": [1, 0, 1, 0, 1, 0, 1, 0, 0, 0], "pitch": 104, "note": 51174, "instrument_source_str": "synthetic", "velocity": 25, "instrument_str": "vocal_synthetic_003", "instrument": 37, "sample_rate": 16000, "qualities_str": ["bright", "distortion", "long_release", "nonlinear_env"], "instrument_source": 2, "note_str": "vocal_synthetic_003-104-025", "instrument_family": 10, "instrument_family_str": "vocal"}, {"qualities": [1, 0, 1, 0, 1, 0, 1, 0, 0, 0], "pitch": 72, "note": 53882, "instrument_source_str": "synthetic", "velocity": 50, "instrument_str": "vocal_synthetic_003", "instrument": 37, "sample_rate": 16000, "qualities_str": ["bright", "distortion", "long_release", "nonlinear_env"], "instrument_source": 2, "note_str": "vocal_synthetic_003-072-050", "instrument_family": 10, "instrument_family_str": "vocal"}, {"qualities": [1, 0, 1, 0, 1, 0, 1, 0, 0, 0], "pitch": 95, "note": 31315, "instrument_source_str": "synthetic", "velocity": 100, "instrument_str": "vocal_synthetic_003", "instrument": 37, "sample_rate": 16000, "qualities_str": ["bright", "distortion", "long_release", "nonlinear_env"], "instrument_source": 2, "note_str": "vocal_synthetic_003-095-100", "instrument_family": 10, "instrument_family_str": "vocal"}, {"qualities": [0, 0, 1, 0, 1, 0, 1, 0, 0, 0], "pitch": 35, "note": 33281, "instrument_source_str": "synthetic", "velocity": 75, "instrument_str": "vocal_synthetic_003", "instrument": 37, "sample_rate": 16000, "qualities_str": ["distortion", "long_release", "nonlinear_env"], "instrument_source": 2, "note_str": "vocal_synthetic_003-035-075", "instrument_family": 10, "instrument_family_str": "vocal"}, {"qualities": [1, 0, 1, 0, 1, 0, 1, 0, 0, 0], "pitch": 68, "note": 10832, "instrument_source_str": "synthetic", "velocity": 100, "instrument_str": "vocal_synthetic_003", "instrument": 37, "sample_rate": 16000, "qualities_str": ["bright", "distortion", "long_release", "nonlinear_env"], "instrument_source": 2, "note_str": "vocal_synthetic_003-068-100", "instrument_family": 10, "instrument_family_str": "vocal"}, {"qualities": [1, 0, 1, 0, 1, 0, 1, 0, 0, 0], "pitch": 50, "note": 12930, "instrument_source_str": "synthetic", "velocity": 100, "instrument_str": "vocal_synthetic_003", "instrument": 37, "sample_rate": 16000, "qualities_str": ["bright", "distortion", "long_release", "nonlinear_env"], "instrument_source": 2, "note_str": "vocal_synthetic_003-050-100", "instrument_family": 10, "instrument_family_str": "vocal"}, {"qualities": [1, 0, 1, 0, 1, 0, 1, 0, 0, 0], "pitch": 28, "note": 22338, "instrument_source_str": "synthetic", "velocity": 100, "instrument_str": "vocal_synthetic_003", "instrument": 37, "sample_rate": 16000, "qualities_str": ["bright", "distortion", "long_release", "nonlinear_env"], "instrument_source": 2, "note_str": "vocal_synthetic_003-028-100", "instrument_family": 10, "instrument_family_str": "vocal"}, {"qualities": [0, 0, 0, 0, 0, 0, 0, 0, 1, 0], "pitch": 57, "note": 6302, "instrument_source_str": "acoustic", "velocity": 25, "instrument_str": "vocal_acoustic_000", "instrument": 46, "sample_rate": 16000, "qualities_str": ["reverb"], "instrument_source": 0, "note_str": "vocal_acoustic_000-057-025", "instrument_family": 10, "instrument_family_str": "vocal"}, {"qualities": [0, 0, 0, 0, 0, 0, 0, 0, 1, 0], "pitch": 50, "note": 51624, "instrument_source_str": "acoustic", "velocity": 50, "instrument_str": "vocal_acoustic_000", "instrument": 46, "sample_rate": 16000, "qualities_str": ["reverb"], "instrument_source": 0, "note_str": "vocal_acoustic_000-050-050", "instrument_family": 10, "instrument_family_str": "vocal"}, {"qualities": [0, 0, 0, 0, 0, 0, 0, 0, 1, 0], "pitch": 54, "note": 7779, "instrument_source_str": "acoustic", "velocity": 100, "instrument_str": "vocal_acoustic_000", "instrument": 46, "sample_rate": 16000, "qualities_str": ["reverb"], "instrument_source": 0, "note_str": "vocal_acoustic_000-054-100", "instrument_family": 10, "instrument_family_str": "vocal"}, {"qualities": [0, 0, 0, 0, 0, 0, 0, 0, 1, 0], "pitch": 51, "note": 34217, "instrument_source_str": "acoustic", "velocity": 127, "instrument_str": "vocal_acoustic_000", "instrument": 46, "sample_rate": 16000, "qualities_str": ["reverb"], "instrument_source": 0, "note_str": "vocal_acoustic_000-051-127", "instrument_family": 10, "instrument_family_str": "vocal"}, {"qualities": [1, 0, 1, 0, 1, 0, 1, 0, 0, 0], "pitch": 74, "note": 27659, "instrument_source_str": "synthetic", "velocity": 50, "instrument_str": "vocal_synthetic_003", "instrument": 37, "sample_rate": 16000, "qualities_str": ["bright", "distortion", "long_release", "nonlinear_env"], "instrument_source": 2, "note_str": "vocal_synthetic_003-074-050", "instrument_family": 10, "instrument_family_str": "vocal"}, {"qualities": [1, 0, 1, 0, 1, 0, 1, 0, 0, 0], "pitch": 92, "note": 13051, "instrument_source_str": "synthetic", "velocity": 100, "instrument_str": "vocal_synthetic_003", "instrument": 37, "sample_rate": 16000, "qualities_str": ["bright", "distortion", "long_release", "nonlinear_env"], "instrument_source": 2, "note_str": "vocal_synthetic_003-092-100", "instrument_family": 10, "instrument_family_str": "vocal"}, {"qualities": [1, 0, 1, 0, 1, 0, 1, 0, 0, 0], "pitch": 79, "note": 13634, "instrument_source_str": "synthetic", "velocity": 50, "instrument_str": "vocal_synthetic_003", "instrument": 37, "sample_rate": 16000, "qualities_str": ["bright", "distortion", "long_release", "nonlinear_env"], "instrument_source": 2, "note_str": "vocal_synthetic_003-079-050", "instrument_family": 10, "instrument_family_str": "vocal"}, {"qualities": [1, 0, 1, 0, 1, 0, 1, 0, 0, 0], "pitch": 64, "note": 57714, "instrument_source_str": "synthetic", "velocity": 25, "instrument_str": "vocal_synthetic_003", "instrument": 37, "sample_rate": 16000, "qualities_str": ["bright", "distortion", "long_release", "nonlinear_env"], "instrument_source": 2, "note_str": "vocal_synthetic_003-064-025", "instrument_family": 10, "instrument_family_str": "vocal"}, {"qualities": [0, 0, 1, 0, 1, 0, 1, 0, 0, 0], "pitch": 51, "note": 8479, "instrument_source_str": "synthetic", "velocity": 75, "instrument_str": "vocal_synthetic_003", "instrument": 37, "sample_rate": 16000, "qualities_str": ["distortion", "long_release", "nonlinear_env"], "instrument_source": 2, "note_str": "vocal_synthetic_003-051-075", "instrument_family": 10, "instrument_family_str": "vocal"}, {"qualities": [0, 0, 0, 0, 0, 0, 0, 0, 1, 0], "pitch": 56, "note": 41459, "instrument_source_str": "acoustic", "velocity": 25, "instrument_str": "vocal_acoustic_000", "instrument": 46, "sample_rate": 16000, "qualities_str": ["reverb"], "instrument_source": 0, "note_str": "vocal_acoustic_000-056-025", "instrument_family": 10, "instrument_family_str": "vocal"}, {"qualities": [1, 0, 1, 0, 1, 0, 1, 0, 0, 0], "pitch": 62, "note": 29181, "instrument_source_str": "synthetic", "velocity": 50, "instrument_str": "vocal_synthetic_003", "instrument": 37, "sample_rate": 16000, "qualities_str": ["bright", "distortion", "long_release", "nonlinear_env"], "instrument_source": 2, "note_str": "vocal_synthetic_003-062-050", "instrument_family": 10, "instrument_family_str": "vocal"}, {"qualities": [1, 0, 1, 0, 1, 0, 1, 0, 0, 0], "pitch": 96, "note": 52635, "instrument_source_str": "synthetic", "velocity": 100, "instrument_str": "vocal_synthetic_003", "instrument": 37, "sample_rate": 16000, "qualities_str": ["bright", "distortion", "long_release", "nonlinear_env"], "instrument_source": 2, "note_str": "vocal_synthetic_003-096-100", "instrument_family": 10, "instrument_family_str": "vocal"}, {"qualities": [0, 0, 0, 0, 0, 0, 0, 0, 1, 0], "pitch": 59, "note": 7004, "instrument_source_str": "acoustic", "velocity": 100, "instrument_str": "vocal_acoustic_000", "instrument": 46, "sample_rate": 16000, "qualities_str": ["reverb"], "instrument_source": 0, "note_str": "vocal_acoustic_000-059-100", "instrument_family": 10, "instrument_family_str": "vocal"}, {"qualities": [1, 0, 1, 0, 1, 0, 1, 0, 0, 0], "pitch": 32, "note": 29072, "instrument_source_str": "synthetic", "velocity": 127, "instrument_str": "vocal_synthetic_003", "instrument": 37, "sample_rate": 16000, "qualities_str": ["bright", "distortion", "long_release", "nonlinear_env"], "instrument_source": 2, "note_str": "vocal_synthetic_003-032-127", "instrument_family": 10, "instrument_family_str": "vocal"}, {"qualities": [1, 0, 1, 0, 1, 0, 1, 0, 0, 0], "pitch": 92, "note": 47208, "instrument_source_str": "synthetic", "velocity": 50, "instrument_str": "vocal_synthetic_003", "instrument": 37, "sample_rate": 16000, "qualities_str": ["bright", "distortion", "long_release", "nonlinear_env"], "instrument_source": 2, "note_str": "vocal_synthetic_003-092-050", "instrument_family": 10, "instrument_family_str": "vocal"}, {"qualities": [1, 0, 1, 0, 1, 0, 1, 0, 0, 0], "pitch": 80, "note": 42721, "instrument_source_str": "synthetic", "velocity": 100, "instrument_str": "vocal_synthetic_003", "instrument": 37, "sample_rate": 16000, "qualities_str": ["bright", "distortion", "long_release", "nonlinear_env"], "instrument_source": 2, "note_str": "vocal_synthetic_003-080-100", "instrument_family": 10, "instrument_family_str": "vocal"}, {"qualities": [1, 0, 1, 0, 1, 0, 1, 0, 0, 0], "pitch": 104, "note": 19525, "instrument_source_str": "synthetic", "velocity": 127, "instrument_str": "vocal_synthetic_003", "instrument": 37, "sample_rate": 16000, "qualities_str": ["bright", "distortion", "long_release", "nonlinear_env"], "instrument_source": 2, "note_str": "vocal_synthetic_003-104-127", "instrument_family": 10, "instrument_family_str": "vocal"}, {"qualities": [0, 0, 0, 0, 0, 0, 0, 0, 1, 0], "pitch": 66, "note": 35950, "instrument_source_str": "acoustic", "velocity": 127, "instrument_str": "vocal_acoustic_000", "instrument": 46, "sample_rate": 16000, "qualities_str": ["reverb"], "instrument_source": 0, "note_str": "vocal_acoustic_000-066-127", "instrument_family": 10, "instrument_family_str": "vocal"}, {"qualities": [1, 0, 1, 0, 1, 0, 1, 0, 0, 0], "pitch": 65, "note": 19846, "instrument_source_str": "synthetic", "velocity": 50, "instrument_str": "vocal_synthetic_003", "instrument": 37, "sample_rate": 16000, "qualities_str": ["bright", "distortion", "long_release", "nonlinear_env"], "instrument_source": 2, "note_str": "vocal_synthetic_003-065-050", "instrument_family": 10, "instrument_family_str": "vocal"}, {"qualities": [0, 0, 1, 0, 1, 0, 1, 0, 0, 0], "pitch": 57, "note": 20389, "instrument_source_str": "synthetic", "velocity": 75, "instrument_str": "vocal_synthetic_003", "instrument": 37, "sample_rate": 16000, "qualities_str": ["distortion", "long_release", "nonlinear_env"], "instrument_source": 2, "note_str": "vocal_synthetic_003-057-075", "instrument_family": 10, "instrument_family_str": "vocal"}, {"qualities": [0, 0, 0, 0, 0, 0, 0, 0, 1, 0], "pitch": 55, "note": 46779, "instrument_source_str": "acoustic", "velocity": 25, "instrument_str": "vocal_acoustic_000", "instrument": 46, "sample_rate": 16000, "qualities_str": ["reverb"], "instrument_source": 0, "note_str": "vocal_acoustic_000-055-025", "instrument_family": 10, "instrument_family_str": "vocal"}, {"qualities": [1, 0, 1, 0, 1, 0, 1, 0, 0, 0], "pitch": 99, "note": 44540, "instrument_source_str": "synthetic", "velocity": 100, "instrument_str": "vocal_synthetic_003", "instrument": 37, "sample_rate": 16000, "qualities_str": ["bright", "distortion", "long_release", "nonlinear_env"], "instrument_source": 2, "note_str": "vocal_synthetic_003-099-100", "instrument_family": 10, "instrument_family_str": "vocal"}, {"qualities": [1, 0, 1, 0, 1, 0, 1, 0, 0, 0], "pitch": 27, "note": 15469, "instrument_source_str": "synthetic", "velocity": 100, "instrument_str": "vocal_synthetic_003", "instrument": 37, "sample_rate": 16000, "qualities_str": ["bright", "distortion", "long_release", "nonlinear_env"], "instrument_source": 2, "note_str": "vocal_synthetic_003-027-100", "instrument_family": 10, "instrument_family_str": "vocal"}, {"qualities": [1, 0, 1, 0, 1, 0, 1, 0, 0, 0], "pitch": 79, "note": 9988, "instrument_source_str": "synthetic", "velocity": 75, "instrument_str": "vocal_synthetic_003", "instrument": 37, "sample_rate": 16000, "qualities_str": ["bright", "distortion", "long_release", "nonlinear_env"], "instrument_source": 2, "note_str": "vocal_synthetic_003-079-075", "instrument_family": 10, "instrument_family_str": "vocal"}, {"qualities": [0, 0, 0, 0, 0, 0, 0, 0, 1, 0], "pitch": 52, "note": 48045, "instrument_source_str": "acoustic", "velocity": 127, "instrument_str": "vocal_acoustic_000", "instrument": 46, "sample_rate": 16000, "qualities_str": ["reverb"], "instrument_source": 0, "note_str": "vocal_acoustic_000-052-127", "instrument_family": 10, "instrument_family_str": "vocal"}, {"qualities": [0, 0, 1, 0, 1, 0, 1, 0, 0, 0], "pitch": 50, "note": 14449, "instrument_source_str": "synthetic", "velocity": 25, "instrument_str": "vocal_synthetic_003", "instrument": 37, "sample_rate": 16000, "qualities_str": ["distortion", "long_release", "nonlinear_env"], "instrument_source": 2, "note_str": "vocal_synthetic_003-050-025", "instrument_family": 10, "instrument_family_str": "vocal"}, {"qualities": [1, 0, 1, 0, 1, 0, 1, 0, 0, 0], "pitch": 87, "note": 9173, "instrument_source_str": "synthetic", "velocity": 127, "instrument_str": "vocal_synthetic_003", "instrument": 37, "sample_rate": 16000, "qualities_str": ["bright", "distortion", "long_release", "nonlinear_env"], "instrument_source": 2, "note_str": "vocal_synthetic_003-087-127", "instrument_family": 10, "instrument_family_str": "vocal"}, {"qualities": [1, 0, 1, 0, 1, 0, 1, 0, 0, 0], "pitch": 91, "note": 41521, "instrument_source_str": "synthetic", "velocity": 127, "instrument_str": "vocal_synthetic_003", "instrument": 37, "sample_rate": 16000, "qualities_str": ["bright", "distortion", "long_release", "nonlinear_env"], "instrument_source": 2, "note_str": "vocal_synthetic_003-091-127", "instrument_family": 10, "instrument_family_str": "vocal"}, {"qualities": [1, 0, 1, 0, 1, 0, 1, 0, 0, 0], "pitch": 74, "note": 39845, "instrument_source_str": "synthetic", "velocity": 25, "instrument_str": "vocal_synthetic_003", "instrument": 37, "sample_rate": 16000, "qualities_str": ["bright", "distortion", "long_release", "nonlinear_env"], "instrument_source": 2, "note_str": "vocal_synthetic_003-074-025", "instrument_family": 10, "instrument_family_str": "vocal"}, {"qualities": [0, 0, 0, 0, 0, 0, 0, 0, 1, 0], "pitch": 59, "note": 2004, "instrument_source_str": "acoustic", "velocity": 127, "instrument_str": "vocal_acoustic_000", "instrument": 46, "sample_rate": 16000, "qualities_str": ["reverb"], "instrument_source": 0, "note_str": "vocal_acoustic_000-059-127", "instrument_family": 10, "instrument_family_str": "vocal"}, {"qualities": [1, 0, 1, 0, 1, 0, 1, 0, 0, 0], "pitch": 56, "note": 7746, "instrument_source_str": "synthetic", "velocity": 127, "instrument_str": "vocal_synthetic_003", "instrument": 37, "sample_rate": 16000, "qualities_str": ["bright", "distortion", "long_release", "nonlinear_env"], "instrument_source": 2, "note_str": "vocal_synthetic_003-056-127", "instrument_family": 10, "instrument_family_str": "vocal"}]